competition_id,season_id,match_id,match_date,match_name,stage,player_id,player_name,team_id,team_name,opponent_id,opponent_name,is_home,position_id,position,is_starter,minutes_played,match_duration_minutes,extra_time,passes,completed_passes,passes_unknown_outcome,carries,shots,shots_on_target,goals,own_goals,assists,dribbles,completed_dribbles,pressures,tackles,interceptions,fouls_committed,fouls_won,total_pass_distance,total_carry_distance,expected_goals
43,106,3857286,2022-11-20,Qatar - Ecuador,Group Stage,12803,Romario Andrés Ibarra Mina,3565,Ecuador,3566,Qatar,0,16,Left Midfield,1,72.169817,100.383517,0,14,11,0,17,2,1,0,0,0,1,1,8,0,0,0,0,170.148306,115.510117,0.13663845
43,106,3857286,2022-11-20,Qatar - Ecuador,Group Stage,23830,Jhegson Sebastián Méndez Carabalí,3565,Ecuador,3566,Qatar,0,9,Right Defensive Midfield,1,100.383517,100.383517,0,78,76,1,61,0,0,0,0,0,0,0,9,3,0,3,1,1566.175661,241.277374,0
43,106,3857286,2022-11-20,Qatar - Ecuador,Group Stage,24085,Pervis Josué Estupiñán Tenorio,3565,Ecuador,3566,Qatar,0,6,Left Back,1,100.383517,100.383517,0,75,60,0,56,0,0,0,0,0,1,1,7,3,1,3,0,1465.181417,243.689772,0
43,106,3857286,2022-11-20,Qatar - Ecuador,Group Stage,28559,Enner Remberto Valencia Lastra,3565,Ecuador,3566,Qatar,0,22,Right Center Forward,1,81.012283,100.383517,0,20,14,0,21,2,2,2,0,0,3,2,14,0,0,1,4,264.577535,82.604804,0.87228088
43,106,3857286,2022-11-20,Qatar - Ecuador,Group Stage,30111,Felix Eduardo Torres Caicedo,3565,Ecuador,3566,Qatar,0,3,Right Center Back,1,100.383517,100.383517,0,63,50,0,43,0,0,0,0,0,1,0,4,0,1,0,0,1443.594843,231.100259,0
43,106,3857286,2022-11-20,Qatar - Ecuador,Group Stage,31152,Gonzalo Jordy Plata Jiménez,3565,Ecuador,3566,Qatar,0,12,Right Midfield,1,100.383517,100.383517,0,35,27,0,31,0,0,0,0,0,5,3,32,2,2,1,4,621.406002,200.09531,0
43,106,3857286,2022-11-20,Qatar - Ecuador,Group Stage,34396,Michael Steveen Estrada Martínez,3565,Ecuador,3566,Qatar,0,24,Left Center Forward,1,94.238933,100.383517,0,19,12,0,16,0,0,0,0,0,2,2,16,0,0,0,4,263.148229,62.613109,0
43,106,3857286,2022-11-20,Qatar - Ecuador,Group Stage,37522,Hernán Ismael Galíndez,3565,Ecuador,3566,Qatar,0,1,Goalkeeper,1,100.383517,100.383517,0,19,10,0,8,0,0,0,0,0,0,0,0,0,0,0,0,1037.383058,26.506143,0
43,106,3857286,2022-11-20,Qatar - Ecuador,Group Stage,37726,Moisés Isaac Caicedo Corozo,3565,Ecuador,3566,Qatar,0,11,Left Defensive Midfield,1,94.958633,100.383517,0,49,44,1,30,0,0,0,0,0,0,0,6,0,1,1,2,762.364649,158.046143,0
43,106,3857286,2022-11-20,Qatar - Ecuador,Group Stage,37737,Angelo Smit Preciado Quiñónez,3565,Ecuador,3566,Qatar,0,2,Right Back,1,100.383517,100.383517,0,53,42,0,31,1,0,0,0,1,0,0,13,3,2,2,1,1140.208714,121.215779,0.00660991
43,106,3857286,2022-11-20,Qatar - Ecuador,Group Stage,38004,Piero Martín Hincapié Reyna,3565,Ecuador,3566,Qatar,0,5,Left Center Back,1,100.383517,100.383517,0,72,68,0,61,0,0,0,0,0,0,0,3,0,1,0,0,1576.708593,408.598912,0
43,106,3857286,2022-11-20,Qatar - Ecuador,Group Stage,36148,José Adoni Cifuentes Charcopa,3565,Ecuador,3566,Qatar,0,22,Right Center Forward,0,19.371233,100.383517,0,9,6,0,5,0,0,0,0,0,0,0,9,0,0,2,0,134.463473,30.332707,0
43,106,3857286,2022-11-20,Qatar - Ecuador,Group Stage,37945,Alan Steven Franco Palma,3565,Ecuador,3566,Qatar,0,11,Left Defensive Midfield,0,5.424883,100.383517,0,6,6,0,6,0,0,0,0,0,0,0,1,0,0,0,0,71.074964,19.442073,0
43,106,3857286,2022-11-20,Qatar - Ecuador,Group Stage,40211,Jeremy Leonel Sarmiento Morante,3565,Ecuador,3566,Qatar,0,16,Left Midfield,0,28.2137,100.383517,0,7,6,0,8,0,0,0,0,0,1,1,8,3,0,0,1,100.620596,148.899148,0
43,106,3857286,2022-11-20,Qatar - Ecuador,Group Stage,348757,Kevin José Rodríguez Cortez,3565,Ecuador,3566,Qatar,0,23,Center Forward,0,6.144583,100.383517,0,0,0,0,0,1,0,0,0,0,0,0,4,1,0,1,0,0,0,0.13848205
43,106,3857286,2022-11-20,Qatar - Ecuador,Group Stage,40784,Akram Hassan Afif,3566,Qatar,3565,Ecuador,1,24,Left Center Forward,1,100.383517,100.383517,0,36,33,0,40,1,0,0,0,0,5,2,7,0,0,1,1,623.289471,184.212204,0.00910948
43,106,3857286,2022-11-20,Qatar - Ecuador,Group Stage,124488,Hassan Khalid Al Heidos,3566,Qatar,3565,Ecuador,1,13,Right Center Midfield,1,76.076833,100.383517,0,28,22,0,20,0,0,0,0,0,1,0,13,1,0,1,0,471.595222,47.642129,0
43,106,3857286,2022-11-20,Qatar - Ecuador,Group Stage,124492,Karim Boudiaf,3566,Qatar,3565,Ecuador,1,10,Center Defensive Midfield,1,100.383517,100.383517,0,49,42,1,37,0,0,0,0,0,0,0,12,1,0,3,0,852.867815,184.860096,0
43,106,3857286,2022-11-20,Qatar - Ecuador,Group Stage,124493,Boualem Khoukhi,3566,Qatar,3565,Ecuador,1,4,Center Back,1,100.383517,100.383517,0,76,66,0,61,0,0,0,0,0,0,0,4,1,1,0,1,1634.136396,360.787542,0
43,106,3857286,2022-11-20,Qatar - Ecuador,Group Stage,124494,Abdelkarim Hassan Al Haj Fadlalla,3566,Qatar,3565,Ecuador,1,5,Left Center Back,1,100.383517,100.383517,0,66,57,0,56,1,0,0,0,0,1,1,6,1,1,0,3,1436.064214,506.368028,0.00621732
43,106,3857286,2022-11-20,Qatar - Ecuador,Group Stage,124495,Almoez Ali Zainalabiddin Abdulla,3566,Qatar,3565,Ecuador,1,22,Right Center Forward,1,76.2279,100.383517,0,10,7,0,5,1,0,0,0,0,0,0,13,0,0,1,1,122.360666,10.059016,0.21267414
43,106,3857286,2022-11-20,Qatar - Ecuador,Group Stage,124496,Saad Abdullah Al Sheeb,3566,Qatar,3565,Ecuador,1,1,Goalkeeper,1,100.383517,100.383517,0,21,17,1,14,0,0,0,0,0,0,0,1,0,0,1,1,624.745753,67.926167,0
43,106,3857286,2022-11-20,Qatar - Ecuador,Group Stage,124503,Bassam Hisham Al Rawi,3566,Qatar,3565,Ecuador,1,3,Right Center Back,1,100.383517,100.383517,0,57,48,0,39,0,0,0,0,0,0,0,6,0,2,2,1,1557.734651,247.291466,0
43,106,3857286,2022-11-20,Qatar - Ecuador,Group Stage,124506,Pedro Miguel Correia,3566,Qatar,3565,Ecuador,1,7,Right Wing Back,1,100.383517,100.383517,0,34,26,0,26,1,0,0,0,0,3,2,6,0,0,3,3,636.651359,111.913388,0.03085534
43,106,3857286,2022-11-20,Qatar - Ecuador,Group Stage,124514,Abdulaziz Hatem Mohammed Abdullah,3566,Qatar,3565,Ecuador,1,15,Left Center Midfield,1,100.383517,100.383517,0,44,30,0,34,0,0,0,0,0,0,0,11,1,0,3,1,717.36905,191.699524,0
43,106,3857286,2022-11-20,Qatar - Ecuador,Group Stage,124900,Homam Alamin Ahmed,3566,Qatar,3565,Ecuador,1,8,Left Wing Back,1,100.383517,100.383517,0,39,29,1,32,0,0,0,0,0,5,3,11,3,1,1,2,664.727317,222.267118,0
43,106,3857286,2022-11-20,Qatar - Ecuador,Group Stage,124901,Mohammed Muntari,3566,Qatar,3565,Ecuador,1,22,Right Center Forward,0,24.155617,100.383517,0,4,3,0,3,1,0,0,0,0,0,0,4,2,0,0,0,36.641339,11.473664,0.04533267
43,106,3857286,2022-11-20,Qatar - Ecuador,Group Stage,124909,Mohammed Waed Abdulwahhab Al Bayati,3566,Qatar,3565,Ecuador,1,15,Left Center Midfield,0,24.306683,100.383517,0,4,2,0,4,0,0,0,0,0,0,0,5,1,0,1,0,56.269035,27.04886,0
43,106,3857271,2022-11-21,England - Iran,Group Stage,3233,Raheem Sterling,768,England,797,Iran,1,21,Left Wing,1,84.517283,117.155817,0,29,25,0,28,1,1,1,0,0,3,2,4,0,0,0,2,415.690428,137.705029,0.1885282
43,106,3857271,2022-11-21,England - Iran,Group Stage,3244,John Stones,768,England,797,Iran,1,3,Right Center Back,1,117.155817,117.155817,0,119,117,0,102,0,0,0,0,0,0,0,3,1,0,2,0,2721.419163,658.533128,0
43,106,3857271,2022-11-21,England - Iran,Group Stage,3308,Kieran Trippier,768,England,797,Iran,1,2,Right Back,1,117.155817,117.155817,0,104,84,1,62,1,0,0,0,0,0,0,13,5,1,0,0,2099.797775,134.69577,0.0428664
43,106,3857271,2022-11-21,England - Iran,Group Stage,3336,Harry Maguire,768,England,797,Iran,1,5,Left Center Back,1,84.532317,117.155817,0,72,64,0,55,2,0,0,0,1,1,1,4,0,0,0,0,1744.606848,347.20668,0.30296091
43,106,3857271,2022-11-21,England - Iran,Group Stage,3382,Luke Shaw,768,England,797,Iran,1,6,Left Back,1,117.155817,117.155817,0,118,104,1,91,1,0,0,0,1,0,0,4,0,1,0,1,2076.520578,421.902181,0.02154878
43,106,3857271,2022-11-21,England - Iran,Group Stage,3468,Jordan Pickford,768,England,797,Iran,1,1,Goalkeeper,1,117.155817,117.155817,0,29,18,0,17,0,0,0,0,0,0,0,0,0,0,0,0,1139.717416,34.063894,0
43,106,3857271,2022-11-21,England - Iran,Group Stage,3943,Declan Rice,768,England,797,Iran,1,11,Left Defensive Midfield,1,117.155817,117.155817,0,97,92,0,70,0,0,0,0,0,1,0,9,2,2,0,0,1953.702583,340.358143,0
43,106,3857271,2022-11-21,England - Iran,Group Stage,7843,Mason Mount,768,England,797,Iran,1,19,Center Attacking Midfield,1,84.535617,117.155817,0,37,32,1,34,1,0,0,0,0,1,1,11,1,1,2,5,706.0156,188.508692,0.06697492
43,106,3857271,2022-11-21,England - Iran,Group Stage,10955,Harry Kane,768,England,797,Iran,1,23,Center Forward,1,89.229517,117.155817,0,16,10,0,16,0,0,0,0,2,1,1,3,0,0,0,1,274.252461,91.890046,0
43,106,3857271,2022-11-21,England - Iran,Group Stage,22084,Bukayo Saka,768,England,797,Iran,1,17,Right Wing,1,84.5202,117.155817,0,29,22,0,30,3,3,2,0,0,2,1,14,3,1,2,3,465.296059,204.839215,0.16933946
43,106,3857271,2022-11-21,England - Iran,Group Stage,30714,Jude Bellingham,768,England,797,Iran,1,9,Right Defensive Midfield,1,117.155817,117.155817,0,102,94,0,76,1,1,1,0,0,2,2,13,3,0,1,2,1988.170606,378.735896,0.08285139
43,106,3857271,2022-11-21,England - Iran,Group Stage,3318,Marcus Rashford,768,England,797,Iran,1,17,Right Wing,0,32.635617,117.155817,0,20,15,0,20,2,1,1,0,0,3,2,5,0,0,1,0,299.535196,104.829975,0.48580678
43,106,3857271,2022-11-21,England - Iran,Group Stage,3616,Callum Wilson,768,England,797,Iran,1,23,Center Forward,0,27.9263,117.155817,0,5,4,0,2,0,0,0,0,1,0,0,3,0,0,0,0,50.514058,20.526561,0
43,106,3857271,2022-11-21,England - Iran,Group Stage,4354,Phil Foden,768,England,797,Iran,1,19,Center Attacking Midfield,0,32.6202,117.155817,0,21,17,1,17,0,0,0,0,0,0,0,7,0,0,1,0,344.487242,100.389004,0
43,106,3857271,2022-11-21,England - Iran,Group Stage,9638,Jack Grealish,768,England,797,Iran,1,21,Left Wing,0,32.638533,117.155817,0,19,19,0,17,1,1,1,0,0,0,0,7,1,0,0,3,222.004372,190.757531,0.6262809
43,106,3857271,2022-11-21,England - Iran,Group Stage,10956,Eric Dier,768,England,797,Iran,1,5,Left Center Back,0,32.6235,117.155817,0,29,29,0,23,0,0,0,0,0,0,0,1,0,0,0,0,559.262242,118.449818,0
43,106,3857271,2022-11-21,England - Iran,Group Stage,5220,Morteza Pouraliganji,797,Iran,768,England,0,3,Right Center Back,1,117.155817,117.155817,0,28,18,0,15,0,0,0,0,0,0,0,13,1,4,4,1,724.677988,90.97917,0
43,106,3857271,2022-11-21,England - Iran,Group Stage,5222,Roozbeh Cheshmi,797,Iran,768,England,0,4,Center Back,1,59.05985,117.155817,0,9,5,0,5,0,0,0,0,0,0,0,3,0,1,2,0,198.214168,22.807399,0
43,106,3857271,2022-11-21,England - Iran,Group Stage,5226,Mehdi Taremi,797,Iran,768,England,0,23,Center Forward,1,117.155817,117.155817,0,21,17,0,20,3,2,2,0,0,2,0,22,0,2,2,1,372.929843,120.441796,0.91122404
43,106,3857271,2022-11-21,England - Iran,Group Stage,5227,Alireza Safar Beiranvand,797,Iran,768,England,0,1,Goalkeeper,1,19.202567,117.155817,0,3,0,0,1,0,0,0,0,0,0,0,0,0,0,0,0,204.140065,8.823265,0
43,106,3857271,2022-11-21,England - Iran,Group Stage,5228,Seyed Majid Hosseini,797,Iran,768,England,0,5,Left Center Back,1,117.155817,117.155817,0,19,12,0,14,0,0,0,0,0,0,0,10,3,0,1,1,420.407451,44.846057,0
43,106,3857271,2022-11-21,England - Iran,Group Stage,5230,Ehsan Hajsafi,797,Iran,768,England,0,21,Left Wing,1,117.155817,117.155817,0,28,16,1,21,0,0,0,0,0,1,0,8,2,1,1,2,587.82658,100.488423,0
43,106,3857271,2022-11-21,England - Iran,Group Stage,5239,Alireza Jahanbakhsh,797,Iran,768,England,0,17,Right Wing,1,59.05985,117.155817,0,8,5,0,7,1,0,0,0,0,1,0,12,1,1,2,0,124.036432,58.41635,0.11232807
43,106,3857271,2022-11-21,England - Iran,Group Stage,5720,Milad Mohammadi,797,Iran,768,England,0,8,Left Wing Back,1,76.895667,117.155817,0,12,9,0,10,0,0,0,0,0,2,0,12,1,1,1,0,157.700329,51.271353,0
43,106,3857271,2022-11-21,England - Iran,Group Stage,23538,Sadegh Moharrami,797,Iran,768,England,0,7,Right Wing Back,1,117.155817,117.155817,0,26,19,0,20,0,0,0,0,0,2,1,17,2,3,3,0,371.364994,109.869577,0
43,106,3857271,2022-11-21,England - Iran,Group Stage,124167,Ahmad Nourollahi,797,Iran,768,England,0,9,Right Defensive Midfield,1,90.763217,117.155817,0,18,12,0,14,1,0,0,0,0,0,0,10,0,2,3,0,335.417438,76.930928,0.02847807
43,106,3857271,2022-11-21,England - Iran,Group Stage,125818,Ali Karimi,797,Iran,768,England,0,11,Left Defensive Midfield,1,59.05985,117.155817,0,5,3,0,3,0,0,0,0,0,0,0,14,2,0,2,1,93.750694,0,0
43,106,3857271,2022-11-21,England - Iran,Group Stage,5224,Sardar Azmoun,797,Iran,768,England,0,24,Left Center Forward,0,26.3926,117.155817,0,4,4,0,4,1,1,0,0,0,0,0,0,0,0,0,0,69.395568,52.046592,0.35130003
43,106,3857271,2022-11-21,England - Iran,Group Stage,5722,Saeid Ezatolahi Afagh,797,Iran,768,England,0,11,Left Defensive Midfield,0,58.095967,117.155817,0,9,9,0,9,1,0,0,0,0,0,0,8,0,0,0,1,234.562459,40.261055,0.00653684
43,106,3857271,2022-11-21,England - Iran,Group Stage,23874,Ali Gholizadeh,797,Iran,768,England,0,18,Right Attacking Midfield,0,58.095967,117.155817,0,16,10,0,17,0,0,0,0,1,2,0,3,0,2,0,1,264.268303,67.525796,0
43,106,3857271,2022-11-21,England - Iran,Group Stage,124161,Mehdi Torabi,797,Iran,768,England,0,20,Left Attacking Midfield,0,40.26015,117.155817,0,10,9,0,10,1,0,0,0,0,1,0,5,0,2,0,0,143.623344,45.68016,0.04579154
43,106,3857271,2022-11-21,England - Iran,Group Stage,124175,Mohammad Hossein Kanani Zadegan,797,Iran,768,England,0,3,Right Center Back,0,58.095967,117.155817,0,11,8,0,7,0,0,0,0,0,0,0,4,0,2,0,1,350.0839,70.253282,0
43,106,3857271,2022-11-21,England - Iran,Group Stage,125823,Seyed Hossein Hosseini,797,Iran,768,England,0,1,Goalkeeper,0,97.95325,117.155817,0,20,7,0,13,0,0,0,0,0,0,0,0,0,0,0,0,968.231229,49.424528,0
43,106,3857282,2022-11-21,United States - Wales,Group Stage,3086,Ben Davies,907,Wales,1839,United States,0,5,Left Center Back,1,104.549983,104.549983,0,53,41,0,34,2,1,0,0,0,1,1,8,0,1,0,1,1251.698868,216.083403,0.33066687
43,106,3857282,2022-11-21,United States - Wales,Group Stage,3488,Wayne Hennessey,907,Wales,1839,United States,0,1,Goalkeeper,1,104.549983,104.549983,0,32,22,0,14,0,0,0,0,0,0,0,0,0,0,0,0,1463.246412,55.445517,0
43,106,3857282,2022-11-21,United States - Wales,Group Stage,3517,Aaron Ramsey,907,Wales,1839,United States,0,13,Right Center Midfield,1,104.549983,104.549983,0,30,24,1,32,0,0,0,0,0,5,3,23,2,0,0,1,549.594369,107.678293,0
43,106,3857282,2022-11-21,United States - Wales,Group Stage,4767,Chris Mepham,907,Wales,1839,United States,0,3,Right Center Back,1,104.549983,104.549983,0,56,46,0,42,0,0,0,0,0,0,0,19,5,0,2,0,1191.172397,197.082225,0
43,106,3857282,2022-11-21,United States - Wales,Group Stage,4774,Connor Roberts,907,Wales,1839,United States,0,7,Right Wing Back,1,104.549983,104.549983,0,50,38,1,33,0,0,0,0,0,0,0,7,2,1,0,2,1236.613985,115.299271,0
43,106,3857282,2022-11-21,United States - Wales,Group Stage,4934,Ethan Ampadu,907,Wales,1839,United States,0,10,Center Defensive Midfield,1,98.676367,104.549983,0,41,29,0,29,1,0,0,0,0,2,1,7,3,3,1,2,862.397306,140.19641,0.01377619
43,106,3857282,2022-11-21,United States - Wales,Group Stage,6399,Gareth Frank Bale,907,Wales,1839,United States,0,22,Right Center Forward,1,104.549983,104.549983,0,25,14,1,21,1,1,1,0,0,0,0,8,1,1,2,4,428.208571,71.265282,0.7835
43,106,3857282,2022-11-21,United States - Wales,Group Stage,9540,Harry Wilson,907,Wales,1839,United States,0,15,Left Center Midfield,1,96.544633,104.549983,0,28,23,1,19,0,0,0,0,0,0,0,9,3,1,1,2,624.852804,79.804252,0
43,106,3857282,2022-11-21,United States - Wales,Group Stage,11250,Joe Rodon,907,Wales,1839,United States,0,4,Center Back,1,104.549983,104.549983,0,59,51,0,51,0,0,0,0,0,0,0,9,2,0,1,0,1406.363606,273.858245,0
43,106,3857282,2022-11-21,United States - Wales,Group Stage,11252,Daniel James,907,Wales,1839,United States,0,24,Left Center Forward,1,48.960233,104.549983,0,8,7,0,12,0,0,0,0,0,1,0,3,0,0,0,0,125.109378,43.255847,0
43,106,3857282,2022-11-21,United States - Wales,Group Stage,34794,Neco Williams,907,Wales,1839,United States,0,8,Left Wing Back,1,82.292617,104.549983,0,35,24,0,25,0,0,0,0,0,1,0,13,2,3,0,3,829.174712,270.198481,0
43,106,3857282,2022-11-21,United States - Wales,Group Stage,3853,Kieffer Roberto Francisco Moore,907,Wales,1839,United States,0,24,Left Center Forward,0,55.58975,104.549983,0,15,13,0,16,2,0,0,0,0,0,0,13,1,0,2,0,320.115933,75.324182,0.22483607
43,106,3857282,2022-11-21,United States - Wales,Group Stage,22074,Joseff Morrell,907,Wales,1839,United States,0,11,Left Defensive Midfield,0,5.873617,104.549983,0,1,1,0,0,0,0,0,0,0,0,0,4,2,0,1,0,21.124866,0,0
43,106,3857282,2022-11-21,United States - Wales,Group Stage,29377,Brennan Johnson,907,Wales,1839,United States,0,12,Right Midfield,0,22.257367,104.549983,0,6,3,0,6,1,1,0,0,0,1,0,2,0,0,0,1,98.003712,63.308842,0.04255688
43,106,3857282,2022-11-21,United States - Wales,Group Stage,50528,Sorba Thomas,907,Wales,1839,United States,0,16,Left Midfield,0,8.00535,104.549983,0,4,3,0,5,0,0,0,0,0,1,0,3,1,0,0,0,120.787516,40.102949,0
43,106,3857282,2022-11-21,United States - Wales,Group Stage,3377,Timothy Weah,1839,United States,907,Wales,1,17,Right Wing,1,91.517567,104.549983,0,28,24,0,24,1,1,1,0,0,0,0,6,0,0,0,0,561.977618,126.767481,0.20100605
43,106,3857282,2022-11-21,United States - Wales,Group Stage,4614,Antonee Robinson,1839,United States,907,Wales,1,6,Left Back,1,104.549983,104.549983,0,63,49,0,50,0,0,0,0,0,0,0,11,2,3,2,0,1188.944029,364.676652,0
43,106,3857282,2022-11-21,United States - Wales,Group Stage,8246,Christian Pulisic,1839,United States,907,Wales,1,21,Left Wing,1,104.549983,104.549983,0,51,30,0,55,0,0,0,0,1,2,1,14,1,0,0,4,1013.954437,511.409125,0
43,106,3857282,2022-11-21,United States - Wales,Group Stage,8526,Weston McKennie,1839,United States,907,Wales,1,13,Right Center Midfield,1,69.164683,104.549983,0,35,27,0,28,0,0,0,0,0,0,0,13,0,0,4,0,631.316042,85.784777,0
43,106,3857282,2022-11-21,United States - Wales,Group Stage,12352,Matthew Charles Turner,1839,United States,907,Wales,1,1,Goalkeeper,1,104.549983,104.549983,0,31,22,1,19,0,0,0,0,0,0,0,0,0,0,0,2,1169.948472,66.478825,0
43,106,3857282,2022-11-21,United States - Wales,Group Stage,12524,Walker Zimmerman,1839,United States,907,Wales,1,3,Right Center Back,1,104.549983,104.549983,0,85,82,0,71,0,0,0,0,0,0,0,5,0,1,1,0,1934.672069,216.401304,0
43,106,3857282,2022-11-21,United States - Wales,Group Stage,12751,Tyler Adams,1839,United States,907,Wales,1,10,Center Defensive Midfield,1,104.549983,104.549983,0,70,63,0,53,1,0,0,0,0,1,1,17,3,2,3,0,1416.760239,258.577994,0.0198089
43,106,3857282,2022-11-21,United States - Wales,Group Stage,18242,Tim Ream,1839,United States,907,Wales,1,5,Left Center Back,1,104.549983,104.549983,0,74,68,1,62,0,0,0,0,0,0,0,12,2,3,1,1,1748.675473,235.127147,0
43,106,3857282,2022-11-21,United States - Wales,Group Stage,21881,Sergino Dest,1839,United States,907,Wales,1,2,Right Back,1,78.211333,104.549983,0,68,65,0,65,1,0,0,0,0,0,0,9,2,1,1,0,1343.437556,286.776599,0.00663378
43,106,3857282,2022-11-21,United States - Wales,Group Stage,22168,Joshua Sargent,1839,United States,907,Wales,1,23,Center Forward,1,77.448117,104.549983,0,11,10,0,10,1,0,0,0,0,0,0,16,0,0,1,0,98.857895,32.664428,0.25332773
43,106,3857282,2022-11-21,United States - Wales,Group Stage,38792,Yunus Dimoara Musah,1839,United States,907,Wales,1,15,Left Center Midfield,1,78.226717,104.549983,0,43,38,0,42,0,0,0,0,0,0,0,16,1,2,2,1,707.234114,353.976933,0
43,106,3857282,2022-11-21,United States - Wales,Group Stage,3658,DeAndre Yedlin,1839,United States,907,Wales,1,2,Right Back,0,26.33865,104.549983,0,18,12,0,11,0,0,0,0,0,0,0,1,1,0,0,0,382.03557,35.128944,0
43,106,3857282,2022-11-21,United States - Wales,Group Stage,13035,Kellyn Kai Perry-Acosta,1839,United States,907,Wales,1,15,Left Center Midfield,0,26.323267,104.549983,0,8,7,0,9,0,0,0,0,0,0,0,5,1,0,1,0,135.958698,77.2447,0
43,106,3857282,2022-11-21,United States - Wales,Group Stage,22008,Haji Wright,1839,United States,907,Wales,1,23,Center Forward,0,27.101867,104.549983,0,4,4,0,5,1,0,0,0,0,0,0,1,0,0,0,1,56.515556,13.678883,0.0274338
43,106,3857282,2022-11-21,United States - Wales,Group Stage,23789,Jordan Morris,1839,United States,907,Wales,1,17,Right Wing,0,13.032417,104.549983,0,3,2,0,3,0,0,0,0,0,0,0,1,0,0,0,0,18.475704,39.765512,0
43,106,3857282,2022-11-21,United States - Wales,Group Stage,24243,Brenden Aaronson,1839,United States,907,Wales,1,13,Right Center Midfield,0,35.3853,104.549983,0,18,17,0,22,1,0,0,0,0,3,1,10,1,1,1,1,221.745457,107.786042,0.09428854
43,106,3857285,2022-11-21,Senegal - Netherlands,Group Stage,2941,Ismaïla Sarr,787,Senegal,941,Netherlands,1,21,Left Wing,1,102.855067,102.855067,0,22,14,1,26,3,0,0,0,0,2,2,6,3,1,1,5,302.821745,274.805726,0.15876755
43,106,3857285,2022-11-21,Senegal - Netherlands,Group Stage,3404,Youssouf Sabaly,787,Senegal,941,Netherlands,1,2,Right Back,1,102.855067,102.855067,0,70,61,0,49,2,1,0,0,0,0,0,8,2,2,2,0,1117.974251,299.682746,0.01789219
43,106,3857285,2022-11-21,Senegal - Netherlands,Group Stage,3436,Idrissa Gana Gueye,787,Senegal,941,Netherlands,1,19,Center Attacking Midfield,1,102.855067,102.855067,0,44,36,0,38,2,1,0,0,0,0,0,20,0,0,1,0,811.22646,223.806315,0.09034776
43,106,3857285,2022-11-21,Senegal - Netherlands,Group Stage,3684,Cheikhou Kouyaté,787,Senegal,941,Netherlands,1,9,Right Defensive Midfield,1,75.910217,102.855067,0,26,21,1,18,0,0,0,0,0,1,1,10,0,1,1,2,420.876836,50.195434,0
43,106,3857285,2022-11-21,Senegal - Netherlands,Group Stage,4506,Nampalys Mendy,787,Senegal,941,Netherlands,1,11,Left Defensive Midfield,1,102.855067,102.855067,0,50,38,0,37,0,0,0,0,0,0,0,15,3,0,2,2,1162.614008,197.613337,0
43,106,3857285,2022-11-21,Senegal - Netherlands,Group Stage,5675,Kalidou Koulibaly,787,Senegal,941,Netherlands,1,3,Right Center Back,1,102.855067,102.855067,0,48,40,1,32,0,0,0,0,0,0,0,11,1,2,1,0,1225.626155,233.926722,0
43,106,3857285,2022-11-21,Senegal - Netherlands,Group Stage,7379,Edouard Mendy,787,Senegal,941,Netherlands,1,1,Goalkeeper,1,102.855067,102.855067,0,32,27,1,16,0,0,0,0,0,0,0,0,0,0,0,0,909.135473,69.895487,0
43,106,3857285,2022-11-21,Senegal - Netherlands,Group Stage,8553,Abdou Diallo,787,Senegal,941,Netherlands,1,6,Left Back,1,64.141833,102.855067,0,27,13,1,22,0,0,0,0,0,0,0,12,3,0,2,0,681.382045,129.815162,0
43,106,3857285,2022-11-21,Senegal - Netherlands,Group Stage,15970,Pape Abou Cissé,787,Senegal,941,Netherlands,1,5,Left Center Back,1,102.855067,102.855067,0,26,21,0,20,0,0,0,0,0,1,1,6,0,1,1,0,831.913306,119.701723,0
43,106,3857285,2022-11-21,Senegal - Netherlands,Group Stage,20611,Boulaye Dia,787,Senegal,941,Netherlands,1,23,Center Forward,1,70.921617,102.855067,0,11,11,0,11,2,1,0,0,0,1,0,3,0,0,0,2,142.71477,99.375499,0.07707965
43,106,3857285,2022-11-21,Senegal - Netherlands,Group Stage,20758,Krépin Diatta,787,Senegal,941,Netherlands,1,17,Right Wing,1,75.929083,102.855067,0,36,32,0,33,2,0,0,0,0,1,0,7,0,0,0,2,665.569596,341.465695,0.08950831
43,106,3857285,2022-11-21,Senegal - Netherlands,Group Stage,21026,Pape Gueye,787,Senegal,941,Netherlands,1,13,Right Center Midfield,0,26.94485,102.855067,0,14,9,0,6,1,1,0,0,0,0,0,2,0,1,0,0,294.732942,32.583421,0.0086501
43,106,3857285,2022-11-21,Senegal - Netherlands,Group Stage,32915,Ismail Jakobs,787,Senegal,941,Netherlands,1,6,Left Back,0,38.713233,102.855067,0,11,10,0,8,1,0,0,0,0,0,0,4,1,1,0,3,142.731402,70.900966,0.0143929
43,106,3857285,2022-11-21,Senegal - Netherlands,Group Stage,50497,Nicolas Jackson,787,Senegal,941,Netherlands,1,17,Right Wing,0,26.925983,102.855067,0,10,9,0,10,0,0,0,0,0,0,0,3,0,0,1,0,139.48631,55.276993,0
43,106,3857285,2022-11-21,Senegal - Netherlands,Group Stage,88123,Cheikh Ahmadou Bamba Mbacke Dieng,787,Senegal,941,Netherlands,1,23,Center Forward,0,31.93345,102.855067,0,3,2,0,1,2,0,0,0,0,0,0,5,1,0,1,0,86.502591,2.202272,0.23485426
43,106,3857285,2022-11-21,Senegal - Netherlands,Group Stage,3264,Vincent Janssen,941,Netherlands,787,Senegal,0,22,Right Center Forward,1,64.124033,102.855067,0,12,9,0,8,2,0,0,0,0,1,1,10,2,0,1,2,143.568661,46.042604,0.15551722
43,106,3857285,2022-11-21,Senegal - Netherlands,Group Stage,3306,Nathan Aké,941,Netherlands,787,Senegal,0,5,Left Center Back,1,102.855067,102.855067,0,64,57,0,49,0,0,0,0,0,0,0,12,1,2,2,0,1469.145309,415.93258,0
43,106,3857285,2022-11-21,Senegal - Netherlands,Group Stage,3311,Daley Blind,941,Netherlands,787,Senegal,0,8,Left Wing Back,1,102.855067,102.855067,0,58,46,1,32,1,0,0,0,0,0,0,16,1,1,2,0,1316.940333,127.629591,0.04866169
43,106,3857285,2022-11-21,Senegal - Netherlands,Group Stage,3669,Virgil van Dijk,941,Netherlands,787,Senegal,0,4,Center Back,1,102.855067,102.855067,0,61,49,1,40,2,0,0,0,0,0,0,5,0,2,1,0,1569.826315,239.308612,0.11408178
43,106,3857285,2022-11-21,Senegal - Netherlands,Group Stage,7745,Steven Berghuis,941,Netherlands,787,Senegal,0,9,Right Defensive Midfield,1,80.965433,102.855067,0,44,38,0,35,2,0,0,0,0,2,0,11,0,0,0,0,947.659822,227.285155,0.06862412
43,106,3857285,2022-11-21,Senegal - Netherlands,Group Stage,8069,Matthijs de Ligt,941,Netherlands,787,Senegal,0,3,Right Center Back,1,102.855067,102.855067,0,45,40,0,34,0,0,0,0,0,0,0,8,0,1,5,1,983.545823,185.076948,0
43,106,3857285,2022-11-21,Senegal - Netherlands,Group Stage,8118,Frenkie de Jong,941,Netherlands,787,Senegal,0,11,Left Defensive Midfield,1,102.855067,102.855067,0,67,57,1,51,0,0,0,0,1,5,4,10,3,1,1,3,1272.299966,520.415668,0
43,106,3857285,2022-11-21,Senegal - Netherlands,Group Stage,8125,Denzel Dumfries,941,Netherlands,787,Senegal,0,7,Right Wing Back,1,102.855067,102.855067,0,43,25,1,29,0,0,0,0,0,2,0,9,1,1,3,2,764.008692,213.991935,0
43,106,3857285,2022-11-21,Senegal - Netherlands,Group Stage,8259,Steven Bergwijn,941,Netherlands,787,Senegal,0,24,Left Center Forward,1,80.814117,102.855067,0,19,16,0,15,0,0,0,0,0,0,0,6,1,0,0,1,227.101685,81.373734,0
43,106,3857285,2022-11-21,Senegal - Netherlands,Group Stage,8326,Andries Noppert,941,Netherlands,787,Senegal,0,1,Goalkeeper,1,102.855067,102.855067,0,28,25,0,9,0,0,0,0,0,0,0,0,0,0,0,0,792.296696,46.407801,0
43,106,3857285,2022-11-21,Senegal - Netherlands,Group Stage,20750,Cody Mathès Gakpo,941,Netherlands,787,Senegal,0,19,Center Attacking Midfield,1,96.317333,102.855067,0,27,14,1,15,1,1,1,0,0,0,0,4,0,2,1,0,604.166686,141.675165,0.28603274
43,106,3857285,2022-11-21,Senegal - Netherlands,Group Stage,2988,Memphis Depay,941,Netherlands,787,Senegal,0,24,Left Center Forward,0,38.731033,102.855067,0,12,10,1,11,1,1,0,0,0,2,1,5,0,0,0,1,208.205552,54.813049,0.10281698
43,106,3857285,2022-11-21,Senegal - Netherlands,Group Stage,4318,Davy Klaassen,941,Netherlands,787,Senegal,0,19,Center Attacking Midfield,0,22.04095,102.855067,0,4,3,0,2,1,1,1,0,0,0,0,4,0,0,0,2,44.117546,5.907176,0.34814927
43,106,3857285,2022-11-21,Senegal - Netherlands,Group Stage,6994,Marten de Roon,941,Netherlands,787,Senegal,0,9,Right Defensive Midfield,0,6.537733,102.855067,0,1,0,1,0,0,0,0,0,0,0,0,2,0,0,0,0,11.016352,0,0
43,106,3857285,2022-11-21,Senegal - Netherlands,Group Stage,7891,Teun Koopmeiners,941,Netherlands,787,Senegal,0,9,Right Defensive Midfield,0,21.889633,102.855067,0,6,4,0,6,0,0,0,0,0,0,0,2,1,1,0,0,112.176957,20.188445,0
43,106,3857254,2022-11-22,Denmark - Tunisia,Group Stage,3043,Christian Dannemann Eriksen,776,Denmark,777,Tunisia,1,15,Left Center Midfield,1,102.3272,102.3272,0,80,66,1,70,1,1,0,0,0,5,1,10,0,0,2,0,1751.860093,218.129749,0.08509644
43,106,3857254,2022-11-22,Denmark - Tunisia,Group Stage,3570,Pierre-Emile Højbjerg,776,Denmark,777,Tunisia,1,13,Right Center Midfield,1,102.3272,102.3272,0,74,68,0,70,1,1,0,0,0,1,0,9,2,1,0,1,1607.587481,159.427068,0.00870907
43,106,3857254,2022-11-22,Denmark - Tunisia,Group Stage,3815,Kasper Schmeichel,776,Denmark,777,Tunisia,1,1,Goalkeeper,1,102.3272,102.3272,0,29,22,1,16,0,0,0,0,0,0,0,0,0,0,0,0,1201.623906,60.763085,0
43,106,3857254,2022-11-22,Denmark - Tunisia,Group Stage,3959,Andreas Christensen,776,Denmark,777,Tunisia,1,5,Left Center Back,1,102.3272,102.3272,0,82,78,1,72,1,0,0,0,0,0,0,4,1,2,0,0,1694.939293,276.752307,0.27134958
43,106,3857254,2022-11-22,Denmark - Tunisia,Group Stage,5527,Thomas Delaney,776,Denmark,777,Tunisia,1,10,Center Defensive Midfield,1,45.548133,102.3272,0,31,26,0,27,0,0,0,0,0,0,0,11,2,0,1,0,528.836845,59.29022,0
43,106,3857254,2022-11-22,Denmark - Tunisia,Group Stage,5534,Simon Thorup Kjær,776,Denmark,777,Tunisia,1,4,Center Back,1,68.700383,102.3272,0,55,50,0,48,0,0,0,0,0,0,0,4,0,2,0,0,1169.244698,215.336167,0
43,106,3857254,2022-11-22,Denmark - Tunisia,Group Stage,6302,Kasper Dolberg,776,Denmark,777,Tunisia,1,24,Left Center Forward,1,69.1891,102.3272,0,11,10,0,16,2,0,0,0,0,1,0,15,0,0,2,2,134.549782,55.264441,0.38055134
43,106,3857254,2022-11-22,Denmark - Tunisia,Group Stage,8247,Joachim Andersen,776,Denmark,777,Tunisia,1,3,Right Center Back,1,102.3272,102.3272,0,78,62,0,60,1,1,0,0,0,1,0,12,2,2,3,2,1814.348212,331.806243,0.02765422
43,106,3857254,2022-11-22,Denmark - Tunisia,Group Stage,16190,Rasmus Nissen Kristensen,776,Denmark,777,Tunisia,1,7,Right Wing Back,1,102.3272,102.3272,0,58,44,0,39,0,0,0,0,0,1,0,12,4,1,1,1,952.146486,127.196523,0
43,106,3857254,2022-11-22,Denmark - Tunisia,Group Stage,16554,Joakim Mæhle,776,Denmark,777,Tunisia,1,8,Left Wing Back,1,102.3272,102.3272,0,52,43,1,42,1,0,0,0,0,3,0,7,4,0,1,0,829.072722,207.863093,0.028684
43,106,3857254,2022-11-22,Denmark - Tunisia,Group Stage,17042,Andreas Skov Olsen,776,Denmark,777,Tunisia,1,22,Right Center Forward,1,69.18525,102.3272,0,28,19,1,30,0,0,0,0,0,0,0,9,0,0,0,0,454.150629,153.105182,0
43,106,3857254,2022-11-22,Denmark - Tunisia,Group Stage,5732,Andreas Evald Cornelius,776,Denmark,777,Tunisia,1,23,Center Forward,0,33.1381,102.3272,0,4,3,0,11,3,2,0,0,0,1,1,5,0,0,0,2,52.217955,63.105224,0.73579054
43,106,3857254,2022-11-22,Denmark - Tunisia,Group Stage,18722,Mathias Jensen,776,Denmark,777,Tunisia,1,4,Center Back,0,33.626817,102.3272,0,32,28,0,29,1,0,0,0,0,0,0,3,0,0,2,1,758.906753,95.850857,0.02872357
43,106,3857254,2022-11-22,Denmark - Tunisia,Group Stage,24443,Mikkel Damsgaard,776,Denmark,777,Tunisia,1,10,Center Defensive Midfield,0,56.779067,102.3272,0,28,22,0,25,0,0,0,0,0,0,0,4,0,2,1,0,500.74491,125.336946,0
43,106,3857254,2022-11-22,Denmark - Tunisia,Group Stage,27569,Jesper Lindstrøm,776,Denmark,777,Tunisia,1,18,Right Attacking Midfield,0,33.14195,102.3272,0,4,3,0,5,0,0,0,0,0,1,0,4,0,0,0,0,46.668721,12.416626,0
43,106,3857254,2022-11-22,Denmark - Tunisia,Group Stage,3767,Ellyes Joris Skhiri,777,Tunisia,776,Denmark,0,9,Right Defensive Midfield,1,102.3272,102.3272,0,35,30,0,26,2,0,0,0,0,1,1,21,4,0,1,1,675.754473,111.05144,0.10099209
43,106,3857254,2022-11-22,Denmark - Tunisia,Group Stage,5651,Yassine Meriah,777,Tunisia,776,Denmark,0,4,Center Back,1,102.3272,102.3272,0,53,44,1,40,1,0,0,0,0,0,0,9,2,0,2,0,1383.991864,164.786928,0.04607391
43,106,3857254,2022-11-22,Denmark - Tunisia,Group Stage,5655,Dylan Daniel Mahmoud Bronn,777,Tunisia,776,Denmark,0,3,Right Center Back,1,102.3272,102.3272,0,41,30,0,33,1,0,0,0,0,1,0,3,2,0,0,1,1038.208797,85.215371,0.05905871
43,106,3857254,2022-11-22,Denmark - Tunisia,Group Stage,9236,Mohamed Dräger,777,Tunisia,776,Denmark,0,7,Right Wing Back,1,92.0035,102.3272,0,31,23,0,21,2,0,0,0,0,2,0,14,2,1,1,1,506.97826,59.217924,0.0540321
43,106,3857254,2022-11-22,Denmark - Tunisia,Group Stage,16352,Issam Jebali,777,Tunisia,776,Denmark,0,23,Center Forward,1,84.747383,102.3272,0,18,15,0,20,3,1,0,0,0,2,1,20,2,0,2,0,228.524354,75.767785,0.59308723
43,106,3857254,2022-11-22,Denmark - Tunisia,Group Stage,23910,Youssef Msakni,777,Tunisia,776,Denmark,0,21,Left Wing,1,84.503117,102.3272,0,25,19,0,29,3,0,0,0,0,3,3,9,1,1,0,4,478.368041,191.365562,0.13956951
43,106,3857254,2022-11-22,Denmark - Tunisia,Group Stage,30681,Ali Abdi,777,Tunisia,776,Denmark,0,8,Left Wing Back,1,102.3272,102.3272,0,44,27,0,28,0,0,0,0,0,2,1,15,7,2,1,0,1009.515509,125.923384,0
43,106,3857254,2022-11-22,Denmark - Tunisia,Group Stage,32450,Montassar Omar Talbi,777,Tunisia,776,Denmark,0,5,Left Center Back,1,102.3272,102.3272,0,46,38,1,35,0,0,0,0,0,0,0,7,0,2,0,0,1058.954776,140.593488,0
43,106,3857254,2022-11-22,Denmark - Tunisia,Group Stage,35592,Anis Ben Slimane,777,Tunisia,776,Denmark,0,17,Right Wing,1,71.436767,102.3272,0,24,17,0,19,0,0,0,0,0,1,1,11,0,0,0,1,516.457409,107.642494,0
43,106,3857254,2022-11-22,Denmark - Tunisia,Group Stage,44955,Aïssa Bilal Laïdouni,777,Tunisia,776,Denmark,0,11,Left Defensive Midfield,1,92.483867,102.3272,0,45,36,1,40,1,0,0,0,0,2,1,9,5,3,1,3,754.862148,217.168769,0.06712157
43,106,3857254,2022-11-22,Denmark - Tunisia,Group Stage,105943,Aymen Dahmen,777,Tunisia,776,Denmark,0,1,Goalkeeper,1,102.3272,102.3272,0,38,25,1,25,0,0,0,0,0,0,0,0,0,0,0,0,1590.999112,158.902356,0
43,106,3857254,2022-11-22,Denmark - Tunisia,Group Stage,3557,Naïm Sliti,777,Tunisia,776,Denmark,0,17,Right Wing,0,30.890433,102.3272,0,10,6,0,14,0,0,0,0,0,2,2,3,0,1,0,1,268.285079,108.979347,0
43,106,3857254,2022-11-22,Denmark - Tunisia,Group Stage,5650,Ferjani Sassi,777,Tunisia,776,Denmark,0,11,Left Defensive Midfield,0,9.843333,102.3272,0,2,1,0,2,0,0,0,0,0,0,0,3,0,0,0,0,65.303691,6.345468,0
43,106,3857254,2022-11-22,Denmark - Tunisia,Group Stage,50988,Hannibal Mejbri,777,Tunisia,776,Denmark,0,21,Left Wing,0,17.824083,102.3272,0,2,2,0,0,0,0,0,0,0,0,0,1,0,1,0,0,36.410451,0,0
43,106,3857254,2022-11-22,Denmark - Tunisia,Group Stage,105944,Wajdi Kechrida,777,Tunisia,776,Denmark,0,7,Right Wing Back,0,10.3237,102.3272,0,1,1,0,0,0,0,0,0,0,0,0,3,1,1,0,0,15.009664,0,0
43,106,3857254,2022-11-22,Denmark - Tunisia,Group Stage,128793,Taha Yassine Khenissi,777,Tunisia,776,Denmark,0,23,Center Forward,0,17.579817,102.3272,0,2,1,0,1,0,0,0,0,0,0,0,2,0,0,2,1,35.888893,0.2,0
43,106,3857265,2022-11-22,Mexico - Poland,Group Stage,3034,Kamil Glik,789,Poland,794,Mexico,0,3,Right Center Back,1,99.452717,99.452717,0,27,25,0,20,0,0,0,0,0,0,0,7,0,1,1,0,725.93018,87.531712,0
43,106,3857265,2022-11-22,Mexico - Poland,Group Stage,3637,Grzegorz Krychowiak,789,Poland,794,Mexico,0,10,Center Defensive Midfield,1,99.452717,99.452717,0,30,19,0,21,1,0,0,0,0,0,0,12,1,1,3,2,528.325008,98.965709,0.02170277
43,106,3857265,2022-11-22,Mexico - Poland,Group Stage,4664,Sebastian Szymański,789,Poland,794,Mexico,0,15,Left Center Midfield,1,73.23135,99.452717,0,25,16,0,20,0,0,0,0,0,1,1,17,1,0,1,3,371.689168,111.02581,0
43,106,3857265,2022-11-22,Mexico - Poland,Group Stage,4734,Matty Cash,789,Poland,794,Mexico,0,2,Right Back,1,99.452717,99.452717,0,35,27,0,20,0,0,0,0,0,1,0,11,0,0,2,2,741.096995,204.61364,0
43,106,3857265,2022-11-22,Mexico - Poland,Group Stage,5660,Piotr Zieliński,789,Poland,794,Mexico,0,13,Right Center Midfield,1,89.064417,99.452717,0,29,21,0,14,0,0,0,0,0,1,1,17,3,0,1,0,550.092134,109.713191,0
43,106,3857265,2022-11-22,Mexico - Poland,Group Stage,5668,Robert Lewandowski,789,Poland,794,Mexico,0,23,Center Forward,1,99.452717,99.452717,0,24,13,0,20,2,1,0,0,0,2,1,13,1,0,1,4,466.598048,104.828997,0.84046453
43,106,3857265,2022-11-22,Mexico - Poland,Group Stage,5669,Wojciech Szczęsny,789,Poland,794,Mexico,0,1,Goalkeeper,1,99.452717,99.452717,0,40,24,2,22,0,0,0,0,0,0,0,0,0,0,0,0,2256.736736,214.450746,0
43,106,3857265,2022-11-22,Mexico - Poland,Group Stage,5673,Bartosz Bereszyński,789,Poland,794,Mexico,0,6,Left Back,1,99.452717,99.452717,0,38,30,0,20,0,0,0,0,0,2,0,10,0,2,2,0,595.286399,68.893501,0
43,106,3857265,2022-11-22,Mexico - Poland,Group Stage,31955,Jakub Kamiński,789,Poland,794,Mexico,0,12,Right Midfield,1,99.452717,99.452717,0,17,9,0,14,2,1,0,0,0,2,2,18,3,0,3,1,295.659283,70.72166,0.15126032
43,106,3857265,2022-11-22,Mexico - Poland,Group Stage,44166,Jakub Piotr Kiwior,789,Poland,794,Mexico,0,5,Left Center Back,1,99.452717,99.452717,0,48,34,0,31,1,0,0,0,0,0,0,5,1,2,0,0,1370.245611,210.150364,0.12449861
43,106,3857265,2022-11-22,Mexico - Poland,Group Stage,50502,Nicola Zalewski,789,Poland,794,Mexico,0,16,Left Midfield,1,47.062,99.452717,0,13,12,0,14,0,0,0,0,0,0,0,11,3,0,0,1,236.834554,96.07294,0
43,106,3857265,2022-11-22,Mexico - Poland,Group Stage,5665,Arkadiusz Milik,789,Poland,794,Mexico,0,22,Right Center Forward,0,10.3883,99.452717,0,7,4,0,8,0,0,0,0,0,1,1,0,0,0,0,0,133.508363,50.38101,0
43,106,3857265,2022-11-22,Mexico - Poland,Group Stage,7979,Przemysław Frankowski,789,Poland,794,Mexico,0,16,Left Midfield,0,26.221367,99.452717,0,9,7,0,11,0,0,0,0,0,1,1,2,0,1,1,1,146.567874,90.094824,0
43,106,3857265,2022-11-22,Mexico - Poland,Group Stage,11737,Krystian Bielik,789,Poland,794,Mexico,0,11,Left Defensive Midfield,0,52.390717,99.452717,0,20,18,0,15,0,0,0,0,0,3,1,12,1,1,0,0,354.851724,63.146505,0
43,106,3857265,2022-11-22,Mexico - Poland,Group Stage,5567,Edson Omar Álvarez Velázquez,794,Mexico,789,Poland,1,10,Center Defensive Midfield,1,99.452717,99.452717,0,58,44,1,42,0,0,0,0,0,1,1,14,2,3,1,0,1293.815853,287.591654,0
43,106,3857265,2022-11-22,Mexico - Poland,Group Stage,5571,Hirving Rodrigo Lozano Bahena,794,Mexico,789,Poland,1,17,Right Wing,1,99.452717,99.452717,0,33,19,0,38,1,1,0,0,0,2,2,23,6,0,4,3,571.387443,350.260521,0.02413981
43,106,3857265,2022-11-22,Mexico - Poland,Group Stage,5573,Héctor Alfredo Moreno Herrera,794,Mexico,789,Poland,1,5,Left Center Back,1,99.452717,99.452717,0,82,73,1,69,1,0,0,0,0,0,0,1,0,0,1,1,1699.824823,555.391254,0.1766503
43,106,3857265,2022-11-22,Mexico - Poland,Group Stage,5575,Héctor Miguel Herrera López,794,Mexico,789,Poland,1,13,Right Center Midfield,1,72.328333,99.452717,0,33,26,0,26,0,0,0,0,0,0,0,6,2,0,0,1,675.13876,153.630661,0
43,106,3857265,2022-11-22,Mexico - Poland,Group Stage,5576,Jesús Daniel Gallardo Vasconcelos,794,Mexico,789,Poland,1,6,Left Back,1,99.452717,99.452717,0,53,40,0,38,0,0,0,0,0,0,0,13,4,1,1,0,976.375235,145.571242,0
43,106,3857265,2022-11-22,Mexico - Poland,Group Stage,5577,Francisco Guillermo Ochoa Magaña,794,Mexico,789,Poland,1,1,Goalkeeper,1,99.452717,99.452717,0,33,32,0,21,0,0,0,0,0,0,0,0,0,0,0,0,773.052647,102.094342,0
43,106,3857265,2022-11-22,Mexico - Poland,Group Stage,26301,Ernesto Alexis Vega Rojas,794,Mexico,789,Poland,1,21,Left Wing,1,85.876017,99.452717,0,32,25,0,38,5,0,0,0,0,1,1,6,2,1,0,4,663.596723,281.36621,0.20878314
43,106,3857265,2022-11-22,Mexico - Poland,Group Stage,26368,César Jasib Montes Castro,794,Mexico,789,Poland,1,3,Right Center Back,1,99.452717,99.452717,0,67,57,0,57,0,0,0,0,0,0,0,5,2,0,2,0,1769.90434,363.433615,0
43,106,3857265,2022-11-22,Mexico - Poland,Group Stage,26400,Henry Josué Martín Mex,794,Mexico,789,Poland,1,23,Center Forward,1,72.364533,99.452717,0,12,8,0,13,1,1,0,0,0,0,0,7,1,1,1,1,156.996553,33.526222,0.06434309
43,106,3857265,2022-11-22,Mexico - Poland,Group Stage,26406,Jorge Eduardo Sánchez Ramos,794,Mexico,789,Poland,1,2,Right Back,1,99.452717,99.452717,0,52,43,0,35,1,1,0,0,0,2,1,8,2,2,3,1,1031.689119,89.941645,0.00697172
43,106,3857265,2022-11-22,Mexico - Poland,Group Stage,28825,Luis Gerardo Chávez Magallón,794,Mexico,789,Poland,1,15,Left Center Midfield,1,99.452717,99.452717,0,56,45,0,47,1,0,0,0,0,2,2,10,1,0,0,3,1231.428155,252.738348,0.00820767
43,106,3857265,2022-11-22,Mexico - Poland,Group Stage,5568,Raúl Alonso Jiménez Rodríguez,794,Mexico,789,Poland,1,23,Center Forward,0,27.088183,99.452717,0,9,6,1,5,0,0,0,0,0,0,0,1,0,0,0,0,193.789507,58.272278,0
43,106,3857265,2022-11-22,Mexico - Poland,Group Stage,15452,Carlos Uriel Antuna Romero,794,Mexico,789,Poland,1,17,Right Wing,0,13.5767,99.452717,0,4,2,0,6,1,1,0,0,0,0,0,0,0,0,0,0,61.549152,96.412185,0.0400392
43,106,3857265,2022-11-22,Mexico - Poland,Group Stage,26297,Carlos Alberto Rodríguez Gómez,794,Mexico,789,Poland,1,13,Right Center Midfield,0,27.124383,99.452717,0,20,17,0,21,0,0,0,0,0,1,1,2,0,0,1,0,459.110572,140.098445,0
43,106,3857279,2022-11-22,France - Australia,Group Stage,3009,Kylian Mbappé Lottin,771,France,792,Australia,1,21,Left Wing,1,103.46935,103.46935,0,57,42,0,55,7,1,1,0,1,9,4,5,0,0,1,0,901.92485,413.877625,1.02478608
43,106,3857279,2022-11-22,France - Australia,Group Stage,3026,Adrien Rabiot,771,France,792,Australia,1,11,Left Defensive Midfield,1,103.46935,103.46935,0,66,61,0,47,1,1,1,0,1,1,0,9,4,0,1,0,1205.559755,282.685336,0.16905431
43,106,3857279,2022-11-22,France - Australia,Group Stage,3099,Hugo Lloris,771,France,792,Australia,1,1,Goalkeeper,1,103.46935,103.46935,0,25,19,0,9,0,0,0,0,0,0,0,0,0,0,0,0,790.144789,35.230328,0
43,106,3857279,2022-11-22,France - Australia,Group Stage,3604,Olivier Giroud,771,France,792,Australia,1,23,Center Forward,1,94.83385,103.46935,0,11,10,0,5,5,2,2,0,0,0,0,14,0,0,1,0,164.572534,10.183586,1.34668773
43,106,3857279,2022-11-22,France - Australia,Group Stage,5476,Benjamin Pavard,771,France,792,Australia,1,2,Right Back,1,94.814,103.46935,0,88,81,0,64,0,0,0,0,0,1,1,1,0,1,0,0,1621.737273,193.608066,0
43,106,3857279,2022-11-22,France - Australia,Group Stage,5477,Ousmane Dembélé,771,France,792,Australia,1,17,Right Wing,1,82.575583,103.46935,0,32,25,0,34,2,0,0,0,1,3,2,9,0,0,0,2,616.179051,344.26839,0.09996938
43,106,3857279,2022-11-22,France - Australia,Group Stage,5484,Lucas Hernández Pi,771,France,792,Australia,1,6,Left Back,1,12.046633,103.46935,0,10,6,0,6,0,0,0,0,0,0,0,1,0,0,0,0,158.669339,5.028743,0
43,106,3857279,2022-11-22,France - Australia,Group Stage,5487,Antoine Griezmann,771,France,792,Australia,1,19,Center Attacking Midfield,1,103.46935,103.46935,0,76,66,1,39,3,0,0,0,0,1,0,16,3,1,0,0,1573.984397,169.816006,0.25937897
43,106,3857279,2022-11-22,France - Australia,Group Stage,8519,Dayotchanculle Upamecano,771,France,792,Australia,1,5,Left Center Back,1,103.46935,103.46935,0,118,112,0,102,0,0,0,0,0,1,0,8,3,3,0,1,2756.529367,576.500789,0
43,106,3857279,2022-11-22,France - Australia,Group Stage,10481,Aurélien Djani Tchouaméni,771,France,792,Australia,1,9,Right Defensive Midfield,1,82.40435,103.46935,0,78,74,0,63,1,0,0,0,0,0,0,5,3,0,0,3,1368.279085,449.407287,0.03582656
43,106,3857279,2022-11-22,France - Australia,Group Stage,11135,Ibrahima Konaté,771,France,792,Australia,1,3,Right Center Back,1,103.46935,103.46935,0,97,87,0,77,2,1,0,0,0,0,0,1,1,3,0,2,2033.883402,483.289953,0.17601235
43,106,3857279,2022-11-22,France - Australia,Group Stage,2972,Marcus Thuram,771,France,792,Australia,1,23,Center Forward,0,8.6355,103.46935,0,0,0,0,0,0,0,0,0,0,0,0,1,0,0,0,0,0,0,0
43,106,3857279,2022-11-22,France - Australia,Group Stage,4445,Jules Koundé,771,France,792,Australia,1,2,Right Back,0,8.65535,103.46935,0,8,7,0,6,0,0,0,0,0,0,0,0,0,0,0,0,189.449877,33.622236,0
43,106,3857279,2022-11-22,France - Australia,Group Stage,6704,Theo Bernard François Hernández,771,France,792,Australia,1,6,Left Back,0,91.422717,103.46935,0,66,60,0,53,2,1,0,0,1,1,1,8,3,1,1,4,1140.260984,372.685716,0.0587804
43,106,3857279,2022-11-22,France - Australia,Group Stage,8217,Kingsley Coman,771,France,792,Australia,1,17,Right Wing,0,20.893767,103.46935,0,13,12,0,17,0,0,0,0,0,2,1,2,0,2,0,1,193.837625,119.346298,0
43,106,3857279,2022-11-22,France - Australia,Group Stage,11990,Youssouf Fofana,771,France,792,Australia,1,9,Right Defensive Midfield,0,21.065,103.46935,0,18,18,0,10,0,0,0,0,0,0,0,3,1,0,0,1,327.223986,60.361864,0
43,106,3857279,2022-11-22,France - Australia,Group Stage,3240,Mathew Ryan,792,Australia,771,France,0,1,Goalkeeper,1,103.46935,103.46935,0,33,26,0,16,0,0,0,0,0,0,0,0,0,0,0,0,1220.48516,96.014196,0
43,106,3857279,2022-11-22,France - Australia,Group Stage,3281,Aaron Mooy,792,Australia,771,France,0,10,Center Defensive Midfield,1,103.46935,103.46935,0,67,58,0,53,0,0,0,0,0,3,2,10,2,1,2,0,1315.508577,350.242982,0
43,106,3857279,2022-11-22,France - Australia,Group Stage,5479,Aziz Eraltay Behich,792,Australia,771,France,0,6,Left Back,1,103.46935,103.46935,0,66,55,0,49,0,0,0,0,0,0,0,6,1,1,1,1,1315.018134,281.050128,0
43,106,3857279,2022-11-22,France - Australia,Group Stage,5481,Mathew Leckie,792,Australia,771,France,0,12,Right Midfield,1,103.46935,103.46935,0,29,21,1,29,0,0,0,0,1,3,2,12,1,1,0,2,409.335062,164.191749,0
43,106,3857279,2022-11-22,France - Australia,Group Stage,5490,Jackson Irvine,792,Australia,771,France,0,13,Right Center Midfield,1,90.299667,103.46935,0,35,28,0,28,1,0,0,0,0,0,0,15,2,2,4,0,649.353885,117.091637,0.08353993
43,106,3857279,2022-11-22,France - Australia,Group Stage,8346,Craig Goodwin,792,Australia,771,France,0,16,Left Midfield,1,78.9141,103.46935,0,25,18,0,17,1,1,1,0,0,0,0,8,1,0,1,0,482.535711,70.429393,0.19147108
43,106,3857279,2022-11-22,France - Australia,Group Stage,22293,Harry Souttar,792,Australia,771,France,0,3,Right Center Back,1,103.46935,103.46935,0,52,43,0,43,0,0,0,0,0,0,0,2,0,1,0,0,1305.300472,224.109612,0
43,106,3857279,2022-11-22,France - Australia,Group Stage,33477,Riley McGree,792,Australia,771,France,0,15,Left Center Midfield,1,78.664567,103.46935,0,21,18,0,19,1,0,0,0,0,0,0,8,1,0,3,0,381.10523,104.613341,0.03038466
43,106,3857279,2022-11-22,France - Australia,Group Stage,33492,Mitchell Thomas Duke,792,Australia,771,France,0,23,Center Forward,1,61.835283,103.46935,0,9,7,0,5,1,0,0,0,0,0,0,13,0,1,2,0,126.180544,24.829949,0.01789688
43,106,3857279,2022-11-22,France - Australia,Group Stage,33495,Kye Rowles,792,Australia,771,France,0,5,Left Center Back,1,103.46935,103.46935,0,61,59,0,48,0,0,0,0,0,0,0,4,1,2,0,0,1135.484325,148.157334,0
43,106,3857279,2022-11-22,France - Australia,Group Stage,33572,Nathaniel Atkinson,792,Australia,771,France,0,2,Right Back,1,90.37495,103.46935,0,37,30,0,22,0,0,0,0,0,1,0,9,4,1,0,0,755.989398,139.123921,0
43,106,3857279,2022-11-22,France - Australia,Group Stage,9430,Jason Cummings,792,Australia,771,France,0,23,Center Forward,0,41.634067,103.46935,0,6,4,0,4,0,0,0,0,0,0,0,10,0,0,0,0,130.345931,34.654756,0
43,106,3857279,2022-11-22,France - Australia,Group Stage,15957,Miloš Degenek,792,Australia,771,France,0,2,Right Back,0,13.0944,103.46935,0,10,10,0,6,0,0,0,0,0,0,0,1,0,0,0,1,193.264556,14.526873,0
43,106,3857279,2022-11-22,France - Australia,Group Stage,24475,Awer Denis Bul Mabil,792,Australia,771,France,0,16,Left Midfield,0,24.804783,103.46935,0,13,9,0,11,0,0,0,0,0,0,0,4,0,0,0,0,265.854403,64.367421,0
43,106,3857279,2022-11-22,France - Australia,Group Stage,33488,Keanu Baccus,792,Australia,771,France,0,15,Left Center Midfield,0,13.169683,103.46935,0,8,6,1,6,0,0,0,0,0,0,0,1,0,0,0,0,248.065251,40.987329,0
43,106,3857279,2022-11-22,France - Australia,Group Stage,227697,Garang Kuol,792,Australia,771,France,0,12,Right Midfield,0,24.55525,103.46935,0,3,2,0,5,0,0,0,0,0,2,1,2,0,1,1,0,56.961618,50.959425,0
43,106,3857300,2022-11-22,Argentina - Saudi Arabia,Group Stage,2995,Ángel Fabián Di María Hernández,779,Argentina,799,Saudi Arabia,1,12,Right Midfield,1,110.221033,110.221033,0,41,31,0,47,2,1,0,0,0,3,1,10,1,0,0,2,875.341631,394.878908,0.07915266
43,106,3857300,2022-11-22,Argentina - Saudi Arabia,Group Stage,3090,Nicolás Hernán Otamendi,779,Argentina,799,Saudi Arabia,1,5,Left Center Back,1,110.221033,110.221033,0,89,84,0,74,1,0,0,0,0,0,0,4,1,2,0,2,1986.368553,401.876121,0.04809326
43,106,3857300,2022-11-22,Argentina - Saudi Arabia,Group Stage,5503,Lionel Andrés Messi Cuccittini,779,Argentina,799,Saudi Arabia,1,22,Right Center Forward,1,110.221033,110.221033,0,46,33,1,45,4,3,1,0,0,4,2,7,0,0,1,2,1092.096009,277.565788,1.0709241
43,106,3857300,2022-11-22,Argentina - Saudi Arabia,Group Stage,5507,Nicolás Alejandro Tagliafico,779,Argentina,799,Saudi Arabia,1,6,Left Back,1,76.41315,110.221033,0,34,27,0,26,1,1,0,0,0,2,0,12,2,2,0,2,671.203384,81.047487,0.63619345
43,106,3857300,2022-11-22,Argentina - Saudi Arabia,Group Stage,6909,Damián Emiliano Martínez,779,Argentina,799,Saudi Arabia,1,1,Goalkeeper,1,110.221033,110.221033,0,22,21,0,16,0,0,0,0,0,0,0,0,0,0,0,0,606.196213,65.285491,0
43,106,3857300,2022-11-22,Argentina - Saudi Arabia,Group Stage,7006,Alejandro Darío Gómez,779,Argentina,799,Saudi Arabia,1,16,Left Midfield,1,64.6489,110.221033,0,25,20,0,28,1,0,0,0,0,0,0,4,1,2,1,4,499.14354,206.408391,0.01192457
43,106,3857300,2022-11-22,Argentina - Saudi Arabia,Group Stage,7797,Rodrigo Javier De Paul,779,Argentina,799,Saudi Arabia,1,9,Right Defensive Midfield,1,110.221033,110.221033,0,86,66,1,65,1,0,0,0,0,2,1,19,1,1,1,2,1856.378744,263.793353,0.05054075
43,106,3857300,2022-11-22,Argentina - Saudi Arabia,Group Stage,11456,Lautaro Javier Martínez,779,Argentina,799,Saudi Arabia,1,24,Left Center Forward,1,110.221033,110.221033,0,16,13,0,12,2,0,0,0,0,0,0,6,0,0,1,3,204.145063,33.841044,0.16492113
43,106,3857300,2022-11-22,Argentina - Saudi Arabia,Group Stage,16308,Leandro Daniel Paredes,779,Argentina,799,Saudi Arabia,1,11,Left Defensive Midfield,1,64.787483,110.221033,0,57,55,0,50,0,0,0,0,0,0,0,13,3,2,1,2,1239.248787,230.700673,0
43,106,3857300,2022-11-22,Argentina - Saudi Arabia,Group Stage,20572,Cristian Gabriel Romero,779,Argentina,799,Saudi Arabia,1,3,Right Center Back,1,64.6242,110.221033,0,61,55,0,53,0,0,0,0,0,1,1,6,0,1,1,1,1234.556728,296.881404,0
43,106,3857300,2022-11-22,Argentina - Saudi Arabia,Group Stage,29201,Nahuel Molina Lucero,779,Argentina,799,Saudi Arabia,1,2,Right Back,1,110.221033,110.221033,0,68,57,1,42,0,0,0,0,0,1,1,10,2,0,1,0,1316.021871,165.993616,0
43,106,3857300,2022-11-22,Argentina - Saudi Arabia,Group Stage,19597,Marcos Javier Acuña,779,Argentina,799,Saudi Arabia,1,6,Left Back,0,33.807883,110.221033,0,23,18,0,8,0,0,0,0,0,0,0,2,0,1,0,0,593.826091,41.320946,0
43,106,3857300,2022-11-22,Argentina - Saudi Arabia,Group Stage,27768,Lisandro Martínez,779,Argentina,799,Saudi Arabia,1,5,Left Center Back,0,45.596833,110.221033,0,32,29,1,26,1,0,0,0,0,0,0,3,1,0,0,0,720.506133,133.870572,0.33156127
43,106,3857300,2022-11-22,Argentina - Saudi Arabia,Group Stage,29560,Julián Álvarez,779,Argentina,799,Saudi Arabia,1,16,Left Midfield,0,45.572133,110.221033,0,8,0,1,6,1,1,0,0,0,0,0,7,1,0,0,1,100.3804,19.580115,0.06139005
43,106,3857300,2022-11-22,Argentina - Saudi Arabia,Group Stage,38718,Enzo Fernandez,779,Argentina,799,Saudi Arabia,1,11,Left Defensive Midfield,0,45.43355,110.221033,0,38,33,0,29,1,0,0,0,0,0,0,4,0,0,0,1,850.207779,144.320065,0.03693219
43,106,3857300,2022-11-22,Argentina - Saudi Arabia,Group Stage,5178,Salman Mohammed Al Faraj,799,Saudi Arabia,779,Argentina,0,13,Right Center Midfield,1,47.6504,110.221033,0,15,10,0,14,0,0,0,0,0,2,0,6,1,0,0,0,256.509563,29.941751,0
43,106,3857300,2022-11-22,Argentina - Saudi Arabia,Group Stage,5183,Yasir Gharsan Al Shahrani,799,Saudi Arabia,779,Argentina,0,6,Left Back,1,104.9926,110.221033,0,26,12,1,16,0,0,0,0,0,1,0,16,4,8,1,0,573.178703,50.45133,0
43,106,3857300,2022-11-22,Argentina - Saudi Arabia,Group Stage,5187,Salem Mohammed Al Dawsari,799,Saudi Arabia,779,Argentina,0,16,Left Midfield,1,110.221033,110.221033,0,24,17,0,27,1,1,1,0,0,3,2,17,1,0,1,0,380.888124,119.622772,0.03280492
43,106,3857300,2022-11-22,Argentina - Saudi Arabia,Group Stage,5713,Mohammed Kanoo,799,Saudi Arabia,779,Argentina,0,15,Left Center Midfield,1,110.221033,110.221033,0,38,29,1,33,0,0,0,0,0,2,1,11,1,1,3,2,648.395523,196.808765,0
43,106,3857300,2022-11-22,Argentina - Saudi Arabia,Group Stage,5714,Mohammed Khalil Al Owais,799,Saudi Arabia,779,Argentina,0,1,Goalkeeper,1,110.221033,110.221033,0,29,17,0,11,0,0,0,0,0,0,0,0,0,0,0,0,1533.092768,56.619803,0
43,106,3857300,2022-11-22,Argentina - Saudi Arabia,Group Stage,5715,Ali Albulayhi,799,Saudi Arabia,779,Argentina,0,5,Left Center Back,1,110.221033,110.221033,0,16,10,1,9,0,0,0,0,0,0,0,3,2,0,1,0,409.308119,65.239817,0
43,106,3857300,2022-11-22,Argentina - Saudi Arabia,Group Stage,51099,Firas Tariq Nasser Al Albirakan,799,Saudi Arabia,779,Argentina,0,12,Right Midfield,1,94.809767,110.221033,0,15,11,0,20,0,0,0,0,1,3,1,10,1,1,1,0,163.213006,125.172141,0
43,106,3857300,2022-11-22,Argentina - Saudi Arabia,Group Stage,51469,Saleh Khalid Al Shehri,799,Saudi Arabia,779,Argentina,0,23,Center Forward,1,83.737383,110.221033,0,15,10,0,13,1,1,1,0,0,2,1,25,2,0,2,0,272.480971,80.694279,0.08059228
43,106,3857300,2022-11-22,Argentina - Saudi Arabia,Group Stage,51546,Hassan Mohammed Al-Tambakti,799,Saudi Arabia,779,Argentina,0,3,Right Center Back,1,110.221033,110.221033,0,29,22,0,21,0,0,0,0,0,0,0,7,3,4,0,2,651.137016,156.162554,0
43,106,3857300,2022-11-22,Argentina - Saudi Arabia,Group Stage,51710,Saud Abdullah Abdul Hamid,799,Saudi Arabia,779,Argentina,0,2,Right Back,1,110.221033,110.221033,0,28,21,0,21,0,0,0,0,0,0,0,13,3,1,6,1,558.019058,145.546739,0
43,106,3857300,2022-11-22,Argentina - Saudi Arabia,Group Stage,56755,Abdulelah Saad Hameed Al-Malki,799,Saudi Arabia,779,Argentina,0,10,Center Defensive Midfield,1,110.221033,110.221033,0,37,29,0,25,0,0,0,0,0,0,0,18,0,3,5,1,710.093756,62.779622,0
43,106,3857300,2022-11-22,Argentina - Saudi Arabia,Group Stage,5191,Mohammed Al Burayk,799,Saudi Arabia,779,Argentina,0,16,Left Midfield,0,5.228433,110.221033,0,1,1,0,1,0,0,0,0,0,0,0,1,0,1,0,0,10.456099,3.08707,0
43,106,3857300,2022-11-22,Argentina - Saudi Arabia,Group Stage,51094,Abdulelah Al Amri,799,Saudi Arabia,779,Argentina,0,5,Left Center Back,0,16.089767,110.221033,0,1,0,0,1,0,0,0,0,0,0,0,0,0,0,0,0,56.247044,4.623851,0
43,106,3857300,2022-11-22,Argentina - Saudi Arabia,Group Stage,54144,Nawaf Shaker Al Abid,799,Saudi Arabia,779,Argentina,0,19,Center Attacking Midfield,0,46.480867,110.221033,0,6,6,0,10,1,0,0,0,0,1,0,9,0,1,1,0,79.735606,31.370239,0.04006445
43,106,3857300,2022-11-22,Argentina - Saudi Arabia,Group Stage,57620,Sultan Abdullah Salim Al Ghannam,799,Saudi Arabia,779,Argentina,0,12,Right Midfield,0,26.48365,110.221033,0,4,1,0,4,0,0,0,0,0,0,0,1,0,1,0,0,78.388979,11.080654,0
43,106,3857300,2022-11-22,Argentina - Saudi Arabia,Group Stage,121539,Haitham Mohammed Asiri,799,Saudi Arabia,779,Argentina,0,23,Center Forward,0,15.411267,110.221033,0,2,1,0,2,0,0,0,0,0,0,0,4,1,0,1,0,20.036454,3.775151,0
43,106,3857268,2022-11-23,Belgium - Canada,Group Stage,2954,Youri Tielemans,782,Belgium,1833,Canada,1,9,Right Defensive Midfield,1,49.996783,100.055683,0,19,14,0,15,0,0,0,0,0,1,1,6,1,0,0,1,454.321331,28.411752,0
43,106,3857268,2022-11-23,Belgium - Canada,Group Stage,3077,Jan Vertonghen,782,Belgium,1833,Canada,1,5,Left Center Back,1,100.055683,100.055683,0,71,55,1,62,0,0,0,0,0,0,0,6,0,0,0,2,1506.304076,207.085411,0
43,106,3857268,2022-11-23,Belgium - Canada,Group Stage,3089,Kevin De Bruyne,782,Belgium,1833,Canada,1,18,Right Attacking Midfield,1,100.055683,100.055683,0,39,29,0,35,2,1,0,0,0,3,2,10,1,1,0,0,920.161321,372.604011,0.07022849
43,106,3857268,2022-11-23,Belgium - Canada,Group Stage,3457,Michy Batshuayi Tunga,782,Belgium,1833,Canada,1,23,Center Forward,1,82.893833,100.055683,0,13,8,0,17,5,2,1,0,0,0,0,7,1,0,3,2,222.920859,92.131353,0.48505743
43,106,3857268,2022-11-23,Belgium - Canada,Group Stage,3509,Thibaut Courtois,782,Belgium,1833,Canada,1,1,Goalkeeper,1,100.055683,100.055683,0,50,42,0,27,0,0,0,0,0,0,0,0,0,0,0,0,1800.598634,75.111901,0
43,106,3857268,2022-11-23,Belgium - Canada,Group Stage,3621,Eden Hazard,782,Belgium,1833,Canada,1,20,Left Attacking Midfield,1,66.816717,100.055683,0,27,20,1,30,0,0,0,0,0,3,3,2,0,1,0,4,504.620677,269.421293,0
43,106,3857268,2022-11-23,Belgium - Canada,Group Stage,5633,Yannick Ferreira Carrasco,782,Belgium,1833,Canada,1,8,Left Wing Back,1,49.996783,100.055683,0,14,13,1,13,0,0,0,0,0,0,0,8,5,0,1,1,227.811529,47.49671,0
43,106,3857268,2022-11-23,Belgium - Canada,Group Stage,5642,Axel Witsel,782,Belgium,1833,Canada,1,11,Left Defensive Midfield,1,100.055683,100.055683,0,47,45,0,32,0,0,0,0,0,0,0,16,1,0,1,1,895.292242,153.10033,0
43,106,3857268,2022-11-23,Belgium - Canada,Group Stage,6331,Leander Dendoncker,782,Belgium,1833,Canada,1,3,Right Center Back,1,100.055683,100.055683,0,73,73,0,57,1,0,0,0,0,0,0,6,1,1,1,0,1476.736218,180.48271,0.08894938
43,106,3857268,2022-11-23,Belgium - Canada,Group Stage,6989,Timothy Castagne,782,Belgium,1833,Canada,1,7,Right Wing Back,1,100.055683,100.055683,0,43,34,1,28,0,0,0,0,0,1,0,6,2,1,1,1,844.494343,97.889819,0
43,106,3857268,2022-11-23,Belgium - Canada,Group Stage,20005,Toby Alderweireld,782,Belgium,1833,Canada,1,4,Center Back,1,100.055683,100.055683,0,75,69,1,64,0,0,0,0,1,0,0,2,0,1,0,0,2052.755366,173.742763,0
43,106,3857268,2022-11-23,Belgium - Canada,Group Stage,3176,Thomas Meunier,782,Belgium,1833,Canada,1,8,Left Wing Back,0,50.0589,100.055683,0,25,17,0,18,1,0,0,0,0,0,0,0,1,4,2,1,581.411262,88.390678,0.02580555
43,106,3857268,2022-11-23,Belgium - Canada,Group Stage,16275,Ikoma Loïs Openda,782,Belgium,1833,Canada,1,23,Center Forward,0,17.16185,100.055683,0,5,3,0,8,0,0,0,0,0,1,1,3,1,0,0,1,120.1136,116.513335,0
43,106,3857268,2022-11-23,Belgium - Canada,Group Stage,16559,Leandro Trossard,782,Belgium,1833,Canada,1,20,Left Attacking Midfield,0,33.238967,100.055683,0,13,11,0,12,0,0,0,0,0,1,0,4,0,0,0,1,194.356212,168.600467,0
43,106,3857268,2022-11-23,Belgium - Canada,Group Stage,48347,Amadou Onana,782,Belgium,1833,Canada,1,9,Right Defensive Midfield,0,50.0589,100.055683,0,20,18,0,21,0,0,0,0,0,1,1,7,4,0,2,0,374.260296,168.547371,0
43,106,3857268,2022-11-23,Belgium - Canada,Group Stage,9922,David Junior Hoilett,1833,Canada,782,Belgium,0,20,Left Attacking Midfield,1,62.408283,100.055683,0,10,6,0,12,1,0,0,0,0,1,0,2,1,0,0,1,247.594441,111.994925,0.04071268
43,106,3857268,2022-11-23,Belgium - Canada,Group Stage,11187,Stephen Antunes Eustáquio,1833,Canada,782,Belgium,0,11,Left Defensive Midfield,1,85.35355,100.055683,0,66,58,0,56,3,0,0,0,0,2,2,14,2,2,1,1,1427.832477,200.248725,0.16451264
43,106,3857268,2022-11-23,Belgium - Canada,Group Stage,11846,Steven de Sousa Vitoria,1833,Canada,782,Belgium,0,4,Center Back,1,100.055683,100.055683,0,50,44,0,39,0,0,0,0,0,0,0,6,0,2,1,2,1420.454635,197.168094,0
43,106,3857268,2022-11-23,Belgium - Canada,Group Stage,12365,Alphonso Davies,1833,Canada,782,Belgium,0,8,Left Wing Back,1,100.055683,100.055683,0,41,33,0,38,1,1,0,0,0,4,1,16,0,4,3,1,747.988381,439.071964,0.7835
43,106,3857268,2022-11-23,Belgium - Canada,Group Stage,15958,Milan Borjan,1833,Canada,782,Belgium,0,1,Goalkeeper,1,100.055683,100.055683,0,33,27,0,19,0,0,0,0,0,0,0,0,0,0,0,0,1198.346582,86.714732,0
43,106,3857268,2022-11-23,Belgium - Canada,Group Stage,16120,Richie Laryea,1833,Canada,782,Belgium,0,7,Right Wing Back,1,78.210467,100.055683,0,17,14,0,20,2,0,0,0,0,2,0,14,2,0,1,0,322.853004,158.079298,0.05664056
43,106,3857268,2022-11-23,Belgium - Canada,Group Stage,23640,Jonathan David,1833,Canada,782,Belgium,0,23,Center Forward,1,100.055683,100.055683,0,24,17,0,28,7,0,0,0,0,1,0,9,0,0,1,0,414.194845,112.538305,0.75992735
43,106,3857268,2022-11-23,Belgium - Canada,Group Stage,23828,Kamal Miller,1833,Canada,782,Belgium,0,5,Left Center Back,1,100.055683,100.055683,0,42,39,0,34,0,0,0,0,0,0,0,4,2,4,0,1,913.253916,100.499715,0
43,106,3857268,2022-11-23,Belgium - Canada,Group Stage,24024,Tajon Buchanan,1833,Canada,782,Belgium,0,18,Right Attacking Midfield,1,85.176967,100.055683,0,25,18,0,31,3,0,0,0,0,5,3,9,0,0,2,3,314.813357,196.789393,0.41123409
43,106,3857268,2022-11-23,Belgium - Canada,Group Stage,31684,Atiba Hutchinson,1833,Canada,782,Belgium,0,9,Right Defensive Midfield,1,62.687567,100.055683,0,31,27,0,22,1,0,0,0,0,0,0,7,3,0,2,1,458.755821,59.31152,0.04634635
43,106,3857268,2022-11-23,Belgium - Canada,Group Stage,44703,Alistair Johnston,1833,Canada,782,Belgium,0,3,Right Center Back,1,100.055683,100.055683,0,58,46,1,36,1,1,0,0,0,0,0,16,1,0,3,0,1188.657522,256.974571,0.03354197
43,106,3857268,2022-11-23,Belgium - Canada,Group Stage,12770,Jonathan Osorio,1833,Canada,782,Belgium,0,11,Left Defensive Midfield,0,14.702133,100.055683,0,9,8,0,11,0,0,0,0,0,1,1,3,0,0,0,0,116.044957,107.328796,0
43,106,3857268,2022-11-23,Belgium - Canada,Group Stage,16459,Cyle Larin,1833,Canada,782,Belgium,0,23,Center Forward,0,37.6474,100.055683,0,11,9,0,10,3,1,0,0,0,0,0,4,0,0,0,0,137.596571,56.705228,0.24979668
43,106,3857268,2022-11-23,Belgium - Canada,Group Stage,23363,Liam Millar,1833,Canada,782,Belgium,0,16,Left Midfield,0,14.878717,100.055683,0,9,5,0,6,0,0,0,0,0,0,0,2,0,0,1,0,181.872779,74.767155,0
43,106,3857268,2022-11-23,Belgium - Canada,Group Stage,29758,Sam Adekugbe,1833,Canada,782,Belgium,0,8,Left Wing Back,0,21.845217,100.055683,0,22,20,0,17,0,0,0,0,0,0,0,1,0,0,0,0,388.721849,111.331491,0
43,106,3857268,2022-11-23,Belgium - Canada,Group Stage,133229,Ismael Koné,1833,Canada,782,Belgium,0,9,Right Defensive Midfield,0,37.368117,100.055683,0,32,30,1,27,0,0,0,0,0,0,0,5,0,0,0,0,616.893014,202.569861,0
43,106,3857277,2022-11-23,Morocco - Croatia,Group Stage,3441,Nikola Vlašić,785,Croatia,788,Morocco,0,17,Right Wing,1,47.266583,98.327967,0,10,7,0,13,2,1,0,0,0,0,0,7,0,0,1,1,170.804749,69.304803,0.51656157
43,106,3857277,2022-11-23,Morocco - Croatia,Group Stage,3471,Dejan Lovren,785,Croatia,788,Morocco,0,3,Right Center Back,1,98.327967,98.327967,0,93,82,0,76,1,0,0,0,0,0,0,8,4,0,0,0,2411.404575,410.533359,0.2503287
43,106,3857277,2022-11-23,Morocco - Croatia,Group Stage,5456,Mateo Kovačić,785,Croatia,788,Morocco,0,15,Left Center Midfield,1,80.994983,98.327967,0,54,48,0,46,0,0,0,0,0,1,1,8,3,1,0,2,899.669037,137.799475,0
43,106,3857277,2022-11-23,Morocco - Croatia,Group Stage,5460,Andrej Kramarić,785,Croatia,788,Morocco,0,23,Center Forward,1,72.248417,98.327967,0,12,10,0,14,0,0,0,0,0,3,1,4,0,0,0,0,172.401798,102.876565,0
43,106,3857277,2022-11-23,Morocco - Croatia,Group Stage,5463,Luka Modrić,785,Croatia,788,Morocco,0,13,Right Center Midfield,1,98.327967,98.327967,0,93,77,1,72,1,0,0,0,0,1,0,17,0,4,5,3,1855.01575,473.618931,0.07320412
43,106,3857277,2022-11-23,Morocco - Croatia,Group Stage,5469,Marcelo Brozović,785,Croatia,788,Morocco,0,10,Center Defensive Midfield,1,98.327967,98.327967,0,89,77,0,75,0,0,0,0,0,2,1,21,2,1,3,2,1379.44999,282.024763,0
43,106,3857277,2022-11-23,Morocco - Croatia,Group Stage,5474,Ivan Perišić,785,Croatia,788,Morocco,0,21,Left Wing,1,91.543717,98.327967,0,41,29,0,30,1,0,0,0,0,1,0,10,2,2,1,0,748.851152,120.702912,0.00976612
43,106,3857277,2022-11-23,Morocco - Croatia,Group Stage,12625,Borna Sosa,785,Croatia,788,Morocco,0,6,Left Back,1,98.327967,98.327967,0,61,47,0,48,0,0,0,0,0,2,1,11,1,2,1,1,920.946911,145.601072,0
43,106,3857277,2022-11-23,Morocco - Croatia,Group Stage,16531,Dominik Livaković,785,Croatia,788,Morocco,0,1,Goalkeeper,1,98.327967,98.327967,0,26,26,0,14,0,0,0,0,0,0,0,0,0,0,0,0,574.487626,44.173072,0
43,106,3857277,2022-11-23,Morocco - Croatia,Group Stage,29163,Josip Juranović,785,Croatia,788,Morocco,0,2,Right Back,1,98.327967,98.327967,0,56,45,1,41,0,0,0,0,0,2,1,7,3,0,0,3,958.298616,226.616563,0
43,106,3857277,2022-11-23,Morocco - Croatia,Group Stage,33018,Joško Gvardiol,785,Croatia,788,Morocco,0,5,Left Center Back,1,98.327967,98.327967,0,115,102,0,97,0,0,0,0,0,0,0,0,0,2,1,2,2613.282503,454.06464,0
43,106,3857277,2022-11-23,Morocco - Croatia,Group Stage,11603,Mario Pašalić,785,Croatia,788,Morocco,0,17,Right Wing,0,51.061383,98.327967,0,15,14,0,13,0,0,0,0,0,0,0,7,1,0,0,0,291.706476,53.299459,0
43,106,3857277,2022-11-23,Morocco - Croatia,Group Stage,16527,Mislav Oršić,785,Croatia,788,Morocco,0,21,Left Wing,0,6.78425,98.327967,0,1,1,0,0,0,0,0,0,0,0,0,1,0,0,0,0,6.168468,0,0
43,106,3857277,2022-11-23,Morocco - Croatia,Group Stage,22041,Marko Livaja,785,Croatia,788,Morocco,0,23,Center Forward,0,26.07955,98.327967,0,9,3,0,10,0,0,0,0,0,0,0,3,1,0,0,1,115.290084,53.306356,0
43,106,3857277,2022-11-23,Morocco - Croatia,Group Stage,28914,Lovro Majer,785,Croatia,788,Morocco,0,15,Left Center Midfield,0,17.332983,98.327967,0,11,9,0,11,0,0,0,0,0,0,0,3,0,0,0,2,195.480313,52.383217,0
43,106,3857277,2022-11-23,Morocco - Croatia,Group Stage,3625,Sofiane Boufal,788,Morocco,785,Croatia,1,16,Left Midfield,1,67.0359,98.327967,0,17,14,0,25,2,0,0,0,0,3,1,12,1,1,2,1,299.006636,175.13565,0.08473692
43,106,3857277,2022-11-23,Morocco - Croatia,Group Stage,5219,Romain Saïss,788,Morocco,785,Croatia,1,5,Left Center Back,1,98.327967,98.327967,0,51,45,0,37,0,0,0,0,0,0,0,3,2,2,0,0,1457.241168,177.4245,0
43,106,3857277,2022-11-23,Morocco - Croatia,Group Stage,5234,Sofyan Amrabat,788,Morocco,785,Croatia,1,10,Center Defensive Midfield,1,98.327967,98.327967,0,47,41,0,33,0,0,0,0,0,0,0,14,1,1,3,1,974.784676,182.357544,0
43,106,3857277,2022-11-23,Morocco - Croatia,Group Stage,5237,Hakim Ziyech,788,Morocco,785,Croatia,1,12,Right Midfield,1,98.327967,98.327967,0,34,20,0,31,2,0,0,0,0,3,2,29,5,2,3,2,777.507065,100.956566,0.11861813
43,106,3857277,2022-11-23,Morocco - Croatia,Group Stage,5245,Achraf Hakimi Mouh,788,Morocco,785,Croatia,1,2,Right Back,1,98.327967,98.327967,0,51,43,0,39,1,1,0,0,0,3,2,13,4,2,1,4,647.014536,171.455665,0.01937656
43,106,3857277,2022-11-23,Morocco - Croatia,Group Stage,6301,Youssef En-Nesyri,788,Morocco,785,Croatia,1,23,Center Forward,1,83.048617,98.327967,0,15,7,2,6,1,0,0,0,0,0,0,22,0,0,0,0,264.120013,11.027214,0.03416934
43,106,3857277,2022-11-23,Morocco - Croatia,Group Stage,6785,Yassine Bounou,788,Morocco,785,Croatia,1,1,Goalkeeper,1,98.327967,98.327967,0,27,20,1,16,0,0,0,0,0,0,0,0,0,0,0,0,992.754528,51.060945,0
43,106,3857277,2022-11-23,Morocco - Croatia,Group Stage,12149,Nayef Aguerd,788,Morocco,785,Croatia,1,3,Right Center Back,1,98.327967,98.327967,0,47,41,0,35,0,0,0,0,0,0,0,3,1,1,0,0,1172.336223,141.551062,0
43,106,3857277,2022-11-23,Morocco - Croatia,Group Stage,15890,Noussair Mazraoui,788,Morocco,785,Croatia,1,6,Left Back,1,62.148783,98.327967,0,20,17,0,16,2,1,0,0,0,0,0,9,4,0,1,0,417.73379,57.302715,0.10573802
43,106,3857277,2022-11-23,Morocco - Croatia,Group Stage,23774,Selim Amallah,788,Morocco,785,Croatia,1,15,Left Center Midfield,1,98.327967,98.327967,0,13,10,0,18,0,0,0,0,0,2,1,29,4,1,4,4,288.195076,98.324994,0
43,106,3857277,2022-11-23,Morocco - Croatia,Group Stage,46258,Azzedine Ounahi,788,Morocco,785,Croatia,1,13,Right Center Midfield,1,83.489117,98.327967,0,31,22,1,33,0,0,0,0,0,1,1,21,1,2,0,0,534.191114,134.930928,0
43,106,3857277,2022-11-23,Morocco - Croatia,Group Stage,3634,Abdelhamid Sabiri,788,Morocco,785,Croatia,1,13,Right Center Midfield,0,14.83885,98.327967,0,9,7,0,8,0,0,0,0,0,0,0,0,0,2,0,0,211.527772,41.499793,0
43,106,3857277,2022-11-23,Morocco - Croatia,Group Stage,31295,Yahia Attiyat allah,788,Morocco,785,Croatia,1,6,Left Back,0,36.179183,98.327967,0,19,14,0,16,0,0,0,0,0,1,1,1,0,0,1,0,339.892113,116.176501,0
43,106,3857277,2022-11-23,Morocco - Croatia,Group Stage,59493,Abderrazak Hamdallah,788,Morocco,785,Croatia,1,23,Center Forward,0,15.27935,98.327967,0,1,0,0,0,0,0,0,0,0,0,0,1,0,0,0,0,7.892401,0,0
43,106,3857277,2022-11-23,Morocco - Croatia,Group Stage,149714,Abdessamad Ezzalzouli,788,Morocco,785,Croatia,1,16,Left Midfield,0,31.292067,98.327967,0,2,0,0,5,0,0,0,0,0,1,0,11,0,1,3,0,41.130866,139.096809,0
43,106,3857284,2022-11-23,Germany - Japan,Group Stage,3167,Antonio Rüdiger,770,Germany,778,Japan,1,3,Right Center Back,1,104.181267,104.181267,0,113,106,0,88,3,0,0,0,0,0,0,4,0,0,0,2,2550.144752,333.052885,0.22936993
43,106,3857284,2022-11-23,Germany - Japan,Group Stage,5562,Thomas Müller,770,Germany,778,Japan,1,19,Center Attacking Midfield,1,72.639167,104.181267,0,41,32,0,24,0,0,0,0,0,0,0,9,1,0,0,2,622.096839,138.256344,0
43,106,3857284,2022-11-23,Germany - Japan,Group Stage,5570,Manuel Neuer,770,Germany,778,Japan,1,1,Goalkeeper,1,104.181267,104.181267,0,55,50,1,33,0,0,0,0,0,0,0,0,0,0,0,0,1441.89753,124.07116,0
43,106,3857284,2022-11-23,Germany - Japan,Group Stage,5579,Joshua Kimmich,770,Germany,778,Japan,1,9,Right Defensive Midfield,1,104.181267,104.181267,0,97,82,0,67,4,2,0,0,0,2,0,9,0,1,0,1,2227.595562,434.476511,0.17388305
43,106,3857284,2022-11-23,Germany - Japan,Group Stage,6322,Niklas Süle,770,Germany,778,Japan,1,2,Right Back,1,104.181267,104.181267,0,102,95,1,74,1,0,0,0,0,0,0,1,0,0,0,0,1847.346413,334.852574,0.07610536
43,106,3857284,2022-11-23,Germany - Japan,Group Stage,8400,Serge Gnabry,770,Germany,778,Japan,1,17,Right Wing,1,95.04875,104.181267,0,50,39,0,37,6,3,0,0,0,0,0,6,2,0,0,0,701.098451,278.153325,0.44860555
43,106,3857284,2022-11-23,Germany - Japan,Group Stage,8966,Kai Havertz,770,Germany,778,Japan,1,23,Center Forward,1,84.261217,104.181267,0,22,17,0,14,0,0,0,0,0,1,0,14,1,0,2,0,263.454539,69.386916,0
43,106,3857284,2022-11-23,Germany - Japan,Group Stage,10287,İlkay Gündoğan,770,Germany,778,Japan,1,11,Left Defensive Midfield,1,73.113717,104.181267,0,69,64,0,56,6,3,1,0,0,1,1,3,0,0,1,0,1368.00103,325.365431,1.12895389
43,106,3857284,2022-11-23,Germany - Japan,Group Stage,12034,David Raum,770,Germany,778,Japan,1,6,Left Back,1,104.181267,104.181267,0,76,60,0,47,0,0,0,0,0,2,1,16,3,1,1,3,1442.075013,182.801013,0
43,106,3857284,2022-11-23,Germany - Japan,Group Stage,24118,Nico Schlotterbeck,770,Germany,778,Japan,1,5,Left Center Back,1,104.181267,104.181267,0,119,109,0,88,0,0,0,0,0,2,0,6,3,1,2,1,2652.1822,562.183354,0
43,106,3857284,2022-11-23,Germany - Japan,Group Stage,39565,Jamal Musiala,770,Germany,778,Japan,1,21,Left Wing,1,84.235717,104.181267,0,44,38,0,53,3,0,0,0,0,3,1,10,1,0,0,3,653.238321,334.590037,0.26407773
43,106,3857284,2022-11-23,Germany - Japan,Group Stage,6324,Leon Goretzka,770,Germany,778,Japan,1,11,Left Defensive Midfield,0,31.06755,104.181267,0,9,7,0,7,1,0,0,0,0,0,0,4,0,0,1,0,181.546902,51.092925,0.08885153
43,106,3857284,2022-11-23,Germany - Japan,Group Stage,8227,Mario Götze,770,Germany,778,Japan,1,19,Center Attacking Midfield,0,19.94555,104.181267,0,5,4,0,4,0,0,0,0,0,2,1,2,0,0,0,1,89.833605,17.427304,0
43,106,3857284,2022-11-23,Germany - Japan,Group Stage,8546,Niclas Füllkrug,770,Germany,778,Japan,1,23,Center Forward,0,19.92005,104.181267,0,4,3,0,1,1,0,0,0,0,0,0,0,0,0,0,0,48.521301,0.632456,0.03159355
43,106,3857284,2022-11-23,Germany - Japan,Group Stage,8804,Jonas Hofmann,770,Germany,778,Japan,1,17,Right Wing,0,31.5421,104.181267,0,18,15,0,17,1,1,0,0,0,1,1,2,0,0,0,0,228.303387,88.053038,0.32657883
43,106,3857284,2022-11-23,Germany - Japan,Group Stage,38837,Youssoufa Moukoko,770,Germany,778,Japan,1,22,Right Center Forward,0,9.132517,104.181267,0,2,2,0,1,0,0,0,0,0,0,0,0,0,0,0,0,35.569293,1.019804,0
43,106,3857284,2022-11-23,Germany - Japan,Group Stage,3300,Maya Yoshida,778,Japan,770,Germany,0,5,Left Center Back,1,104.181267,104.181267,0,40,32,1,21,0,0,0,0,0,2,1,2,0,2,1,0,1028.895042,143.194938,0
43,106,3857284,2022-11-23,Germany - Japan,Group Stage,3530,Hiroki Sakai,778,Japan,770,Germany,0,2,Right Back,1,79.907217,104.181267,0,24,17,0,14,1,0,0,0,0,2,1,11,5,1,1,2,499.762287,59.658323,0.28772855
43,106,3857284,2022-11-23,Germany - Japan,Group Stage,5690,Yuto Nagatomo,778,Japan,770,Germany,0,6,Left Back,1,62.573733,104.181267,0,14,10,0,5,0,0,0,0,0,0,0,5,1,1,0,0,322.696985,15.125433,0
43,106,3857284,2022-11-23,Germany - Japan,Group Stage,9411,Daichi Kamada,778,Japan,770,Germany,0,19,Center Attacking Midfield,1,104.181267,104.181267,0,21,15,0,16,1,0,0,0,0,2,1,23,2,0,0,0,511.652678,112.133107,0.06444196
43,106,3857284,2022-11-23,Germany - Japan,Group Stage,23527,Junya Ito,778,Japan,770,Germany,0,17,Right Wing,1,104.181267,104.181267,0,18,7,0,17,1,1,0,0,0,1,0,9,2,1,0,0,358.677808,172.666908,0.06845111
43,106,3857284,2022-11-23,Germany - Japan,Group Stage,23721,Wataru Endo,778,Japan,770,Germany,0,9,Right Defensive Midfield,1,104.181267,104.181267,0,31,24,0,19,0,0,0,0,0,2,1,33,3,0,3,4,558.409924,66.566257,0
43,106,3857284,2022-11-23,Germany - Japan,Group Stage,25719,Shūichi Gonda,778,Japan,770,Germany,0,1,Goalkeeper,1,104.181267,104.181267,0,35,23,2,16,0,0,0,0,0,0,0,1,0,0,1,0,1243.706498,45.405633,0
43,106,3857284,2022-11-23,Germany - Japan,Group Stage,29595,Ko Itakura,778,Japan,770,Germany,0,3,Right Center Back,1,104.181267,104.181267,0,25,22,0,12,1,0,0,0,1,0,0,9,2,1,3,0,567.844198,130.760675,0.03401618
43,106,3857284,2022-11-23,Germany - Japan,Group Stage,30628,Daizen Maeda,778,Japan,770,Germany,0,23,Center Forward,1,62.680083,104.181267,0,5,2,0,1,1,0,0,0,0,0,0,27,1,0,1,0,128.901896,4.104875,0.07710243
43,106,3857284,2022-11-23,Germany - Japan,Group Stage,31090,Takefusa Kubo,778,Japan,770,Germany,0,21,Left Wing,1,51.017533,104.181267,0,4,1,0,7,0,0,0,0,0,0,0,12,1,0,2,1,62.437038,82.738359,0
43,106,3857284,2022-11-23,Germany - Japan,Group Stage,37208,Ao Tanaka,778,Japan,770,Germany,0,11,Left Defensive Midfield,1,76.6667,104.181267,0,30,23,0,17,0,0,0,0,0,0,0,18,3,0,0,0,732.06566,58.005433,0
43,106,3857284,2022-11-23,Germany - Japan,Group Stage,8361,Ritsu Doan,778,Japan,770,Germany,0,11,Left Defensive Midfield,0,27.514567,104.181267,0,2,2,0,3,1,1,1,0,0,1,0,7,3,1,0,0,70.604966,12.187583,0.4777511
43,106,3857284,2022-11-23,Germany - Japan,Group Stage,8776,Takumi Minamino,778,Japan,770,Germany,0,21,Left Wing,0,24.27405,104.181267,0,3,1,0,3,1,1,0,0,0,0,0,3,1,0,1,0,41.386939,21.137328,0.01378489
43,106,3857284,2022-11-23,Germany - Japan,Group Stage,8949,Takuma Asano,778,Japan,770,Germany,0,23,Center Forward,0,41.501183,104.181267,0,6,5,0,8,5,1,1,0,0,0,0,8,0,0,2,0,77.482874,100.59028,0.22598335
43,106,3857284,2022-11-23,Germany - Japan,Group Stage,23730,Takehiro Tomiyasu,778,Japan,770,Germany,0,5,Left Center Back,0,53.163733,104.181267,0,19,18,0,12,0,0,0,0,0,0,0,2,0,1,0,0,399.40097,55.0888,0
43,106,3857284,2022-11-23,Germany - Japan,Group Stage,37211,Kaoru Mitoma,778,Japan,770,Germany,0,8,Left Wing Back,0,41.607533,104.181267,0,17,13,0,8,0,0,0,0,0,0,0,14,2,0,0,0,300.559414,158.487403,0
43,106,3857291,2022-11-23,Spain - Costa Rica,Group Stage,3957,César Azpilicueta Tanco,772,Spain,795,Costa Rica,1,2,Right Back,1,103.1671,103.1671,0,106,99,0,85,0,0,0,0,0,1,1,7,0,2,2,0,2037.245804,405.061899,0
43,106,3857291,2022-11-23,Spain - Costa Rica,Group Stage,4353,Aymeric Laporte,772,Spain,795,Costa Rica,1,5,Left Center Back,1,103.1671,103.1671,0,151,143,0,130,0,0,0,0,0,1,1,3,1,0,2,1,3125.832887,710.331646,0
43,106,3857291,2022-11-23,Spain - Costa Rica,Group Stage,5203,Sergio Busquets i Burgos,772,Spain,795,Costa Rica,1,10,Center Defensive Midfield,1,68.49895,103.1671,0,96,88,0,59,0,0,0,0,0,0,0,10,3,2,0,1,1752.878332,147.529297,0
43,106,3857291,2022-11-23,Spain - Costa Rica,Group Stage,5211,Jordi Alba Ramos,772,Spain,795,Costa Rica,1,6,Left Back,1,68.386133,103.1671,0,119,110,0,88,0,0,0,0,1,1,1,4,1,2,1,1,2115.6634,297.860144,0
43,106,3857291,2022-11-23,Spain - Costa Rica,Group Stage,5719,Marco Asensio Willemsen,772,Spain,795,Costa Rica,1,23,Center Forward,1,73.531833,103.1671,0,40,32,1,42,5,1,1,0,0,3,2,9,1,0,1,1,635.145475,189.045393,0.39180571
43,106,3857291,2022-11-23,Spain - Costa Rica,Group Stage,6748,Ferrán Torres García,772,Spain,795,Costa Rica,1,17,Right Wing,1,61.489533,103.1671,0,25,19,0,31,2,2,2,0,0,1,0,6,1,0,0,1,383.709053,128.309404,0.88848973
43,106,3857291,2022-11-23,Spain - Costa Rica,Group Stage,6765,Rodrigo Hernández Cascante,772,Spain,795,Costa Rica,1,3,Right Center Back,1,103.1671,103.1671,0,142,139,0,116,0,0,0,0,0,0,0,2,0,0,0,0,2934.425226,603.609532,0
43,106,3857291,2022-11-23,Spain - Costa Rica,Group Stage,11748,Unai Simón Mendibil,772,Spain,795,Costa Rica,1,1,Goalkeeper,1,103.1671,103.1671,0,36,33,0,34,0,0,0,0,0,0,0,0,0,0,0,0,912.563091,61.616024,0
43,106,3857291,2022-11-23,Spain - Costa Rica,Group Stage,16532,Daniel Olmo Carvajal,772,Spain,795,Costa Rica,1,21,Left Wing,1,103.1671,103.1671,0,71,59,0,68,4,2,1,0,1,5,0,6,1,0,1,0,980.596754,365.816096,0.74837959
43,106,3857291,2022-11-23,Spain - Costa Rica,Group Stage,30486,Pedro González López,772,Spain,795,Costa Rica,1,15,Left Center Midfield,1,61.618133,103.1671,0,87,85,0,81,0,0,0,0,0,0,0,6,2,0,0,0,1751.064558,382.165038,0
43,106,3857291,2022-11-23,Spain - Costa Rica,Group Stage,133353,Pablo Martín Páez Gavira,772,Spain,795,Costa Rica,1,13,Right Center Midfield,1,103.1671,103.1671,0,73,66,0,71,1,1,1,0,0,3,1,14,3,0,1,5,1207.545152,326.083341,0.05622911
43,106,3857291,2022-11-23,Spain - Costa Rica,Group Stage,3477,Álvaro Borja Morata Martín,772,Spain,795,Costa Rica,1,23,Center Forward,0,41.677567,103.1671,0,9,7,0,12,2,1,1,0,1,1,0,4,0,0,0,0,192.02926,106.653564,0.22854049
43,106,3857291,2022-11-23,Spain - Costa Rica,Group Stage,5199,Jorge Resurrección Merodio,772,Spain,795,Costa Rica,1,10,Center Defensive Midfield,0,34.66815,103.1671,0,50,48,0,39,0,0,0,0,0,0,0,2,0,1,0,0,1002.584948,115.697082,0
43,106,3857291,2022-11-23,Spain - Costa Rica,Group Stage,6583,Carlos Soler Barragán,772,Spain,795,Costa Rica,1,15,Left Center Midfield,0,41.548967,103.1671,0,44,43,0,40,3,1,1,0,0,1,0,1,0,0,0,2,734.281602,198.288465,0.44847885
43,106,3857291,2022-11-23,Spain - Costa Rica,Group Stage,39161,Alejandro Balde Martínez,772,Spain,795,Costa Rica,1,6,Left Back,0,34.780967,103.1671,0,32,31,0,33,0,0,0,0,0,0,0,2,1,0,0,1,595.875779,235.783616,0
43,106,3857291,2022-11-23,Spain - Costa Rica,Group Stage,68574,Nicholas Williams Arthuer,772,Spain,795,Costa Rica,1,17,Right Wing,0,29.635267,103.1671,0,9,7,0,14,0,0,0,0,0,3,2,4,1,0,0,0,188.763464,78.055378,0
43,106,3857291,2022-11-23,Spain - Costa Rica,Group Stage,5581,Joel Nathaniel Campbell Samuels,795,Costa Rica,772,Spain,0,22,Right Center Forward,1,103.1671,103.1671,0,24,17,0,21,0,0,0,0,0,0,0,13,2,0,2,3,545.694117,109.316555,0
43,106,3857291,2022-11-23,Spain - Costa Rica,Group Stage,5582,Celso Borges Mora,795,Costa Rica,772,Spain,0,9,Right Defensive Midfield,1,76.29035,103.1671,0,19,16,0,12,0,0,0,0,0,0,0,9,1,1,1,0,314.579547,50.42692,0
43,106,3857291,2022-11-23,Spain - Costa Rica,Group Stage,5597,Keylor Navas Gamboa,795,Costa Rica,772,Spain,0,1,Goalkeeper,1,103.1671,103.1671,0,25,13,1,8,0,0,0,0,0,0,0,1,0,0,0,0,1311.053248,38.37765,0
43,106,3857291,2022-11-23,Spain - Costa Rica,Group Stage,5598,Óscar Esau Duarte Gaitán,795,Costa Rica,772,Spain,0,3,Right Center Back,1,103.1671,103.1671,0,27,18,1,13,0,0,0,0,0,0,0,11,1,1,3,0,826.783055,36.845766,0
43,106,3857291,2022-11-23,Spain - Costa Rica,Group Stage,5600,Francisco Javier Calvo Quesada,795,Costa Rica,772,Spain,0,5,Left Center Back,1,103.1671,103.1671,0,26,18,0,20,0,0,0,0,0,1,1,11,6,0,3,0,659.515494,103.847123,0
43,106,3857291,2022-11-23,Spain - Costa Rica,Group Stage,5836,Bryan Oviedo,795,Costa Rica,772,Spain,0,6,Left Back,1,86.1683,103.1671,0,19,12,0,13,0,0,0,0,0,0,0,8,3,1,1,0,353.047631,67.149363,0
43,106,3857291,2022-11-23,Spain - Costa Rica,Group Stage,5839,Yeltsin Ignacio Tejeda Valverde,795,Costa Rica,772,Spain,0,11,Left Defensive Midfield,1,103.1671,103.1671,0,19,12,0,8,0,0,0,0,0,0,0,13,1,0,0,1,331.797609,24.345147,0
43,106,3857291,2022-11-23,Spain - Costa Rica,Group Stage,130185,Keysher Fuller Spence,795,Costa Rica,772,Spain,0,12,Right Midfield,1,103.1671,103.1671,0,15,10,0,13,0,0,0,0,0,1,0,18,2,4,0,0,314.907898,95.269582,0
43,106,3857291,2022-11-23,Spain - Costa Rica,Group Stage,132271,Carlos Manuel Martínez Castro,795,Costa Rica,772,Spain,0,2,Right Back,1,50.085733,103.1671,0,14,10,0,6,0,0,0,0,0,0,0,12,2,0,1,0,288.060059,14.410467,0
43,106,3857291,2022-11-23,Spain - Costa Rica,Group Stage,132296,Anthony Daniel Contreras Enríquez,795,Costa Rica,772,Spain,0,24,Left Center Forward,1,65.873283,103.1671,0,7,4,1,6,0,0,0,0,0,0,0,14,1,1,0,0,92.710844,28.361706,0
43,106,3857291,2022-11-23,Spain - Costa Rica,Group Stage,132728,Jewison Bennette,795,Costa Rica,772,Spain,0,16,Left Midfield,1,65.980317,103.1671,0,5,3,0,11,0,0,0,0,0,2,1,15,0,0,0,1,70.018598,112.82233,0
43,106,3857291,2022-11-23,Spain - Costa Rica,Group Stage,5592,Bryan Ruiz González,795,Costa Rica,772,Spain,0,21,Left Wing,0,37.186783,103.1671,0,13,8,1,9,0,0,0,0,0,1,1,3,1,0,0,1,264.303299,78.354382,0
43,106,3857291,2022-11-23,Spain - Costa Rica,Group Stage,6328,Kendall Jamaal Waston Manley,795,Costa Rica,772,Spain,0,3,Right Center Back,0,53.081367,103.1671,0,14,11,0,6,0,0,0,0,0,0,0,1,1,1,1,0,305.132211,29.952905,0
43,106,3857291,2022-11-23,Spain - Costa Rica,Group Stage,15477,Ronald Alberto Matarrita Ulate,795,Costa Rica,772,Spain,0,8,Left Wing Back,0,16.9988,103.1671,0,12,9,0,9,0,0,0,0,0,0,0,3,1,0,0,1,299.240123,37.152317,0
43,106,3857291,2022-11-23,Spain - Costa Rica,Group Stage,108340,Brandon Aguilera Zamora,795,Costa Rica,772,Spain,0,13,Right Center Midfield,0,26.87675,103.1671,0,6,6,0,7,0,0,0,0,0,0,0,11,0,0,2,0,125.485136,16.847478,0
43,106,3857291,2022-11-23,Spain - Costa Rica,Group Stage,184468,Álvaro José Zamora Mata,795,Costa Rica,772,Spain,0,17,Right Wing,0,37.293817,103.1671,0,5,5,0,6,0,0,0,0,0,0,0,6,2,0,0,0,67.723568,29.398228,0
43,106,3857258,2022-11-24,Brazil - Serbia,Group Stage,3063,Danilo Luiz da Silva,781,Brazil,786,Serbia,1,2,Right Back,1,98.214667,98.214667,0,84,72,1,71,1,0,0,0,0,1,1,1,1,0,0,0,1599.389001,282.005841,0.01687764
43,106,3857258,2022-11-24,Brazil - Serbia,Group Stage,3280,Richarlison de Andrade,781,Brazil,786,Serbia,1,23,Center Forward,1,79.396633,98.214667,0,14,12,0,18,3,2,2,0,0,0,0,12,1,0,1,0,205.558066,60.873065,0.68382945
43,106,3857258,2022-11-24,Brazil - Serbia,Group Stage,3295,Thiago Emiliano da Silva,781,Brazil,786,Serbia,1,5,Left Center Back,1,98.214667,98.214667,0,72,69,0,56,1,0,0,0,0,0,0,6,1,1,0,1,1712.255326,374.843057,0.06673048
43,106,3857258,2022-11-24,Brazil - Serbia,Group Stage,4320,Neymar da Silva Santos Junior,781,Brazil,786,Serbia,1,19,Center Attacking Midfield,1,80.220067,98.214667,0,46,36,0,56,4,1,0,0,0,5,3,11,0,0,1,9,707.863616,375.942842,0.19564252
43,106,3857258,2022-11-24,Brazil - Serbia,Group Stage,4372,Marcos Aoás Corrêa,781,Brazil,786,Serbia,1,3,Right Center Back,1,98.214667,98.214667,0,64,62,0,52,0,0,0,0,0,0,0,2,1,1,0,0,1331.512853,374.840447,0
43,106,3857258,2022-11-24,Brazil - Serbia,Group Stage,5539,Carlos Henrique Casimiro,781,Brazil,786,Serbia,1,11,Left Defensive Midfield,1,98.214667,98.214667,0,63,57,0,48,3,1,0,0,0,0,0,12,2,1,0,0,1171.748323,115.587708,0.08031824
43,106,3857258,2022-11-24,Brazil - Serbia,Group Stage,5547,Alisson Ramsés Becker,781,Brazil,786,Serbia,1,1,Goalkeeper,1,98.214667,98.214667,0,24,20,1,10,0,0,0,0,0,0,0,0,0,0,0,0,690.743476,22.631777,0
43,106,3857258,2022-11-24,Brazil - Serbia,Group Stage,6945,Alex Sandro Lobo Silva,781,Brazil,786,Serbia,1,6,Left Back,1,98.214667,98.214667,0,90,83,0,71,1,0,0,0,0,1,0,8,1,2,1,0,1549.367504,390.982335,0.02181954
43,106,3857258,2022-11-24,Brazil - Serbia,Group Stage,10595,Raphael Dias Belloli,781,Brazil,786,Serbia,1,17,Right Wing,1,87.9683,98.214667,0,35,28,0,36,2,2,0,0,0,4,2,14,5,0,1,0,758.665534,290.139822,0.54162062
43,106,3857258,2022-11-24,Brazil - Serbia,Group Stage,18395,Vinícius José Paixão de Oliveira Júnior,781,Brazil,786,Serbia,1,21,Left Wing,1,76.267283,98.214667,0,27,21,0,37,4,1,0,0,1,5,3,9,1,0,0,1,395.749736,319.301775,0.33000371
43,106,3857258,2022-11-24,Brazil - Serbia,Group Stage,22600,Lucas Tolentino Coelho de Lima,781,Brazil,786,Serbia,1,9,Right Defensive Midfield,1,75.876117,98.214667,0,41,30,0,33,0,0,0,0,0,1,0,16,4,0,1,0,680.431402,132.723798,0
43,106,3857258,2022-11-24,Brazil - Serbia,Group Stage,3202,Gabriel Fernando de Jesus,781,Brazil,786,Serbia,1,23,Center Forward,0,18.818033,98.214667,0,8,7,0,9,0,0,0,0,0,1,1,1,0,0,1,0,94.854388,43.547398,0
43,106,3857258,2022-11-24,Brazil - Serbia,Group Stage,9904,Frederico Rodrigues Santos,781,Brazil,786,Serbia,1,9,Right Defensive Midfield,0,22.33855,98.214667,0,18,14,0,13,1,1,0,0,0,0,0,0,0,1,1,0,274.481141,56.106743,0.08897065
43,106,3857258,2022-11-24,Brazil - Serbia,Group Stage,25104,Rodrygo Silva de Goes,781,Brazil,786,Serbia,1,21,Left Wing,0,21.947383,98.214667,0,14,12,0,13,2,1,0,0,0,2,0,4,0,1,0,0,215.024346,168.127108,0.08841887
43,106,3857258,2022-11-24,Brazil - Serbia,Group Stage,25363,Antony Matheus dos Santos,781,Brazil,786,Serbia,1,21,Left Wing,0,17.9946,98.214667,0,15,15,0,20,1,0,0,0,0,2,1,5,1,1,0,0,198.444262,104.382863,0.0096578
43,106,3857258,2022-11-24,Brazil - Serbia,Group Stage,29976,Gabriel Teodoro Martinelli Silva,781,Brazil,786,Serbia,1,21,Left Wing,0,10.246367,98.214667,0,3,1,0,4,0,0,0,0,0,0,0,1,0,0,1,0,40.510712,128.452439,0
43,106,3857258,2022-11-24,Brazil - Serbia,Group Stage,3831,Dušan Tadić,786,Serbia,781,Brazil,0,18,Right Attacking Midfield,1,98.214667,98.214667,0,34,20,0,34,0,0,0,0,0,3,1,20,2,1,1,0,622.40898,215.682037,0
43,106,3857258,2022-11-24,Brazil - Serbia,Group Stage,4269,Aleksandar Mitrović,786,Serbia,781,Brazil,0,23,Center Forward,1,83.975533,98.214667,0,22,17,0,16,0,0,0,0,0,0,0,9,0,0,1,1,388.140074,50.567871,0
43,106,3857258,2022-11-24,Brazil - Serbia,Group Stage,5589,Sergej Milinković-Savić,786,Serbia,781,Brazil,0,20,Left Attacking Midfield,1,98.214667,98.214667,0,39,28,0,36,0,0,0,0,0,1,1,14,1,0,0,0,797.631085,137.867715,0
43,106,3857258,2022-11-24,Brazil - Serbia,Group Stage,5603,Nikola Milenković,786,Serbia,781,Brazil,0,3,Right Center Back,1,98.214667,98.214667,0,50,42,0,33,1,0,0,0,0,0,0,17,6,5,3,0,1020.305513,151.875946,0.01109016
43,106,3857258,2022-11-24,Brazil - Serbia,Group Stage,6318,Andrija Živković,786,Serbia,781,Brazil,0,7,Right Wing Back,1,57.809,98.214667,0,25,20,0,19,0,0,0,0,0,0,0,10,2,2,1,2,482.474586,99.927553,0
43,106,3857258,2022-11-24,Brazil - Serbia,Group Stage,6321,Milos Veljkovic,786,Serbia,781,Brazil,0,4,Center Back,1,98.214667,98.214667,0,45,40,0,35,0,0,0,0,0,0,0,10,1,0,0,0,1026.966776,277.839876,0
43,106,3857258,2022-11-24,Brazil - Serbia,Group Stage,6687,Saša Lukić,786,Serbia,781,Brazil,0,9,Right Defensive Midfield,1,66.200767,98.214667,0,31,28,0,28,0,0,0,0,0,1,0,17,3,1,3,0,596.191804,196.438769,0
43,106,3857258,2022-11-24,Brazil - Serbia,Group Stage,7993,Filip Mladenović,786,Serbia,781,Brazil,0,8,Left Wing Back,1,66.384117,98.214667,0,24,19,0,15,1,0,0,0,0,2,1,13,1,0,0,0,456.321303,79.834994,0.02631865
43,106,3857258,2022-11-24,Brazil - Serbia,Group Stage,16489,Nemanja Gudelj,786,Serbia,781,Brazil,0,11,Left Defensive Midfield,1,57.459867,98.214667,0,34,29,0,26,0,0,0,0,0,0,0,11,1,1,1,0,600.26202,100.275757,0
43,106,3857258,2022-11-24,Brazil - Serbia,Group Stage,20600,Vanja Milinković Savić,786,Serbia,781,Brazil,0,1,Goalkeeper,1,98.214667,98.214667,0,46,35,0,20,0,0,0,0,0,0,0,0,0,0,0,0,1971.520263,80.788691,0
43,106,3857258,2022-11-24,Brazil - Serbia,Group Stage,27719,Strahinja Pavlović,786,Serbia,781,Brazil,0,5,Left Center Back,1,98.214667,98.214667,0,40,31,0,37,1,0,0,0,0,1,1,12,2,0,1,3,799.983479,229.214715,0.09893776
43,106,3857258,2022-11-24,Brazil - Serbia,Group Stage,5833,Nemanja Radonjić,786,Serbia,781,Brazil,0,7,Right Wing Back,0,40.405667,98.214667,0,11,7,0,12,1,0,0,0,0,2,0,2,0,0,0,0,216.410318,165.340916,0.00869193
43,106,3857258,2022-11-24,Brazil - Serbia,Group Stage,6901,Nemanja Maksimović,786,Serbia,781,Brazil,0,10,Center Defensive Midfield,0,14.239133,98.214667,0,6,5,0,4,0,0,0,0,0,0,0,0,0,0,0,0,142.596716,4.901785,0
43,106,3857258,2022-11-24,Brazil - Serbia,Group Stage,7145,Darko Lazović,786,Serbia,781,Brazil,0,9,Right Defensive Midfield,0,32.0139,98.214667,0,11,7,0,7,1,0,0,0,0,0,0,1,0,0,0,1,255.485845,67.956158,0.01828864
43,106,3857258,2022-11-24,Brazil - Serbia,Group Stage,18015,Dušan Vlahović,786,Serbia,781,Brazil,0,8,Left Wing Back,0,31.83055,98.214667,0,8,4,0,5,0,0,0,0,0,0,0,2,0,0,0,0,158.811667,10.587204,0
43,106,3857258,2022-11-24,Brazil - Serbia,Group Stage,30179,Ivan Ilić,786,Serbia,781,Brazil,0,11,Left Defensive Midfield,0,40.7548,98.214667,0,20,19,0,14,0,0,0,0,0,0,0,9,0,1,0,0,265.121558,107.575638,0
43,106,3857287,2022-11-24,Uruguay - South Korea,Group Stage,5246,Luis Alberto Suárez Díaz,783,Uruguay,791,South Korea,1,23,Center Forward,1,64.703583,98.893667,0,13,7,0,9,0,0,0,0,0,0,0,5,0,0,0,0,220.573749,33.437465,0
43,106,3857287,2022-11-24,Uruguay - South Korea,Group Stage,5248,José Martín Cáceres Silva,783,Uruguay,791,South Korea,1,2,Right Back,1,98.893667,98.893667,0,81,68,1,52,0,0,0,0,0,1,1,9,2,2,1,0,1881.431611,220.762886,0
43,106,3857287,2022-11-24,Uruguay - South Korea,Group Stage,5249,Diego Roberto Godín Leal,783,Uruguay,791,South Korea,1,3,Right Center Back,1,98.893667,98.893667,0,75,66,0,60,1,0,0,0,0,0,0,7,0,1,0,1,1775.663753,287.075852,0.05468903
43,106,3857287,2022-11-24,Uruguay - South Korea,Group Stage,5255,Matías Vecino Falero,783,Uruguay,791,South Korea,1,15,Left Center Midfield,1,78.95125,98.893667,0,40,33,0,28,1,1,0,0,0,2,0,13,0,3,1,0,753.784784,115.108685,0.05223909
43,106,3857287,2022-11-24,Uruguay - South Korea,Group Stage,5259,José María Giménez de Vargas,783,Uruguay,791,South Korea,1,5,Left Center Back,1,98.893667,98.893667,0,79,67,0,64,1,0,0,0,0,0,0,4,3,2,0,1,2200.36876,346.820347,0.04638522
43,106,3857287,2022-11-24,Uruguay - South Korea,Group Stage,5260,Rodrigo Bentancur Colmán,783,Uruguay,791,South Korea,1,10,Center Defensive Midfield,1,98.893667,98.893667,0,78,68,0,69,1,0,0,0,0,2,1,12,2,4,0,1,1707.269556,393.768788,0.05252321
43,106,3857287,2022-11-24,Uruguay - South Korea,Group Stage,6773,Federico Santiago Valverde Dipetta,783,Uruguay,791,South Korea,1,13,Right Center Midfield,1,98.893667,98.893667,0,61,51,0,49,3,0,0,0,0,2,1,14,2,1,0,2,1500.247939,346.709338,0.07833913
43,106,3857287,2022-11-24,Uruguay - South Korea,Group Stage,7104,Mathías Olivera Miramontes,783,Uruguay,791,South Korea,1,6,Left Back,1,79.39655,98.893667,0,48,40,0,29,0,0,0,0,0,1,0,13,2,3,0,2,906.081371,177.111642,0
43,106,3857287,2022-11-24,Uruguay - South Korea,Group Stage,32478,Darwin Gabriel Núñez Ribeiro,783,Uruguay,791,South Korea,1,21,Left Wing,1,98.893667,98.893667,0,22,13,0,20,1,0,0,0,0,2,2,8,1,0,1,3,364.418813,144.064452,0.0281781
43,106,3857287,2022-11-24,Uruguay - South Korea,Group Stage,36288,Facundo Pellistri Rebollo,783,Uruguay,791,South Korea,1,17,Right Wing,1,88.474733,98.893667,0,20,16,0,23,0,0,0,0,0,4,0,8,1,1,2,0,382.382915,191.847917,0
43,106,3857287,2022-11-24,Uruguay - South Korea,Group Stage,36710,Sergio Rochet Álvarez,783,Uruguay,791,South Korea,1,1,Goalkeeper,1,98.893667,98.893667,0,23,19,0,11,0,0,0,0,0,0,0,0,0,0,0,0,717.692772,51.599587,0
43,106,3857287,2022-11-24,Uruguay - South Korea,Group Stage,4319,Edinson Roberto Cavani Gómez,783,Uruguay,791,South Korea,1,22,Right Center Forward,0,34.190083,98.893667,0,6,6,0,6,2,0,0,0,0,0,0,3,0,0,0,1,90.624554,35.33234,0.10494056
43,106,3857287,2022-11-24,Uruguay - South Korea,Group Stage,5264,Guillermo Varela Olivera,783,Uruguay,791,South Korea,1,12,Right Midfield,0,10.418933,98.893667,0,3,3,0,3,0,0,0,0,0,0,0,0,0,0,1,0,84.974707,30.287683,0
43,106,3857287,2022-11-24,Uruguay - South Korea,Group Stage,28729,Diego Nicolás De La Cruz Arcosa,783,Uruguay,791,South Korea,1,16,Left Midfield,0,19.942417,98.893667,0,12,10,0,11,0,0,0,0,0,0,0,4,0,0,0,0,311.100678,57.59985,0
43,106,3857287,2022-11-24,Uruguay - South Korea,Group Stage,34476,Matías Nicolás Viña Susperreguy,783,Uruguay,791,South Korea,1,6,Left Back,0,19.497117,98.893667,0,9,8,0,5,0,0,0,0,0,0,0,2,2,0,1,0,149.119336,35.989935,0
43,106,3857287,2022-11-24,Uruguay - South Korea,Group Stage,3083,Heung-Min Son,791,South Korea,783,Uruguay,0,21,Left Wing,1,98.893667,98.893667,0,30,19,0,34,1,0,0,0,0,3,1,9,2,0,0,1,615.187711,186.553243,0.0335565
43,106,3857287,2022-11-24,Uruguay - South Korea,Group Stage,5604,Young-Gwon Kim,791,South Korea,783,Uruguay,0,5,Left Center Back,1,98.893667,98.893667,0,43,33,0,35,0,0,0,0,0,0,0,2,1,1,0,0,1402.88488,210.221047,0
43,106,3857287,2022-11-24,Uruguay - South Korea,Group Stage,5618,Woo-Young Jung,791,South Korea,783,Uruguay,0,11,Left Defensive Midfield,1,98.893667,98.893667,0,57,46,0,46,0,0,0,0,0,0,0,13,1,3,4,0,1028.705772,205.740713,0
43,106,3857287,2022-11-24,Uruguay - South Korea,Group Stage,5623,Jae-Sung Lee,791,South Korea,783,Uruguay,0,19,Center Attacking Midfield,1,74.74745,98.893667,0,35,32,0,30,0,0,0,0,0,0,0,18,4,1,0,0,456.542564,122.10313,0
43,106,3857287,2022-11-24,Uruguay - South Korea,Group Stage,23763,In-Beom Hwang,791,South Korea,783,Uruguay,0,9,Right Defensive Midfield,1,98.893667,98.893667,0,62,46,0,54,2,0,0,0,0,3,0,10,1,2,2,2,1229.510032,274.853119,0.03010109
43,106,3857287,2022-11-24,Uruguay - South Korea,Group Stage,29966,Ui-Jo Hwang,791,South Korea,783,Uruguay,0,23,Center Forward,1,74.674083,98.893667,0,8,6,0,10,1,0,0,0,0,1,1,9,0,0,0,0,106.880927,30.828512,0.323128
43,106,3857287,2022-11-24,Uruguay - South Korea,Group Stage,37641,Seung-Gyu Kim,791,South Korea,783,Uruguay,0,1,Goalkeeper,1,98.893667,98.893667,0,33,19,2,16,0,0,0,0,0,0,0,0,0,0,0,0,1546.719503,98.912543,0
43,106,3857287,2022-11-24,Uruguay - South Korea,Group Stage,40538,Jin-Su Kim,791,South Korea,783,Uruguay,0,6,Left Back,1,98.893667,98.893667,0,29,19,0,17,0,0,0,0,0,0,0,5,2,1,0,3,682.311912,89.177333,0
43,106,3857287,2022-11-24,Uruguay - South Korea,Group Stage,40672,Moon-Hwan Kim,791,South Korea,783,Uruguay,0,2,Right Back,1,98.893667,98.893667,0,63,52,0,36,0,0,0,0,0,0,0,8,1,4,0,0,1036.166838,203.444971,0
43,106,3857287,2022-11-24,Uruguay - South Korea,Group Stage,41711,Sang-Ho Na,791,South Korea,783,Uruguay,0,17,Right Wing,1,75.1652,98.893667,0,22,13,0,29,0,0,0,0,0,5,0,16,2,0,2,0,300.926523,212.39303,0
43,106,3857287,2022-11-24,Uruguay - South Korea,Group Stage,43565,Min Jae Kim,791,South Korea,783,Uruguay,0,3,Right Center Back,1,98.893667,98.893667,0,52,44,0,39,1,0,0,0,0,0,0,3,1,1,0,0,1246.819838,218.131021,0.04689818
43,106,3857287,2022-11-24,Uruguay - South Korea,Group Stage,22740,Kang-In Lee,791,South Korea,783,Uruguay,0,17,Right Wing,0,23.728467,98.893667,0,9,8,0,11,1,0,0,0,0,1,1,4,1,0,1,1,149.208928,67.92417,0.0231628
43,106,3857287,2022-11-24,Uruguay - South Korea,Group Stage,40542,Gue-Sung Cho,791,South Korea,783,Uruguay,0,23,Center Forward,0,24.219583,98.893667,0,7,4,0,7,1,0,0,0,0,0,0,5,0,0,2,0,109.411408,37.629135,0.03614596
43,106,3857287,2022-11-24,Uruguay - South Korea,Group Stage,40558,Jun-Ho Son,791,South Korea,783,Uruguay,0,19,Center Attacking Midfield,0,24.146217,98.893667,0,13,10,0,9,0,0,0,0,0,0,0,1,0,0,0,0,311.915694,7.029333,0
43,106,3857290,2022-11-24,Switzerland - Cameroon,Group Stage,3500,Granit Xhaka,773,Switzerland,2722,Cameroon,1,11,Left Defensive Midfield,1,99.09985,99.09985,0,43,38,0,34,2,1,0,0,0,0,0,9,2,0,0,0,936.085129,217.267307,0.06098796
43,106,3857290,2022-11-24,Switzerland - Cameroon,Group Stage,3533,Xherdan Shaqiri,773,Switzerland,2722,Cameroon,1,17,Right Wing,1,74.029217,99.09985,0,41,24,0,33,0,0,0,0,1,0,0,7,0,1,0,2,807.393439,187.386158,0
43,106,3857290,2022-11-24,Switzerland - Cameroon,Group Stage,5544,Ricardo Iván Rodríguez Araya,773,Switzerland,2722,Cameroon,1,6,Left Back,1,92.747417,99.09985,0,57,49,0,41,0,0,0,0,0,0,0,12,0,0,4,2,1140.482624,169.081195,0
43,106,3857290,2022-11-24,Switzerland - Cameroon,Group Stage,5545,Breel-Donald Embolo,773,Switzerland,2722,Cameroon,1,23,Center Forward,1,74.2317,99.09985,0,18,14,0,19,1,1,1,0,0,1,0,15,0,1,0,1,297.576573,164.447411,0.55189455
43,106,3857290,2022-11-24,Switzerland - Cameroon,Group Stage,5549,Manuel Obafemi Akanji,773,Switzerland,2722,Cameroon,1,3,Right Center Back,1,99.09985,99.09985,0,65,58,0,50,1,0,0,0,0,0,0,9,1,1,1,1,1494.938495,435.713631,0.15555824
43,106,3857290,2022-11-24,Switzerland - Cameroon,Group Stage,5550,Yann Sommer,773,Switzerland,2722,Cameroon,1,1,Goalkeeper,1,99.09985,99.09985,0,34,30,1,20,0,0,0,0,0,0,0,0,0,0,0,0,901.9537,91.736461,0
43,106,3857290,2022-11-24,Switzerland - Cameroon,Group Stage,6983,Remo Freuler,773,Switzerland,2722,Cameroon,1,9,Right Defensive Midfield,1,99.09985,99.09985,0,64,59,0,45,0,0,0,0,0,0,0,21,4,1,2,0,1265.924816,213.455941,0
43,106,3857290,2022-11-24,Switzerland - Cameroon,Group Stage,7796,Silvan Widmer,773,Switzerland,2722,Cameroon,1,2,Right Back,1,99.09985,99.09985,0,50,42,0,32,0,0,0,0,0,0,0,14,3,2,0,0,913.748329,181.698498,0
43,106,3857290,2022-11-24,Switzerland - Cameroon,Group Stage,8814,Nico Elvedi,773,Switzerland,2722,Cameroon,1,5,Left Center Back,1,99.09985,99.09985,0,69,65,0,50,1,0,0,0,0,0,0,12,2,1,1,1,1344.469773,373.997671,0.19001445
43,106,3857290,2022-11-24,Switzerland - Cameroon,Group Stage,16026,Djibril Sow,773,Switzerland,2722,Cameroon,1,19,Center Attacking Midfield,1,73.819217,99.09985,0,34,31,0,25,0,0,0,0,0,0,0,14,1,0,2,0,547.813107,174.715774,0
43,106,3857290,2022-11-24,Switzerland - Cameroon,Group Stage,30401,Ruben Vargas,773,Switzerland,2722,Cameroon,1,21,Left Wing,1,83.3766,99.09985,0,36,24,0,26,1,1,0,0,0,1,1,16,0,0,2,1,631.494257,218.906174,0.1977995
43,106,3857290,2022-11-24,Switzerland - Cameroon,Group Stage,5543,Haris Seferović,773,Switzerland,2722,Cameroon,1,23,Center Forward,0,24.86815,99.09985,0,5,4,0,4,1,0,0,0,0,0,0,4,0,0,1,0,82.230499,27.456245,0.27028984
43,106,3857290,2022-11-24,Switzerland - Cameroon,Group Stage,8561,Fabian Frei,773,Switzerland,2722,Cameroon,1,19,Center Attacking Midfield,0,25.280633,99.09985,0,10,7,0,7,0,0,0,0,0,0,0,5,0,1,1,0,193.532532,8.45672,0
43,106,3857290,2022-11-24,Switzerland - Cameroon,Group Stage,29006,Noah Okafor,773,Switzerland,2722,Cameroon,1,17,Right Wing,0,25.070633,99.09985,0,11,9,0,10,0,0,0,0,0,0,0,1,0,0,0,1,237.322992,25.690292,0
43,106,3857290,2022-11-24,Switzerland - Cameroon,Group Stage,29012,Eray Ervin Cömert,773,Switzerland,2722,Cameroon,1,6,Left Back,0,6.352433,99.09985,0,3,2,0,1,0,0,0,0,0,0,0,0,0,0,0,0,53.694245,9.724711,0
43,106,3857290,2022-11-24,Switzerland - Cameroon,Group Stage,50436,Fabian Rieder,773,Switzerland,2722,Cameroon,1,21,Left Wing,0,15.72325,99.09985,0,9,5,0,7,0,0,0,0,0,0,0,4,1,0,0,1,197.934126,57.824276,0
43,106,3857290,2022-11-24,Switzerland - Cameroon,Group Stage,3141,André-Frank Zambo Anguissa,2722,Cameroon,773,Switzerland,0,13,Right Center Midfield,1,99.09985,99.09985,0,60,56,0,48,1,1,0,0,0,1,1,20,2,3,2,3,1080.386593,309.710043,0.04635131
43,106,3857290,2022-11-24,Switzerland - Cameroon,Group Stage,3499,Jean-Eric Maxim Choupo-Moting,2722,Cameroon,773,Switzerland,0,23,Center Forward,1,76.527083,99.09985,0,19,15,0,15,2,1,0,0,0,1,1,10,0,1,0,1,304.778837,94.849289,0.05411813
43,106,3857290,2022-11-24,Switzerland - Cameroon,Group Stage,3551,Karl Brillant Toko Ekambi,2722,Cameroon,773,Switzerland,0,21,Left Wing,1,76.3146,99.09985,0,31,27,0,29,1,0,0,0,0,0,0,10,0,0,0,2,567.859923,179.39891,0.15900026
43,106,3857290,2022-11-24,Switzerland - Cameroon,Group Stage,4935,Bryan Mbeumo,2722,Cameroon,773,Switzerland,0,17,Right Wing,1,83.597,99.09985,0,43,31,0,31,1,1,0,0,0,3,2,12,0,0,0,3,900.032649,124.153651,0.01607259
43,106,3857290,2022-11-24,Switzerland - Cameroon,Group Stage,7426,Jean-Charles Castelletto,2722,Cameroon,773,Switzerland,0,3,Right Center Back,1,99.09985,99.09985,0,45,39,0,43,0,0,0,0,0,1,1,10,2,2,0,0,1009.434903,299.846977,0
43,106,3857290,2022-11-24,Switzerland - Cameroon,Group Stage,7472,Nicolas Alexis Julio N'Koulou Ndoubena,2722,Cameroon,773,Switzerland,0,5,Left Center Back,1,99.09985,99.09985,0,60,52,0,53,1,1,0,0,0,1,1,10,0,1,1,1,1396.11661,183.981947,0.24569963
43,106,3857290,2022-11-24,Switzerland - Cameroon,Group Stage,8064,André Onana,2722,Cameroon,773,Switzerland,0,1,Goalkeeper,1,99.09985,99.09985,0,60,44,0,38,0,0,0,0,0,0,0,0,0,0,0,0,2116.170082,321.08002,0
43,106,3857290,2022-11-24,Switzerland - Cameroon,Group Stage,8591,Samuel Yves Oum Gwet,2722,Cameroon,773,Switzerland,0,10,Center Defensive Midfield,1,99.09985,99.09985,0,51,48,0,41,0,0,0,0,0,0,0,12,1,0,0,1,1040.895764,116.799071,0
43,106,3857290,2022-11-24,Switzerland - Cameroon,Group Stage,13454,Nouhou Tolo,2722,Cameroon,773,Switzerland,0,6,Left Back,1,99.09985,99.09985,0,46,40,0,30,0,0,0,0,0,0,0,15,3,3,2,1,828.975829,164.226156,0
43,106,3857290,2022-11-24,Switzerland - Cameroon,Group Stage,16346,Ngoran Suiru Fai Collins,2722,Cameroon,773,Switzerland,0,2,Right Back,1,99.09985,99.09985,0,60,40,0,44,1,0,0,0,0,0,0,9,1,3,2,1,1521.90507,190.101965,0.00945255
43,106,3857290,2022-11-24,Switzerland - Cameroon,Group Stage,30016,Martin Hongla Yma II,2722,Cameroon,773,Switzerland,0,15,Left Center Midfield,1,70.749717,99.09985,0,35,30,0,30,1,1,0,0,0,1,1,15,0,1,0,0,791.399192,166.628477,0.08237888
43,106,3857290,2022-11-24,Switzerland - Cameroon,Group Stage,3639,Georges-Kévin Nkoudou Mbida,2722,Cameroon,773,Switzerland,0,21,Left Wing,0,22.78525,99.09985,0,3,3,0,8,0,0,0,0,0,2,1,14,1,0,1,0,109.424995,56.92835,0
43,106,3857290,2022-11-24,Switzerland - Cameroon,Group Stage,11174,Vincent Paté Aboubakar,2722,Cameroon,773,Switzerland,0,23,Center Forward,0,22.572767,99.09985,0,8,6,0,6,0,0,0,0,0,1,1,0,0,0,0,0,148.211227,28.468423,0
43,106,3857290,2022-11-24,Switzerland - Cameroon,Group Stage,16015,Nicolas Moumi Ngamaleu,2722,Cameroon,773,Switzerland,0,17,Right Wing,0,15.50285,99.09985,0,3,2,0,2,0,0,0,0,0,0,0,2,0,0,1,0,31.162318,14.956555,0
43,106,3857290,2022-11-24,Switzerland - Cameroon,Group Stage,28966,Gaël Ondoua,2722,Cameroon,773,Switzerland,0,15,Left Center Midfield,0,28.350133,99.09985,0,9,7,0,7,0,0,0,0,0,0,0,6,0,1,1,0,172.375939,30.233713,0
43,106,3857298,2022-11-24,Portugal - Ghana,Group Stage,3193,Bernardo Mota Veiga de Carvalho e Silva,780,Portugal,4885,Ghana,1,13,Right Center Midfield,1,89.505767,102.109283,0,73,69,0,54,0,0,0,0,0,2,0,15,4,1,1,0,1302.985888,479.13427,0
43,106,3857298,2022-11-24,Portugal - Ghana,Group Stage,5204,Bruno Miguel Borges Fernandes,780,Portugal,4885,Ghana,1,17,Right Wing,1,102.109283,102.109283,0,57,49,0,48,0,0,0,0,2,1,0,13,1,0,1,4,1168.711232,383.072834,0
43,106,3857298,2022-11-24,Portugal - Ghana,Group Stage,5206,Rúben Santos Gato Alves Dias,780,Portugal,4885,Ghana,1,3,Right Center Back,1,102.109283,102.109283,0,66,63,0,55,0,0,0,0,0,0,0,4,2,0,1,0,1403.184107,313.773088,0
43,106,3857298,2022-11-24,Portugal - Ghana,Group Stage,5207,Cristiano Ronaldo dos Santos Aveiro,780,Portugal,4885,Ghana,1,23,Center Forward,1,89.281133,102.109283,0,19,14,2,16,4,2,1,0,0,1,0,4,0,0,2,4,219.151027,88.197497,1.47914769
43,106,3857298,2022-11-24,Portugal - Ghana,Group Stage,5209,Raphaël Adelino José Guerreiro,780,Portugal,4885,Ghana,1,6,Left Back,1,102.109283,102.109283,0,82,69,2,54,0,0,0,0,0,0,0,4,0,1,0,1,1194.922381,378.008776,0
43,106,3857298,2022-11-24,Portugal - Ghana,Group Stage,7005,João Pedro Cavaco Cancelo,780,Portugal,4885,Ghana,1,2,Right Back,1,102.109283,102.109283,0,71,59,2,59,0,0,0,0,0,1,0,6,3,0,0,2,1287.740828,244.360763,0
43,106,3857298,2022-11-24,Portugal - Ghana,Group Stage,9927,Rúben Diogo Da Silva Neves,780,Portugal,4885,Ghana,1,10,Center Defensive Midfield,1,78.752383,102.109283,0,64,59,0,48,1,0,0,0,0,0,0,13,1,0,2,0,1448.884642,250.637026,0.07171052
43,106,3857298,2022-11-24,Portugal - Ghana,Group Stage,11184,Otávio Edmilson da Silva Monteiro,780,Portugal,4885,Ghana,1,15,Left Center Midfield,1,57.798233,102.109283,0,41,29,1,32,2,1,0,0,0,0,0,17,3,0,3,3,733.279076,172.128208,0.07102522
43,106,3857298,2022-11-24,Portugal - Ghana,Group Stage,12041,João Félix Sequeira,780,Portugal,4885,Ghana,1,21,Left Wing,1,89.369033,102.109283,0,32,22,2,33,2,1,1,0,0,3,2,12,2,0,3,3,468.943394,191.450532,0.29352822
43,106,3857298,2022-11-24,Portugal - Ghana,Group Stage,13621,Danilo Luís Hélio Pereira,780,Portugal,4885,Ghana,1,5,Left Center Back,1,102.109283,102.109283,0,80,72,0,65,0,0,0,0,0,1,1,9,2,1,1,2,1786.835124,413.815558,0
43,106,3857298,2022-11-24,Portugal - Ghana,Group Stage,32975,Diogo Meireles Costa,780,Portugal,4885,Ghana,1,1,Goalkeeper,1,102.109283,102.109283,0,29,25,0,16,0,0,0,0,0,0,0,1,0,0,0,0,767.938663,42.472237,0
43,106,3857298,2022-11-24,Portugal - Ghana,Group Stage,4272,João Mário Naval da Costa Eduardo,780,Portugal,4885,Ghana,1,17,Right Wing,0,12.74025,102.109283,0,3,3,0,1,0,0,0,0,0,0,0,3,0,0,0,0,42.086725,51.898748,0
43,106,3857298,2022-11-24,Portugal - Ghana,Group Stage,5214,William Silva de Carvalho,780,Portugal,4885,Ghana,1,15,Left Center Midfield,0,44.31105,102.109283,0,29,27,0,24,0,0,0,0,0,1,1,3,2,0,0,0,608.384352,87.810621,0
43,106,3857298,2022-11-24,Portugal - Ghana,Group Stage,12169,João Maria Lobo Alves Palhinha Gonçalves,780,Portugal,4885,Ghana,1,11,Left Defensive Midfield,0,12.603517,102.109283,0,3,3,0,2,0,0,0,0,0,1,0,3,2,0,0,0,43.299899,5.781768,0
43,106,3857298,2022-11-24,Portugal - Ghana,Group Stage,18360,Rafael Alexandre Conceição Leão,780,Portugal,4885,Ghana,1,10,Center Defensive Midfield,0,23.3569,102.109283,0,9,7,0,11,2,1,1,0,0,0,0,2,0,0,1,0,122.986081,87.335438,0.18146174
43,106,3857298,2022-11-24,Portugal - Ghana,Group Stage,38803,Gonçalo Matias Ramos,780,Portugal,4885,Ghana,1,23,Center Forward,0,12.82815,102.109283,0,7,6,0,3,0,0,0,0,0,0,0,1,0,0,0,1,125.827967,12.346655,0
43,106,3857298,2022-11-24,Portugal - Ghana,Group Stage,2989,Alexander Djiku,4885,Ghana,780,Portugal,0,4,Center Back,1,93.706183,102.109283,0,26,23,0,18,0,0,0,0,0,1,1,5,1,4,1,1,586.421993,139.539178,0
43,106,3857298,2022-11-24,Portugal - Ghana,Group Stage,3347,André Ayew Pelé,4885,Ghana,780,Portugal,0,22,Right Center Forward,1,78.3532,102.109283,0,14,13,0,11,1,1,1,0,0,0,0,15,1,0,2,3,194.881241,74.430475,0.48524466
43,106,3857298,2022-11-24,Portugal - Ghana,Group Stage,3709,Daniel Amartey,4885,Ghana,780,Portugal,0,3,Right Center Back,1,102.109283,102.109283,0,52,46,1,43,0,0,0,0,0,0,0,9,3,1,2,1,1052.1322,225.579108,0
43,106,3857298,2022-11-24,Portugal - Ghana,Group Stage,6383,Thomas Teye Partey,4885,Ghana,780,Portugal,0,13,Right Center Midfield,1,102.109283,102.109283,0,54,47,0,42,1,0,0,0,0,0,0,15,5,0,1,0,1032.734665,233.718744,0.02105708
43,106,3857298,2022-11-24,Portugal - Ghana,Group Stage,6393,Iñaki Williams Arthuer,4885,Ghana,780,Portugal,0,24,Left Center Forward,1,102.109283,102.109283,0,16,14,0,15,1,0,0,0,0,1,1,9,1,0,1,2,193.885508,66.065717,0.02045307
43,106,3857298,2022-11-24,Portugal - Ghana,Group Stage,8108,Lawrence Ati-Zigi,4885,Ghana,780,Portugal,0,1,Goalkeeper,1,102.109283,102.109283,0,28,20,1,9,0,0,0,0,0,0,0,0,0,0,0,0,1124.751429,28.633932,0
43,106,3857298,2022-11-24,Portugal - Ghana,Group Stage,12325,Abdul Rahman Baba,4885,Ghana,780,Portugal,0,8,Left Wing Back,1,102.109283,102.109283,0,42,27,0,37,0,0,0,0,0,1,0,11,1,1,3,1,969.976698,218.408934,0
43,106,3857298,2022-11-24,Portugal - Ghana,Group Stage,17033,Mohammed Kudus,4885,Ghana,780,Portugal,0,15,Left Center Midfield,1,77.659933,102.109283,0,27,17,0,34,2,1,0,0,0,7,7,20,2,0,1,2,456.97365,248.633059,0.05172925
43,106,3857298,2022-11-24,Portugal - Ghana,Group Stage,30519,Mohamed Salisu,4885,Ghana,780,Portugal,0,5,Left Center Back,1,102.109283,102.109283,0,47,32,1,35,1,0,0,0,0,0,0,9,3,2,3,0,1047.083428,185.21097,0.02431712
43,106,3857298,2022-11-24,Portugal - Ghana,Group Stage,31029,Salis Abdul Samed,4885,Ghana,780,Portugal,0,10,Center Defensive Midfield,1,94.094633,102.109283,0,49,47,0,41,0,0,0,0,0,0,0,17,1,2,1,0,777.215584,223.398262,0
43,106,3857298,2022-11-24,Portugal - Ghana,Group Stage,45047,Alidu Seidu,4885,Ghana,780,Portugal,0,7,Right Wing Back,1,67.6593,102.109283,0,23,19,1,22,1,0,0,0,0,2,2,14,0,0,3,4,398.536995,170.467165,0.01537267
43,106,3857298,2022-11-24,Portugal - Ghana,Group Stage,3450,Jordan Ayew,4885,Ghana,780,Portugal,0,15,Left Center Midfield,0,23.756083,102.109283,0,13,12,0,13,0,0,0,0,0,1,0,2,0,0,0,0,189.800789,107.740118,0
43,106,3857298,2022-11-24,Portugal - Ghana,Group Stage,9286,Antoine Semenyo,4885,Ghana,780,Portugal,0,19,Center Attacking Midfield,0,8.4031,102.109283,0,0,0,0,1,0,0,0,0,0,0,0,2,0,0,0,0,0,4.830114,0
43,106,3857298,2022-11-24,Portugal - Ghana,Group Stage,28616,Daniel-Kofi Kyereh,4885,Ghana,780,Portugal,0,15,Left Center Midfield,0,8.01465,102.109283,0,2,2,0,4,0,0,0,0,0,1,1,1,1,0,0,0,26.357028,18.516723,0
43,106,3857298,2022-11-24,Portugal - Ghana,Group Stage,33602,Tariq Lamptey,4885,Ghana,780,Portugal,0,7,Right Wing Back,0,34.449983,102.109283,0,14,10,0,6,0,0,0,0,0,0,0,8,1,1,1,0,253.279734,23.062531,0
43,106,3857298,2022-11-24,Portugal - Ghana,Group Stage,44225,Osman Bukari,4885,Ghana,780,Portugal,0,22,Right Center Forward,0,24.44935,102.109283,0,8,7,0,8,2,1,1,0,0,1,0,3,0,1,1,1,168.136318,41.568591,0.16184946
43,106,3857272,2022-11-25,England - United States,Group Stage,3233,Raheem Sterling,768,England,1839,United States,1,21,Left Wing,1,69.2682,95.977017,0,21,18,0,17,0,0,0,0,0,0,0,9,0,1,0,2,335.523729,107.157358,0
43,106,3857272,2022-11-25,England - United States,Group Stage,3244,John Stones,768,England,1839,United States,1,3,Right Center Back,1,95.977017,95.977017,0,90,86,0,75,1,0,0,0,0,0,0,3,1,0,1,0,2165.570024,454.576072,0.04222343
43,106,3857272,2022-11-25,England - United States,Group Stage,3308,Kieran Trippier,768,England,1839,United States,1,2,Right Back,1,95.977017,95.977017,0,74,64,0,45,0,0,0,0,0,1,1,13,1,0,2,0,1601.588794,173.218562,0
43,106,3857272,2022-11-25,England - United States,Group Stage,3336,Harry Maguire,768,England,1839,United States,1,5,Left Center Back,1,95.977017,95.977017,0,79,70,0,64,1,1,0,0,0,2,2,3,1,2,2,0,2090.90974,323.018734,0.05556727
43,106,3857272,2022-11-25,England - United States,Group Stage,3382,Luke Shaw,768,England,1839,United States,1,6,Left Back,1,95.977017,95.977017,0,83,69,1,60,0,0,0,0,0,1,1,9,0,1,2,1,1652.408142,308.496225,0
43,106,3857272,2022-11-25,England - United States,Group Stage,3468,Jordan Pickford,768,England,1839,United States,1,1,Goalkeeper,1,95.977017,95.977017,0,28,21,1,17,0,0,0,0,0,0,0,0,0,0,0,0,1149.748051,108.877036,0
43,106,3857272,2022-11-25,England - United States,Group Stage,3943,Declan Rice,768,England,1839,United States,1,11,Left Defensive Midfield,1,95.977017,95.977017,0,60,56,1,44,0,0,0,0,0,0,0,10,1,2,0,0,1418.010579,212.771195,0
43,106,3857272,2022-11-25,England - United States,Group Stage,7843,Mason Mount,768,England,1839,United States,1,19,Center Attacking Midfield,1,95.977017,95.977017,0,32,27,0,30,2,1,0,0,0,3,2,23,1,0,3,2,528.505656,138.433251,0.09071915
43,106,3857272,2022-11-25,England - United States,Group Stage,10955,Harry Kane,768,England,1839,United States,1,23,Center Forward,1,95.977017,95.977017,0,25,16,0,23,2,0,0,0,0,2,0,8,2,0,0,3,415.380986,209.23174,0.17599504
43,106,3857272,2022-11-25,England - United States,Group Stage,22084,Bukayo Saka,768,England,1839,United States,1,17,Right Wing,1,79.118967,95.977017,0,27,20,0,22,1,0,0,0,0,2,1,9,1,0,1,0,435.58461,185.661402,0.08680134
43,106,3857272,2022-11-25,England - United States,Group Stage,30714,Jude Bellingham,768,England,1839,United States,1,9,Right Defensive Midfield,1,69.699017,95.977017,0,36,33,0,30,0,0,0,0,0,1,0,9,1,0,0,2,684.764635,108.951325,0
43,106,3857272,2022-11-25,England - United States,Group Stage,3318,Marcus Rashford,768,England,1839,United States,1,17,Right Wing,0,16.85805,95.977017,0,2,2,0,3,1,1,0,0,0,1,1,3,0,0,0,0,25.890161,24.396489,0.00933212
43,106,3857272,2022-11-25,England - United States,Group Stage,3532,Jordan Brian Henderson,768,England,1839,United States,1,9,Right Defensive Midfield,0,26.278,95.977017,0,12,9,0,7,0,0,0,0,0,0,0,2,0,0,0,1,234.579761,31.318337,0
43,106,3857272,2022-11-25,England - United States,Group Stage,9638,Jack Grealish,768,England,1839,United States,1,21,Left Wing,0,26.708817,95.977017,0,13,9,0,16,0,0,0,0,0,0,0,2,0,1,0,4,206.917867,157.868186,0
43,106,3857272,2022-11-25,England - United States,Group Stage,3377,Timothy Weah,1839,United States,768,England,0,22,Right Center Forward,1,83.765183,95.977017,0,25,19,1,26,0,0,0,0,0,3,3,14,1,0,0,1,507.860348,129.424462,0
43,106,3857272,2022-11-25,England - United States,Group Stage,4614,Antonee Robinson,1839,United States,768,England,0,6,Left Back,1,95.977017,95.977017,0,41,33,0,36,0,0,0,0,0,0,0,16,2,1,0,1,727.341902,270.872507,0
43,106,3857272,2022-11-25,England - United States,Group Stage,8246,Christian Pulisic,1839,United States,768,England,0,16,Left Midfield,1,95.977017,95.977017,0,36,23,0,37,4,0,0,0,0,5,3,11,0,0,2,3,884.49038,351.705325,0.13605235
43,106,3857272,2022-11-25,England - United States,Group Stage,8526,Weston McKennie,1839,United States,768,England,0,12,Right Midfield,1,78.111533,95.977017,0,33,29,0,27,2,0,0,0,0,1,1,9,2,0,1,1,626.24028,283.972378,0.2150006
43,106,3857272,2022-11-25,England - United States,Group Stage,12352,Matthew Charles Turner,1839,United States,768,England,0,1,Goalkeeper,1,95.977017,95.977017,0,38,29,1,26,0,0,0,0,0,0,0,0,0,0,0,0,1265.377735,146.042805,0
43,106,3857272,2022-11-25,England - United States,Group Stage,12524,Walker Zimmerman,1839,United States,768,England,0,3,Right Center Back,1,95.977017,95.977017,0,70,62,0,54,0,0,0,0,0,0,0,3,0,0,1,0,1764.555331,221.691585,0
43,106,3857272,2022-11-25,England - United States,Group Stage,12751,Tyler Adams,1839,United States,768,England,0,9,Right Defensive Midfield,1,95.977017,95.977017,0,44,41,0,32,0,0,0,0,0,0,0,31,4,1,2,2,760.352159,145.951351,0
43,106,3857272,2022-11-25,England - United States,Group Stage,18242,Tim Ream,1839,United States,768,England,0,5,Left Center Back,1,95.977017,95.977017,0,54,47,0,38,0,0,0,0,0,1,1,8,0,2,0,0,1262.418589,211.61632,0
43,106,3857272,2022-11-25,England - United States,Group Stage,21881,Sergino Dest,1839,United States,768,England,0,2,Right Back,1,78.636083,95.977017,0,40,33,0,29,1,0,0,0,0,0,0,19,1,0,3,0,724.0106,250.997447,0.05613793
43,106,3857272,2022-11-25,England - United States,Group Stage,22008,Haji Wright,1839,United States,768,England,0,24,Left Center Forward,1,83.91155,95.977017,0,11,7,0,10,2,0,0,0,0,0,0,13,1,0,0,1,157.106441,70.41041,0.09026986
43,106,3857272,2022-11-25,England - United States,Group Stage,38792,Yunus Dimoara Musah,1839,United States,768,England,0,11,Left Defensive Midfield,1,95.977017,95.977017,0,35,30,0,27,1,1,0,0,0,0,0,21,2,0,4,1,692.36122,217.206621,0.01682627
43,106,3857272,2022-11-25,England - United States,Group Stage,6806,Shaquell Moore,1839,United States,768,England,0,2,Right Back,0,17.340933,95.977017,0,14,12,0,13,0,0,0,0,0,0,0,5,0,0,3,0,228.189561,66.481017,0
43,106,3857272,2022-11-25,England - United States,Group Stage,22168,Joshua Sargent,1839,United States,768,England,0,24,Left Center Forward,0,12.065467,95.977017,0,2,1,0,2,0,0,0,0,0,0,0,1,0,0,0,0,24.532302,15.571976,0
43,106,3857272,2022-11-25,England - United States,Group Stage,24243,Brenden Aaronson,1839,United States,768,England,0,12,Right Midfield,0,17.865483,95.977017,0,9,9,0,8,0,0,0,0,0,0,0,4,1,0,0,0,159.252729,54.846824,0
43,106,3857272,2022-11-25,England - United States,Group Stage,34339,Giovanni Reyna,1839,United States,768,England,0,22,Right Center Forward,0,12.211833,95.977017,0,4,2,0,4,0,0,0,0,0,0,0,2,0,0,0,1,59.77134,17.26864,0
43,106,3857273,2022-11-25,Wales - Iran,Group Stage,5220,Morteza Pouraliganji,797,Iran,907,Wales,0,5,Left Center Back,1,106.602917,106.602917,0,28,15,0,10,1,0,0,0,0,0,0,7,0,3,1,0,795.101158,92.876339,0.05160931
43,106,3857273,2022-11-25,Wales - Iran,Group Stage,5224,Sardar Azmoun,797,Iran,907,Wales,0,23,Center Forward,1,71.7639,106.602917,0,15,8,0,6,4,2,0,0,0,0,0,7,0,0,0,1,217.955298,61.914394,0.60928129
43,106,3857273,2022-11-25,Wales - Iran,Group Stage,5226,Mehdi Taremi,797,Iran,907,Wales,0,19,Center Attacking Midfield,1,106.602917,106.602917,0,26,17,1,21,2,0,0,0,1,1,0,24,0,0,0,3,465.84868,201.852983,0.16152306
43,106,3857273,2022-11-25,Wales - Iran,Group Stage,5228,Seyed Majid Hosseini,797,Iran,907,Wales,0,3,Right Center Back,1,106.602917,106.602917,0,32,24,1,20,0,0,0,0,0,1,0,7,2,1,2,0,644.789262,139.29861,0
43,106,3857273,2022-11-25,Wales - Iran,Group Stage,5230,Ehsan Hajsafi,797,Iran,907,Wales,0,16,Left Midfield,1,80.256583,106.602917,0,34,21,0,20,1,0,0,0,0,1,0,15,3,0,0,0,867.540222,192.190555,0.06815317
43,106,3857273,2022-11-25,Wales - Iran,Group Stage,5235,Ramin Rezaeian,797,Iran,907,Wales,0,2,Right Back,1,106.602917,106.602917,0,47,32,0,39,2,1,1,0,0,1,0,15,6,4,0,2,1152.858517,279.63406,0.230378
43,106,3857273,2022-11-25,Wales - Iran,Group Stage,5720,Milad Mohammadi,797,Iran,907,Wales,0,6,Left Back,1,106.602917,106.602917,0,39,23,1,17,0,0,0,0,0,0,0,21,3,2,2,1,957.598431,127.465443,0
43,106,3857273,2022-11-25,Wales - Iran,Group Stage,5722,Saeid Ezatolahi Afagh,797,Iran,907,Wales,0,9,Right Defensive Midfield,1,86.63975,106.602917,0,27,18,0,11,1,1,0,0,0,0,0,18,3,0,1,2,610.049356,121.670498,0.04791584
43,106,3857273,2022-11-25,Wales - Iran,Group Stage,23874,Ali Gholizadeh,797,Iran,907,Wales,0,12,Right Midfield,1,80.181583,106.602917,0,33,21,0,26,1,0,0,0,0,2,1,9,0,0,2,0,537.696536,177.606401,0.04282673
43,106,3857273,2022-11-25,Wales - Iran,Group Stage,124167,Ahmad Nourollahi,797,Iran,907,Wales,0,11,Left Defensive Midfield,1,81.865917,106.602917,0,20,13,0,21,4,1,0,0,0,2,1,17,4,3,0,0,532.631051,85.233531,0.05194871
43,106,3857273,2022-11-25,Wales - Iran,Group Stage,125823,Seyed Hossein Hosseini,797,Iran,907,Wales,0,1,Goalkeeper,1,106.602917,106.602917,0,28,15,1,13,0,0,0,0,0,0,0,0,0,0,0,0,1423.399402,115.519978,0
43,106,3857273,2022-11-25,Wales - Iran,Group Stage,5222,Roozbeh Cheshmi,797,Iran,907,Wales,0,11,Left Defensive Midfield,0,24.737,106.602917,0,5,2,0,1,1,1,1,0,0,0,0,2,0,0,0,0,92.826209,1.603122,0.03268815
43,106,3857273,2022-11-25,Wales - Iran,Group Stage,5231,Karim Ansarifard,797,Iran,907,Wales,0,23,Center Forward,0,34.839017,106.602917,0,4,3,0,3,1,0,0,0,0,0,0,2,0,1,0,0,60.070336,26.065207,0.06399969
43,106,3857273,2022-11-25,Wales - Iran,Group Stage,5239,Alireza Jahanbakhsh,797,Iran,907,Wales,0,12,Right Midfield,0,26.421333,106.602917,0,8,6,0,9,2,0,0,0,0,1,1,3,0,0,1,0,160.756052,57.155179,0.04257612
43,106,3857273,2022-11-25,Wales - Iran,Group Stage,124161,Mehdi Torabi,797,Iran,907,Wales,0,16,Left Midfield,0,26.346333,106.602917,0,10,6,0,10,1,0,0,0,0,1,1,9,0,1,0,0,177.6915,62.863661,0.05105789
43,106,3857273,2022-11-25,Wales - Iran,Group Stage,125818,Ali Karimi,797,Iran,907,Wales,0,9,Right Defensive Midfield,0,19.963167,106.602917,0,7,3,0,6,0,0,0,0,0,0,0,5,0,0,1,0,210.739281,17.604506,0
43,106,3857273,2022-11-25,Wales - Iran,Group Stage,3086,Ben Davies,907,Wales,797,Iran,1,5,Left Center Back,1,106.602917,106.602917,0,78,65,0,57,1,1,0,0,0,1,1,10,2,0,0,1,1789.292396,341.729212,0.05353787
43,106,3857273,2022-11-25,Wales - Iran,Group Stage,3488,Wayne Hennessey,907,Wales,797,Iran,1,1,Goalkeeper,1,88.182083,106.602917,0,34,30,1,21,0,0,0,0,0,0,0,1,0,0,1,0,1052.805212,81.948224,0
43,106,3857273,2022-11-25,Wales - Iran,Group Stage,3517,Aaron Ramsey,907,Wales,797,Iran,1,13,Right Center Midfield,1,91.26815,106.602917,0,50,38,0,47,1,0,0,0,0,3,0,4,0,1,0,1,1170.066328,264.658646,0.02536143
43,106,3857273,2022-11-25,Wales - Iran,Group Stage,3853,Kieffer Roberto Francisco Moore,907,Wales,797,Iran,1,24,Left Center Forward,1,106.602917,106.602917,0,28,17,0,15,2,1,0,0,0,0,0,15,1,1,1,2,431.97444,74.949158,0.3495107
43,106,3857273,2022-11-25,Wales - Iran,Group Stage,4767,Chris Mepham,907,Wales,797,Iran,1,3,Right Center Back,1,106.602917,106.602917,0,61,49,0,44,0,0,0,0,0,0,0,6,0,1,2,1,1427.551827,237.138109,0
43,106,3857273,2022-11-25,Wales - Iran,Group Stage,4774,Connor Roberts,907,Wales,797,Iran,1,7,Right Wing Back,1,61.350117,106.602917,0,39,27,0,25,0,0,0,0,0,0,0,3,0,1,0,0,766.546863,55.778607,0
43,106,3857273,2022-11-25,Wales - Iran,Group Stage,4934,Ethan Ampadu,907,Wales,797,Iran,1,10,Center Defensive Midfield,1,81.329117,106.602917,0,68,54,0,48,0,0,0,0,0,2,2,8,0,1,2,1,1483.354658,379.39109,0
43,106,3857273,2022-11-25,Wales - Iran,Group Stage,6399,Gareth Frank Bale,907,Wales,797,Iran,1,22,Right Center Forward,1,106.602917,106.602917,0,25,19,1,20,1,1,0,0,0,2,1,6,0,0,0,1,441.246893,93.625608,0.02170084
43,106,3857273,2022-11-25,Wales - Iran,Group Stage,9540,Harry Wilson,907,Wales,797,Iran,1,15,Left Center Midfield,1,61.357267,106.602917,0,27,19,0,19,1,0,0,0,0,0,0,5,0,0,0,1,557.25358,74.002697,0.0301648
43,106,3857273,2022-11-25,Wales - Iran,Group Stage,11250,Joe Rodon,907,Wales,797,Iran,1,4,Center Back,1,106.602917,106.602917,0,57,54,0,42,0,0,0,0,0,0,0,6,1,2,1,0,1210.682037,189.798308,0
43,106,3857273,2022-11-25,Wales - Iran,Group Stage,34794,Neco Williams,907,Wales,797,Iran,1,8,Left Wing Back,1,106.602917,106.602917,0,56,42,0,44,3,0,0,0,0,6,1,14,3,1,2,1,1222.670159,236.942226,0.07557114
43,106,3857273,2022-11-25,Wales - Iran,Group Stage,9914,Daniel Ward,907,Wales,797,Iran,1,1,Goalkeeper,0,15.334767,106.602917,0,7,4,0,2,0,0,0,0,0,0,0,0,0,0,0,0,478.820254,9.706184,0
43,106,3857273,2022-11-25,Wales - Iran,Group Stage,10931,Joe Allen,907,Wales,797,Iran,1,9,Right Defensive Midfield,0,25.2738,106.602917,0,9,7,0,6,0,0,0,0,0,0,0,2,0,1,0,0,142.220996,28.907347,0
43,106,3857273,2022-11-25,Wales - Iran,Group Stage,11252,Daniel James,907,Wales,797,Iran,1,15,Left Center Midfield,0,45.24565,106.602917,0,11,6,0,9,0,0,0,0,0,1,0,7,2,1,0,1,177.87468,73.503897,0
43,106,3857273,2022-11-25,Wales - Iran,Group Stage,29377,Brennan Johnson,907,Wales,797,Iran,1,7,Right Wing Back,0,45.2528,106.602917,0,9,7,0,13,1,0,0,0,0,2,1,3,0,0,0,0,133.649809,108.641755,0.05978841
43,106,3857274,2022-11-25,Netherlands - Ecuador,Group Stage,3306,Nathan Aké,941,Netherlands,3565,Ecuador,1,5,Left Center Back,1,100.1477,100.1477,0,82,73,1,60,0,0,0,0,0,0,0,7,3,1,0,2,1695.727142,565.863454,0
43,106,3857274,2022-11-25,Netherlands - Ecuador,Group Stage,3311,Daley Blind,941,Netherlands,3565,Ecuador,1,8,Left Wing Back,1,100.1477,100.1477,0,66,56,0,47,0,0,0,0,0,0,0,11,3,1,0,0,1507.356204,150.441942,0
43,106,3857274,2022-11-25,Netherlands - Ecuador,Group Stage,3669,Virgil van Dijk,941,Netherlands,3565,Ecuador,1,4,Center Back,1,100.1477,100.1477,0,55,48,0,36,0,0,0,0,0,0,0,7,1,1,0,2,1518.799793,188.529524,0
43,106,3857274,2022-11-25,Netherlands - Ecuador,Group Stage,4318,Davy Klaassen,941,Netherlands,3565,Ecuador,1,19,Center Attacking Midfield,1,72.934,100.1477,0,26,21,0,14,0,0,0,0,1,0,0,6,0,0,0,0,354.272304,53.169712,0
43,106,3857274,2022-11-25,Netherlands - Ecuador,Group Stage,7891,Teun Koopmeiners,941,Netherlands,3565,Ecuador,1,9,Right Defensive Midfield,1,83.044883,100.1477,0,37,29,0,31,1,0,0,0,0,1,1,24,1,1,2,1,621.20026,169.152633,0.04520454
43,106,3857274,2022-11-25,Netherlands - Ecuador,Group Stage,8118,Frenkie de Jong,941,Netherlands,3565,Ecuador,1,11,Left Defensive Midfield,1,100.1477,100.1477,0,73,67,0,49,0,0,0,0,0,1,0,16,6,0,1,0,1243.784713,377.496886,0
43,106,3857274,2022-11-25,Netherlands - Ecuador,Group Stage,8125,Denzel Dumfries,941,Netherlands,3565,Ecuador,1,7,Right Wing Back,1,100.1477,100.1477,0,30,19,0,19,0,0,0,0,0,1,0,16,4,1,4,3,484.279412,97.317056,0
43,106,3857274,2022-11-25,Netherlands - Ecuador,Group Stage,8259,Steven Bergwijn,941,Netherlands,3565,Ecuador,1,24,Left Center Forward,1,48.99825,100.1477,0,16,15,0,16,0,0,0,0,0,1,1,3,0,0,1,2,142.323524,69.448332,0
43,106,3857274,2022-11-25,Netherlands - Ecuador,Group Stage,8326,Andries Noppert,941,Netherlands,3565,Ecuador,1,1,Goalkeeper,1,100.1477,100.1477,0,44,36,2,23,0,0,0,0,0,0,0,0,0,0,0,0,1243.059661,94.865202,0
43,106,3857274,2022-11-25,Netherlands - Ecuador,Group Stage,20750,Cody Mathès Gakpo,941,Netherlands,3565,Ecuador,1,22,Right Center Forward,1,82.93755,100.1477,0,20,12,0,22,1,1,1,0,0,1,0,11,1,0,1,1,332.189094,139.289602,0.05925949
43,106,3857274,2022-11-25,Netherlands - Ecuador,Group Stage,21809,Jurriën David Norman Timber,941,Netherlands,3565,Ecuador,1,3,Right Center Back,1,100.1477,100.1477,0,64,56,0,46,0,0,0,0,0,1,1,22,4,0,6,0,1283.154713,242.928962,0
43,106,3857274,2022-11-25,Netherlands - Ecuador,Group Stage,2988,Memphis Depay,941,Netherlands,3565,Ecuador,1,24,Left Center Forward,0,51.14945,100.1477,0,12,9,0,13,0,0,0,0,0,2,0,1,0,0,0,1,179.902287,42.065826,0
43,106,3857274,2022-11-25,Netherlands - Ecuador,Group Stage,6994,Marten de Roon,941,Netherlands,3565,Ecuador,1,9,Right Defensive Midfield,0,17.102817,100.1477,0,9,7,1,5,0,0,0,0,0,0,0,5,1,0,0,0,147.428876,8.034154,0
43,106,3857274,2022-11-25,Netherlands - Ecuador,Group Stage,7745,Steven Berghuis,941,Netherlands,3565,Ecuador,1,19,Center Attacking Midfield,0,27.2137,100.1477,0,16,8,0,11,0,0,0,0,0,0,0,5,1,0,1,0,274.322085,48.182499,0
43,106,3857274,2022-11-25,Netherlands - Ecuador,Group Stage,7829,Wout Weghorst,941,Netherlands,3565,Ecuador,1,22,Right Center Forward,0,17.21015,100.1477,0,2,1,0,1,0,0,0,0,0,0,0,1,0,0,0,0,23.000178,3.811824,0
43,106,3857274,2022-11-25,Netherlands - Ecuador,Group Stage,23830,Jhegson Sebastián Méndez Carabalí,3565,Ecuador,941,Netherlands,0,9,Right Defensive Midfield,1,100.1477,100.1477,0,63,54,1,47,0,0,0,0,0,1,0,19,0,1,1,1,1080.053432,176.040618,0
43,106,3857274,2022-11-25,Netherlands - Ecuador,Group Stage,24085,Pervis Josué Estupiñán Tenorio,3565,Ecuador,941,Netherlands,0,8,Left Wing Back,1,100.1477,100.1477,0,59,44,0,39,2,1,0,0,0,5,0,15,3,3,2,3,1092.389886,308.00909,0.27007267
43,106,3857274,2022-11-25,Netherlands - Ecuador,Group Stage,28559,Enner Remberto Valencia Lastra,3565,Ecuador,941,Netherlands,0,20,Left Attacking Midfield,1,93.040283,100.1477,0,21,17,1,35,5,2,1,0,0,4,1,14,1,2,1,2,326.15131,268.216641,1.00266021
43,106,3857274,2022-11-25,Netherlands - Ecuador,Group Stage,30111,Felix Eduardo Torres Caicedo,3565,Ecuador,941,Netherlands,0,4,Center Back,1,100.1477,100.1477,0,64,53,0,48,0,0,0,0,0,0,0,2,1,1,0,0,1628.195608,346.686117,0
43,106,3857274,2022-11-25,Netherlands - Ecuador,Group Stage,31152,Gonzalo Jordy Plata Jiménez,3565,Ecuador,941,Netherlands,0,18,Right Attacking Midfield,1,93.162833,100.1477,0,33,27,0,30,1,0,0,0,0,3,1,25,1,0,0,0,543.110361,198.752935,0.04633544
43,106,3857274,2022-11-25,Netherlands - Ecuador,Group Stage,34396,Michael Steveen Estrada Martínez,3565,Ecuador,941,Netherlands,0,23,Center Forward,1,77.387917,100.1477,0,17,15,0,16,2,0,0,0,0,0,0,14,1,0,3,3,351.428526,94.506554,0.20384319
43,106,3857274,2022-11-25,Netherlands - Ecuador,Group Stage,37522,Hernán Ismael Galíndez,3565,Ecuador,941,Netherlands,0,1,Goalkeeper,1,100.1477,100.1477,0,20,12,2,9,0,0,0,0,0,0,0,0,0,0,0,0,786.51769,38.394513,0
43,106,3857274,2022-11-25,Netherlands - Ecuador,Group Stage,37726,Moisés Isaac Caicedo Corozo,3565,Ecuador,941,Netherlands,0,11,Left Defensive Midfield,1,100.1477,100.1477,0,55,43,1,40,2,0,0,0,0,1,1,26,5,0,3,1,809.483575,182.497388,0.06390685
43,106,3857274,2022-11-25,Netherlands - Ecuador,Group Stage,37737,Angelo Smit Preciado Quiñónez,3565,Ecuador,941,Netherlands,0,7,Right Wing Back,1,100.1477,100.1477,0,37,26,1,25,3,1,0,0,0,1,0,14,2,2,0,0,753.588744,106.278377,0.06423594
43,106,3857274,2022-11-25,Netherlands - Ecuador,Group Stage,38004,Piero Martín Hincapié Reyna,3565,Ecuador,941,Netherlands,0,5,Left Center Back,1,100.1477,100.1477,0,44,29,0,23,0,0,0,0,0,0,0,22,5,2,3,1,1141.998026,122.527514,0
43,106,3857274,2022-11-25,Netherlands - Ecuador,Group Stage,51969,Jackson Gabriel Porozo Vernaza,3565,Ecuador,941,Netherlands,0,3,Right Center Back,1,100.1477,100.1477,0,37,33,0,28,0,0,0,0,0,0,0,11,2,4,0,2,760.059912,160.288162,0
43,106,3857274,2022-11-25,Netherlands - Ecuador,Group Stage,12803,Romario Andrés Ibarra Mina,3565,Ecuador,941,Netherlands,0,18,Right Attacking Midfield,0,6.984867,100.1477,0,2,0,0,1,0,0,0,0,0,0,0,4,0,0,0,0,35.311633,8.20061,0
43,106,3857274,2022-11-25,Netherlands - Ecuador,Group Stage,40211,Jeremy Leonel Sarmiento Morante,3565,Ecuador,941,Netherlands,0,20,Left Attacking Midfield,0,22.759783,100.1477,0,10,6,0,8,0,0,0,0,0,0,0,1,0,0,0,1,156.502804,53.649066,0
43,106,3857274,2022-11-25,Netherlands - Ecuador,Group Stage,348757,Kevin José Rodríguez Cortez,3565,Ecuador,941,Netherlands,0,23,Center Forward,0,7.107417,100.1477,0,1,0,0,0,0,0,0,0,0,0,0,3,0,0,0,0,7.569016,0,0
43,106,3857301,2022-11-25,Qatar - Senegal,Group Stage,2941,Ismaïla Sarr,787,Senegal,3566,Qatar,0,17,Right Wing,1,81.026133,103.1096,0,16,11,0,23,2,0,0,0,0,6,3,10,1,1,0,1,282.880375,133.341673,0.10360266
43,106,3857301,2022-11-25,Qatar - Senegal,Group Stage,3404,Youssouf Sabaly,787,Senegal,3566,Qatar,0,2,Right Back,1,103.1096,103.1096,0,79,69,1,66,0,0,0,0,0,1,1,10,1,0,1,3,1555.576079,482.481729,0
43,106,3857301,2022-11-25,Qatar - Senegal,Group Stage,3436,Idrissa Gana Gueye,787,Senegal,3566,Qatar,0,11,Left Defensive Midfield,1,103.1096,103.1096,0,56,48,0,46,1,0,0,0,0,0,0,23,1,2,0,0,1042.881338,253.457955,0.02933291
43,106,3857301,2022-11-25,Qatar - Senegal,Group Stage,4506,Nampalys Mendy,787,Senegal,3566,Qatar,0,9,Right Defensive Midfield,1,84.03685,103.1096,0,48,46,0,39,2,0,0,0,0,3,2,9,0,0,1,1,1065.874693,140.78664,0.09337051
43,106,3857301,2022-11-25,Qatar - Senegal,Group Stage,5675,Kalidou Koulibaly,787,Senegal,3566,Qatar,0,3,Right Center Back,1,103.1096,103.1096,0,67,60,0,58,0,0,0,0,0,0,0,6,2,1,1,0,1881.72045,256.365294,0
43,106,3857301,2022-11-25,Qatar - Senegal,Group Stage,7379,Edouard Mendy,787,Senegal,3566,Qatar,0,1,Goalkeeper,1,103.1096,103.1096,0,32,25,0,17,0,0,0,0,0,0,0,0,0,0,0,0,1317.642619,69.870722,0
43,106,3857301,2022-11-25,Qatar - Senegal,Group Stage,8553,Abdou Diallo,787,Senegal,3566,Qatar,0,5,Left Center Back,1,103.1096,103.1096,0,75,66,0,59,0,0,0,0,0,0,0,2,0,1,0,0,2033.994133,437.781566,0
43,106,3857301,2022-11-25,Qatar - Senegal,Group Stage,13314,Famara Diedhiou,787,Senegal,3566,Qatar,0,23,Center Forward,1,80.8601,103.1096,0,9,6,0,12,3,1,1,0,0,0,0,15,0,0,2,1,102.086707,29.502447,0.2381202
43,106,3857301,2022-11-25,Qatar - Senegal,Group Stage,20611,Boulaye Dia,787,Senegal,3566,Qatar,0,19,Center Attacking Midfield,1,103.1096,103.1096,0,22,16,0,23,2,1,1,0,0,1,1,10,0,1,2,2,320.124848,103.124737,0.2829759
43,106,3857301,2022-11-25,Qatar - Senegal,Group Stage,20758,Krépin Diatta,787,Senegal,3566,Qatar,0,21,Left Wing,1,70.79045,103.1096,0,27,21,0,29,1,1,0,0,0,3,1,24,1,0,1,0,374.254063,206.476928,0.03948588
43,106,3857301,2022-11-25,Qatar - Senegal,Group Stage,32915,Ismail Jakobs,787,Senegal,3566,Qatar,0,6,Left Back,1,84.03285,103.1096,0,63,49,2,41,0,0,0,0,1,0,0,7,1,0,2,1,1192.709718,185.70117,0
43,106,3857301,2022-11-25,Qatar - Senegal,Group Stage,15970,Pape Abou Cissé,787,Senegal,3566,Qatar,0,5,Left Center Back,0,19.07675,103.1096,0,12,9,0,9,0,0,0,0,0,0,0,1,0,0,0,0,388.649128,29.245614,0
43,106,3857301,2022-11-25,Qatar - Senegal,Group Stage,31751,Pathé Ismaël Ciss,787,Senegal,3566,Qatar,0,10,Center Defensive Midfield,0,32.31915,103.1096,0,12,11,0,11,0,0,0,0,0,0,0,7,2,0,1,0,219.405958,59.495973,0
43,106,3857301,2022-11-25,Qatar - Senegal,Group Stage,50498,Pape Matar Sarr,787,Senegal,3566,Qatar,0,13,Right Center Midfield,0,19.07275,103.1096,0,15,13,0,9,0,0,0,0,0,0,0,2,1,0,0,0,407.592281,50.899386,0
43,106,3857301,2022-11-25,Qatar - Senegal,Group Stage,80484,Iliman Ndiaye,787,Senegal,3566,Qatar,0,17,Right Wing,0,22.083467,103.1096,0,10,9,0,12,0,0,0,0,1,3,2,2,0,0,0,0,110.889321,92.233769,0
43,106,3857301,2022-11-25,Qatar - Senegal,Group Stage,88123,Cheikh Ahmadou Bamba Mbacke Dieng,787,Senegal,3566,Qatar,0,23,Center Forward,0,22.2495,103.1096,0,4,3,0,4,1,1,1,0,0,0,0,9,0,0,2,1,25.828541,9.162183,0.11607656
43,106,3857301,2022-11-25,Qatar - Senegal,Group Stage,40784,Akram Hassan Afif,3566,Qatar,787,Senegal,1,24,Left Center Forward,1,103.1096,103.1096,0,49,40,0,41,1,0,0,0,0,2,1,8,0,0,1,1,1233.040829,393.262603,0.01999089
43,106,3857301,2022-11-25,Qatar - Senegal,Group Stage,124488,Hassan Khalid Al Heidos,3566,Qatar,787,Senegal,1,15,Left Center Midfield,1,81.365933,103.1096,0,25,21,0,21,0,0,0,0,0,0,0,17,0,0,1,0,576.098954,194.473246,0
43,106,3857301,2022-11-25,Qatar - Senegal,Group Stage,124492,Karim Boudiaf,3566,Qatar,787,Senegal,1,13,Right Center Midfield,1,75.388517,103.1096,0,35,31,0,31,0,0,0,0,0,0,0,13,0,0,0,1,714.667649,199.725625,0
43,106,3857301,2022-11-25,Qatar - Senegal,Group Stage,124493,Boualem Khoukhi,3566,Qatar,787,Senegal,1,4,Center Back,1,103.1096,103.1096,0,64,57,0,44,0,0,0,0,0,1,0,8,3,0,1,3,1677.128539,259.368823,0
43,106,3857301,2022-11-25,Qatar - Senegal,Group Stage,124494,Abdelkarim Hassan Al Haj Fadlalla,3566,Qatar,787,Senegal,1,5,Left Center Back,1,103.1096,103.1096,0,47,34,1,43,4,0,0,0,0,0,0,12,3,0,1,0,1430.136769,365.174157,0.20156484
43,106,3857301,2022-11-25,Qatar - Senegal,Group Stage,124495,Almoez Ali Zainalabiddin Abdulla,3566,Qatar,787,Senegal,1,22,Right Center Forward,1,103.1096,103.1096,0,22,16,0,28,2,1,0,0,0,2,2,21,2,0,1,1,423.097731,121.637422,0.27114231
43,106,3857301,2022-11-25,Qatar - Senegal,Group Stage,124500,Assim Omer Al Haj Madibo,3566,Qatar,787,Senegal,1,10,Center Defensive Midfield,1,103.1096,103.1096,0,41,38,0,34,0,0,0,0,0,0,0,26,5,1,1,1,693.566467,141.838191,0
43,106,3857301,2022-11-25,Qatar - Senegal,Group Stage,124506,Pedro Miguel Correia,3566,Qatar,787,Senegal,1,3,Right Center Back,1,89.3109,103.1096,0,36,23,0,26,0,0,0,0,0,0,0,9,4,4,1,1,924.156089,93.937018,0
43,106,3857301,2022-11-25,Qatar - Senegal,Group Stage,124510,Meshaal Aissa Barsham,3566,Qatar,787,Senegal,1,1,Goalkeeper,1,103.1096,103.1096,0,32,27,0,17,0,0,0,0,0,0,0,0,0,0,0,0,896.678868,62.735464,0
43,106,3857301,2022-11-25,Qatar - Senegal,Group Stage,124899,Ismaeel Mohammad Mohammad,3566,Qatar,787,Senegal,1,7,Right Wing Back,1,103.1096,103.1096,0,38,28,1,29,1,1,0,0,1,0,0,13,2,1,1,3,710.9168,175.159916,0.3277431
43,106,3857301,2022-11-25,Qatar - Senegal,Group Stage,124900,Homam Alamin Ahmed,3566,Qatar,787,Senegal,1,8,Left Wing Back,1,89.210817,103.1096,0,34,24,1,23,0,0,0,0,0,0,0,9,0,1,2,2,760.679609,126.061751,0
43,106,3857301,2022-11-25,Qatar - Senegal,Group Stage,124504,Tarek Salman Salman,3566,Qatar,787,Senegal,1,8,Left Wing Back,0,13.898783,103.1096,0,11,7,0,8,0,0,0,0,0,0,0,1,1,1,0,0,231.742725,39.781722,0
43,106,3857301,2022-11-25,Qatar - Senegal,Group Stage,124514,Abdulaziz Hatem Mohammed Abdullah,3566,Qatar,787,Senegal,1,13,Right Center Midfield,0,27.721083,103.1096,0,8,7,1,7,0,0,0,0,0,0,0,1,0,1,0,0,158.51056,47.626807,0
43,106,3857301,2022-11-25,Qatar - Senegal,Group Stage,124901,Mohammed Muntari,3566,Qatar,787,Senegal,1,15,Left Center Midfield,0,21.743667,103.1096,0,2,2,0,2,2,1,1,0,0,0,0,7,0,0,1,0,45.625977,4.301163,0.13964503
43,106,3857301,2022-11-25,Qatar - Senegal,Group Stage,124909,Mohammed Waed Abdulwahhab Al Bayati,3566,Qatar,787,Senegal,1,3,Right Center Back,0,13.7987,103.1096,0,8,7,0,8,0,0,0,0,0,0,0,4,1,1,0,0,205.329665,55.585108,0
43,106,3857266,2022-11-26,France - Denmark,Group Stage,3009,Kylian Mbappé Lottin,771,France,776,Denmark,1,21,Left Wing,1,100.21955,100.21955,0,37,30,0,51,6,4,2,0,0,7,3,2,0,0,0,5,693.470734,376.419342,0.7358121
43,106,3857266,2022-11-26,France - Denmark,Group Stage,3026,Adrien Rabiot,771,France,776,Denmark,1,11,Left Defensive Midfield,1,100.21955,100.21955,0,44,41,0,38,4,1,0,0,0,0,0,18,3,3,1,0,758.126572,203.054609,0.25461549
43,106,3857266,2022-11-26,France - Denmark,Group Stage,3099,Hugo Lloris,771,France,776,Denmark,1,1,Goalkeeper,1,100.21955,100.21955,0,34,20,1,20,0,0,0,0,0,0,0,0,0,0,0,0,1470.080668,83.34764,0
43,106,3857266,2022-11-26,France - Denmark,Group Stage,3604,Olivier Giroud,771,France,776,Denmark,1,23,Center Forward,1,65.049117,100.21955,0,10,8,0,9,2,0,0,0,0,0,0,3,0,0,0,1,181.498297,23.824429,0.16406026
43,106,3857266,2022-11-26,France - Denmark,Group Stage,4445,Jules Koundé,771,France,776,Denmark,1,2,Right Back,1,100.21955,100.21955,0,68,53,0,55,2,0,0,0,0,1,1,8,1,1,1,0,1222.218678,218.548818,0.13569234
43,106,3857266,2022-11-26,France - Denmark,Group Stage,5477,Ousmane Dembélé,771,France,776,Denmark,1,17,Right Wing,1,77.233233,100.21955,0,27,23,0,38,2,0,0,0,0,8,4,13,2,0,1,0,526.541217,365.003844,0.09444077
43,106,3857266,2022-11-26,France - Denmark,Group Stage,5485,Raphaël Varane,771,France,776,Denmark,1,3,Right Center Back,1,76.911917,100.21955,0,38,35,0,27,1,0,0,0,0,0,0,4,0,0,0,0,707.304658,174.503846,0.0425816
43,106,3857266,2022-11-26,France - Denmark,Group Stage,5487,Antoine Griezmann,771,France,776,Denmark,1,19,Center Attacking Midfield,1,95.275833,100.21955,0,50,37,2,40,2,1,0,0,1,1,1,18,3,3,0,1,1195.74657,231.332839,0.22818868
43,106,3857266,2022-11-26,France - Denmark,Group Stage,6704,Theo Bernard François Hernández,771,France,776,Denmark,1,6,Left Back,1,100.21955,100.21955,0,72,66,0,62,0,0,0,0,1,2,1,14,4,1,0,2,1254.152693,393.04612,0
43,106,3857266,2022-11-26,France - Denmark,Group Stage,8519,Dayotchanculle Upamecano,771,France,776,Denmark,1,5,Left Center Back,1,100.21955,100.21955,0,58,54,1,47,0,0,0,0,0,0,0,15,5,3,0,1,1490.025352,288.756208,0
43,106,3857266,2022-11-26,France - Denmark,Group Stage,10481,Aurélien Djani Tchouaméni,771,France,776,Denmark,1,9,Right Defensive Midfield,1,100.21955,100.21955,0,68,67,0,63,2,0,0,0,0,0,0,9,4,2,1,1,1348.093563,390.345883,0.27817819
43,106,3857266,2022-11-26,France - Denmark,Group Stage,2972,Marcus Thuram,771,France,776,Denmark,1,23,Center Forward,0,35.170433,100.21955,0,5,4,0,6,0,0,0,0,0,1,1,2,0,2,0,0,51.240206,66.775437,0
43,106,3857266,2022-11-26,France - Denmark,Group Stage,8217,Kingsley Coman,771,France,776,Denmark,1,17,Right Wing,0,22.986317,100.21955,0,14,13,0,21,0,0,0,0,0,5,5,2,0,0,0,0,213.052621,112.753781,0
43,106,3857266,2022-11-26,France - Denmark,Group Stage,11135,Ibrahima Konaté,771,France,776,Denmark,1,3,Right Center Back,0,23.307633,100.21955,0,13,11,0,10,0,0,0,0,0,0,0,0,0,0,0,0,302.885097,59.643563,0
43,106,3857266,2022-11-26,France - Denmark,Group Stage,11990,Youssouf Fofana,771,France,776,Denmark,1,15,Left Center Midfield,0,4.943717,100.21955,0,2,2,0,3,0,0,0,0,0,0,0,1,0,0,0,0,36.223286,16.463974,0
43,106,3857266,2022-11-26,France - Denmark,Group Stage,3043,Christian Dannemann Eriksen,776,Denmark,771,France,0,11,Left Defensive Midfield,1,100.21955,100.21955,0,71,58,0,56,2,0,0,0,0,0,0,11,1,2,1,0,1668.575203,333.185678,0.0333931
43,106,3857266,2022-11-26,France - Denmark,Group Stage,3570,Pierre-Emile Højbjerg,776,Denmark,771,France,0,9,Right Defensive Midfield,1,100.21955,100.21955,0,70,61,0,66,1,0,0,0,0,1,1,12,5,0,0,0,1445.140015,336.593896,0.01515358
43,106,3857266,2022-11-26,France - Denmark,Group Stage,3815,Kasper Schmeichel,776,Denmark,771,France,0,1,Goalkeeper,1,100.21955,100.21955,0,17,16,0,7,0,0,0,0,0,0,0,0,0,0,0,0,356.799452,43.320121,0
43,106,3857266,2022-11-26,France - Denmark,Group Stage,3959,Andreas Christensen,776,Denmark,771,France,0,4,Center Back,1,100.21955,100.21955,0,72,69,0,64,1,1,1,0,0,0,0,5,0,3,1,0,1462.673282,308.739535,0.25384808
43,106,3857266,2022-11-26,France - Denmark,Group Stage,5732,Andreas Evald Cornelius,776,Denmark,771,France,0,23,Center Forward,1,48.056883,100.21955,0,15,10,1,12,1,0,0,0,0,0,0,12,0,0,3,0,189.688159,37.214897,0.04826988
43,106,3857266,2022-11-26,France - Denmark,Group Stage,8247,Joachim Andersen,776,Denmark,771,France,0,3,Right Center Back,1,100.21955,100.21955,0,46,42,0,39,2,0,0,0,0,0,0,8,2,0,2,0,1052.364921,264.802107,0.0970914
43,106,3857266,2022-11-26,France - Denmark,Group Stage,16190,Rasmus Nissen Kristensen,776,Denmark,771,France,0,7,Right Wing Back,1,94.683433,100.21955,0,76,56,0,58,0,0,0,0,0,3,1,6,5,0,2,0,1338.805467,307.652839,0
43,106,3857266,2022-11-26,France - Denmark,Group Stage,16554,Joakim Mæhle,776,Denmark,771,France,0,8,Left Wing Back,1,100.21955,100.21955,0,43,37,0,33,1,0,0,0,0,1,0,16,4,1,0,0,709.564339,76.175084,0.01363296
43,106,3857266,2022-11-26,France - Denmark,Group Stage,17043,Victor Nelsson,776,Denmark,771,France,0,5,Left Center Back,1,100.21955,100.21955,0,72,68,0,55,0,0,0,0,0,0,0,7,0,1,0,2,1329.555786,333.74963,0
43,106,3857266,2022-11-26,France - Denmark,Group Stage,24443,Mikkel Damsgaard,776,Denmark,771,France,0,21,Left Wing,1,76.009333,100.21955,0,29,23,0,32,0,0,0,0,0,0,0,17,3,0,0,1,441.387582,136.031177,0
43,106,3857266,2022-11-26,France - Denmark,Group Stage,27569,Jesper Lindstrøm,776,Denmark,771,France,0,17,Right Wing,1,87.338467,100.21955,0,24,15,0,29,1,1,0,0,0,5,2,23,0,4,1,1,297.576825,116.807775,0.18929456
43,106,3857266,2022-11-26,France - Denmark,Group Stage,4447,Martin Braithwaite Christensen,776,Denmark,771,France,0,23,Center Forward,0,52.162667,100.21955,0,7,3,0,8,1,0,0,0,0,2,1,5,0,0,0,0,84.760543,28.904087,0.23786028
43,106,3857266,2022-11-26,France - Denmark,Group Stage,6302,Kasper Dolberg,776,Denmark,771,France,0,21,Left Wing,0,24.210217,100.21955,0,3,3,0,4,0,0,0,0,0,2,1,2,0,0,0,0,58.115726,3.7,0
43,106,3857266,2022-11-26,France - Denmark,Group Stage,7097,Christian Nørgaard,776,Denmark,771,France,0,10,Center Defensive Midfield,0,12.881083,100.21955,0,15,14,0,9,0,0,0,0,0,0,0,0,0,0,0,0,232.10754,49.556851,0
43,106,3857266,2022-11-26,France - Denmark,Group Stage,24547,Alexander Hartmann Bah,776,Denmark,771,France,0,7,Right Wing Back,0,5.536117,100.21955,0,7,4,0,4,0,0,0,0,0,1,1,3,1,0,1,0,130.479107,8.960057,0
43,106,3857288,2022-11-26,Tunisia - Australia,Group Stage,3557,Naïm Sliti,777,Tunisia,792,Australia,1,18,Right Attacking Midfield,1,101.307233,101.307233,0,40,23,2,34,1,0,0,0,0,4,2,15,2,0,0,2,864.028296,257.850175,0.1403044
43,106,3857288,2022-11-26,Tunisia - Australia,Group Stage,3767,Ellyes Joris Skhiri,777,Tunisia,792,Australia,1,9,Right Defensive Midfield,1,101.307233,101.307233,0,57,49,0,43,0,0,0,0,0,2,0,14,2,2,0,1,1096.594404,181.029755,0
43,106,3857288,2022-11-26,Tunisia - Australia,Group Stage,5651,Yassine Meriah,777,Tunisia,792,Australia,1,4,Center Back,1,101.307233,101.307233,0,80,62,0,61,0,0,0,0,0,2,1,9,3,0,0,1,1939.810499,249.673582,0
43,106,3857288,2022-11-26,Tunisia - Australia,Group Stage,5655,Dylan Daniel Mahmoud Bronn,777,Tunisia,792,Australia,1,3,Right Center Back,1,77.736867,101.307233,0,54,41,4,39,0,0,0,0,0,0,0,8,2,1,1,0,1146.744566,117.923797,0
43,106,3857288,2022-11-26,Tunisia - Australia,Group Stage,9236,Mohamed Dräger,777,Tunisia,792,Australia,1,7,Right Wing Back,1,50.0151,101.307233,0,20,12,0,14,2,0,0,0,0,2,2,6,1,2,2,1,516.373276,55.193534,0.24955266
43,106,3857288,2022-11-26,Tunisia - Australia,Group Stage,16352,Issam Jebali,777,Tunisia,792,Australia,1,23,Center Forward,1,77.7362,101.307233,0,15,11,0,15,0,0,0,0,0,2,1,8,0,0,2,1,233.183337,89.823614,0
43,106,3857288,2022-11-26,Tunisia - Australia,Group Stage,23910,Youssef Msakni,777,Tunisia,792,Australia,1,20,Left Attacking Midfield,1,101.307233,101.307233,0,45,31,1,33,6,2,0,0,0,2,1,12,0,0,0,2,854.594293,315.594999,0.50295096
43,106,3857288,2022-11-26,Tunisia - Australia,Group Stage,30681,Ali Abdi,777,Tunisia,792,Australia,1,8,Left Wing Back,1,101.307233,101.307233,0,64,44,1,36,0,0,0,0,0,0,0,12,3,3,4,0,1453.003565,179.736278,0
43,106,3857288,2022-11-26,Tunisia - Australia,Group Stage,32450,Montassar Omar Talbi,777,Tunisia,792,Australia,1,5,Left Center Back,1,101.307233,101.307233,0,58,52,0,45,1,1,0,0,0,1,1,9,1,0,3,2,1361.733706,272.222369,0.0121598
43,106,3857288,2022-11-26,Tunisia - Australia,Group Stage,44955,Aïssa Bilal Laïdouni,777,Tunisia,792,Australia,1,11,Left Defensive Midfield,1,71.798767,101.307233,0,31,24,0,22,0,0,0,0,0,0,0,10,0,0,1,2,562.110171,83.980152,0
43,106,3857288,2022-11-26,Tunisia - Australia,Group Stage,105943,Aymen Dahmen,777,Tunisia,792,Australia,1,1,Goalkeeper,1,101.307233,101.307233,0,23,15,0,12,0,0,0,0,0,0,0,0,0,0,0,0,1102.201197,52.067384,0
43,106,3857288,2022-11-26,Tunisia - Australia,Group Stage,3196,Wahbi Khazri,777,Tunisia,792,Australia,1,19,Center Attacking Midfield,0,29.508467,101.307233,0,10,4,0,9,2,1,0,0,0,0,0,4,2,0,0,1,253.055601,60.69222,0.11406713
43,106,3857288,2022-11-26,Tunisia - Australia,Group Stage,5650,Ferjani Sassi,777,Tunisia,792,Australia,1,13,Right Center Midfield,0,51.292133,101.307233,0,32,24,0,28,1,0,0,0,0,2,1,11,2,0,1,1,668.533536,110.672267,0.02021944
43,106,3857288,2022-11-26,Tunisia - Australia,Group Stage,105944,Wajdi Kechrida,777,Tunisia,792,Australia,1,2,Right Back,0,23.570367,101.307233,0,18,13,0,8,0,0,0,0,0,0,0,0,0,0,0,0,295.934577,130.34331,0
43,106,3857288,2022-11-26,Tunisia - Australia,Group Stage,128793,Taha Yassine Khenissi,777,Tunisia,792,Australia,1,23,Center Forward,0,23.571033,101.307233,0,1,1,0,2,1,0,0,0,0,0,0,3,0,0,1,0,7.902531,38.281589,0.01291595
43,106,3857288,2022-11-26,Tunisia - Australia,Group Stage,3240,Mathew Ryan,792,Australia,777,Tunisia,0,1,Goalkeeper,1,101.307233,101.307233,0,38,17,2,16,0,0,0,0,0,0,0,0,0,0,0,1,2179.742434,106.492679,0
43,106,3857288,2022-11-26,Tunisia - Australia,Group Stage,3281,Aaron Mooy,792,Australia,777,Tunisia,0,11,Left Defensive Midfield,1,101.307233,101.307233,0,51,38,0,37,1,0,0,0,0,0,0,13,6,1,2,1,979.4137,189.061391,0.03919132
43,106,3857288,2022-11-26,Tunisia - Australia,Group Stage,5479,Aziz Eraltay Behich,792,Australia,777,Tunisia,0,6,Left Back,1,101.307233,101.307233,0,42,28,0,33,0,0,0,0,0,2,2,5,2,1,1,0,1056.150263,152.927168,0
43,106,3857288,2022-11-26,Tunisia - Australia,Group Stage,5481,Mathew Leckie,792,Australia,777,Tunisia,0,12,Right Midfield,1,89.497217,101.307233,0,28,20,0,29,0,0,0,0,0,3,0,19,2,0,3,1,396.694728,160.013065,0
43,106,3857288,2022-11-26,Tunisia - Australia,Group Stage,5490,Jackson Irvine,792,Australia,777,Tunisia,0,9,Right Defensive Midfield,1,101.307233,101.307233,0,32,29,1,15,1,0,0,0,0,0,0,14,3,3,3,1,509.453196,44.917874,0.07543106
43,106,3857288,2022-11-26,Tunisia - Australia,Group Stage,8346,Craig Goodwin,792,Australia,777,Tunisia,0,16,Left Midfield,1,89.563583,101.307233,0,33,21,0,27,0,0,0,0,0,0,0,9,3,1,0,1,811.016318,127.966323,0
43,106,3857288,2022-11-26,Tunisia - Australia,Group Stage,22293,Harry Souttar,792,Australia,777,Tunisia,0,3,Right Center Back,1,101.307233,101.307233,0,34,25,0,17,0,0,0,0,0,0,0,5,1,0,0,1,979.365963,62.588085,0
43,106,3857288,2022-11-26,Tunisia - Australia,Group Stage,28370,Fran Karačić,792,Australia,777,Tunisia,0,2,Right Back,1,79.845983,101.307233,0,39,23,0,17,3,0,0,0,0,1,0,8,1,1,2,0,876.070623,131.595566,0.05547328
43,106,3857288,2022-11-26,Tunisia - Australia,Group Stage,33477,Riley McGree,792,Australia,777,Tunisia,0,24,Left Center Forward,1,68.113383,101.307233,0,20,14,0,15,0,0,0,0,0,0,0,13,0,1,3,1,338.587554,41.020366,0
43,106,3857288,2022-11-26,Tunisia - Australia,Group Stage,33492,Mitchell Thomas Duke,792,Australia,777,Tunisia,0,22,Right Center Forward,1,68.044933,101.307233,0,18,10,0,13,4,2,1,0,0,1,1,6,0,0,0,2,259.565112,93.163155,0.18894212
43,106,3857288,2022-11-26,Tunisia - Australia,Group Stage,33495,Kye Rowles,792,Australia,777,Tunisia,0,5,Left Center Back,1,101.307233,101.307233,0,33,25,1,16,0,0,0,0,0,0,0,12,3,1,1,1,832.367067,31.940829,0
43,106,3857288,2022-11-26,Tunisia - Australia,Group Stage,8859,Ajdin Hrustic,792,Australia,777,Tunisia,0,22,Right Center Forward,0,33.19385,101.307233,0,13,10,1,15,0,0,0,0,0,2,0,10,0,0,1,1,139.279431,80.693566,0
43,106,3857288,2022-11-26,Tunisia - Australia,Group Stage,9980,Jamie MacLaren,792,Australia,777,Tunisia,0,24,Left Center Forward,0,33.2623,101.307233,0,10,5,0,4,0,0,0,0,0,0,0,7,0,1,0,0,156.583689,28.880523,0
43,106,3857288,2022-11-26,Tunisia - Australia,Group Stage,15957,Miloš Degenek,792,Australia,777,Tunisia,0,2,Right Back,0,21.46125,101.307233,0,7,5,0,1,0,0,0,0,0,0,0,2,1,0,0,1,232.019517,1.019804,0
43,106,3857288,2022-11-26,Tunisia - Australia,Group Stage,24475,Awer Denis Bul Mabil,792,Australia,777,Tunisia,0,16,Left Midfield,0,11.74365,101.307233,0,1,1,0,2,0,0,0,0,0,1,0,1,0,1,0,0,9.885848,36.213638,0
43,106,3857288,2022-11-26,Tunisia - Australia,Group Stage,33488,Keanu Baccus,792,Australia,777,Tunisia,0,12,Right Midfield,0,11.810017,101.307233,0,5,3,0,3,0,0,0,0,0,0,0,3,0,0,0,0,125.393607,47.473048,0
43,106,3857289,2022-11-26,Argentina - Mexico,Group Stage,2995,Ángel Fabián Di María Hernández,779,Argentina,794,Mexico,1,12,Right Midfield,1,74.2917,101.967467,0,29,21,0,36,0,0,0,0,1,7,4,6,0,0,0,1,530.903583,327.694959,0
43,106,3857289,2022-11-26,Argentina - Mexico,Group Stage,3090,Nicolás Hernán Otamendi,779,Argentina,794,Mexico,1,3,Right Center Back,1,101.967467,101.967467,0,84,76,0,63,0,0,0,0,0,0,0,12,2,1,3,2,1789.781385,266.963869,0
43,106,3857289,2022-11-26,Argentina - Mexico,Group Stage,5503,Lionel Andrés Messi Cuccittini,779,Argentina,794,Mexico,1,22,Right Center Forward,1,101.967467,101.967467,0,45,38,0,47,2,1,1,0,1,3,2,12,1,0,3,5,726.778265,292.549781,0.10124749
43,106,3857289,2022-11-26,Argentina - Mexico,Group Stage,6909,Damián Emiliano Martínez,779,Argentina,794,Mexico,1,1,Goalkeeper,1,101.967467,101.967467,0,27,18,0,13,0,0,0,0,0,0,0,0,0,0,0,0,1067.515482,49.645692,0
43,106,3857289,2022-11-26,Argentina - Mexico,Group Stage,7797,Rodrigo Javier De Paul,779,Argentina,794,Mexico,1,9,Right Defensive Midfield,1,101.967467,101.967467,0,70,59,1,54,0,0,0,0,0,2,0,13,3,0,0,3,1207.861364,414.896397,0
43,106,3857289,2022-11-26,Argentina - Mexico,Group Stage,11456,Lautaro Javier Martínez,779,Argentina,794,Mexico,1,24,Left Center Forward,1,67.92025,101.967467,0,7,3,0,9,1,0,0,0,0,1,1,6,0,0,0,0,88.71157,40.707226,0.13799548
43,106,3857289,2022-11-26,Argentina - Mexico,Group Stage,19597,Marcos Javier Acuña,779,Argentina,794,Mexico,1,6,Left Back,1,101.967467,101.967467,0,37,28,0,25,0,0,0,0,0,1,0,12,2,1,1,2,682.014975,181.417443,0
43,106,3857289,2022-11-26,Argentina - Mexico,Group Stage,26404,Guido Rodríguez,779,Argentina,794,Mexico,1,11,Left Defensive Midfield,1,62.2591,101.967467,0,62,54,0,47,0,0,0,0,0,0,0,6,2,0,0,0,1343.325184,195.712601,0
43,106,3857289,2022-11-26,Argentina - Mexico,Group Stage,27768,Lisandro Martínez,779,Argentina,794,Mexico,1,5,Left Center Back,1,101.967467,101.967467,0,56,48,0,40,0,0,0,0,0,0,0,6,3,1,2,1,1040.642353,172.407432,0
43,106,3857289,2022-11-26,Argentina - Mexico,Group Stage,27886,Alexis Mac Allister,779,Argentina,794,Mexico,1,16,Left Midfield,1,73.752683,101.967467,0,38,34,0,30,0,0,0,0,0,1,1,7,2,1,1,1,686.804186,242.273602,0
43,106,3857289,2022-11-26,Argentina - Mexico,Group Stage,28263,Gonzalo Ariel Montiel,779,Argentina,794,Mexico,1,2,Right Back,1,68.0264,101.967467,0,53,49,0,39,0,0,0,0,0,1,0,10,0,0,2,1,826.464677,194.544221,0
43,106,3857289,2022-11-26,Argentina - Mexico,Group Stage,20572,Cristian Gabriel Romero,779,Argentina,794,Mexico,1,4,Center Back,0,27.675767,101.967467,0,4,3,1,3,0,0,0,0,0,0,0,2,0,1,0,0,136.552704,15.727057,0
43,106,3857289,2022-11-26,Argentina - Mexico,Group Stage,28268,Exequiel Alejandro Palacios,779,Argentina,794,Mexico,1,15,Left Center Midfield,0,28.214783,101.967467,0,6,6,0,5,0,0,0,0,0,0,0,3,1,0,1,2,70.814059,7.181468,0
43,106,3857289,2022-11-26,Argentina - Mexico,Group Stage,29201,Nahuel Molina Lucero,779,Argentina,794,Mexico,1,2,Right Back,0,33.941067,101.967467,0,13,10,0,8,1,0,0,0,0,0,0,1,1,0,0,0,210.740964,33.102005,0.0508968
43,106,3857289,2022-11-26,Argentina - Mexico,Group Stage,29560,Julián Álvarez,779,Argentina,794,Mexico,1,24,Left Center Forward,0,34.047217,101.967467,0,8,6,0,7,0,0,0,0,0,1,0,7,0,0,1,0,123.645544,89.739311,0
43,106,3857289,2022-11-26,Argentina - Mexico,Group Stage,38718,Enzo Fernandez,779,Argentina,794,Mexico,1,11,Left Defensive Midfield,0,39.708367,101.967467,0,28,23,0,19,1,1,1,0,0,1,1,6,1,0,1,2,585.065085,83.517544,0.03506437
43,106,3857289,2022-11-26,Argentina - Mexico,Group Stage,5563,José Andrés Guardado Hernández,794,Mexico,779,Argentina,0,15,Left Center Midfield,1,40.86735,101.967467,0,16,11,0,11,0,0,0,0,0,0,0,9,3,0,2,0,361.598018,48.587235,0
43,106,3857289,2022-11-26,Argentina - Mexico,Group Stage,5571,Hirving Rodrigo Lozano Bahena,794,Mexico,779,Argentina,0,22,Right Center Forward,1,77.783067,101.967467,0,7,3,0,15,1,0,0,0,0,0,0,19,0,0,2,3,157.439113,198.730584,0.04030313
43,106,3857289,2022-11-26,Argentina - Mexico,Group Stage,5573,Héctor Alfredo Moreno Herrera,794,Mexico,779,Argentina,0,5,Left Center Back,1,101.967467,101.967467,0,48,38,1,35,0,0,0,0,0,0,0,5,1,2,1,1,1020.418055,181.76201,0
43,106,3857289,2022-11-26,Argentina - Mexico,Group Stage,5575,Héctor Miguel Herrera López,794,Mexico,779,Argentina,0,10,Center Defensive Midfield,1,101.967467,101.967467,0,42,37,0,28,0,0,0,0,0,2,0,20,3,2,5,0,855.293845,134.999667,0
43,106,3857289,2022-11-26,Argentina - Mexico,Group Stage,5576,Jesús Daniel Gallardo Vasconcelos,794,Mexico,779,Argentina,0,8,Left Wing Back,1,101.967467,101.967467,0,28,19,1,16,0,0,0,0,0,0,0,28,4,0,2,0,634.856098,90.627419,0
43,106,3857289,2022-11-26,Argentina - Mexico,Group Stage,5577,Francisco Guillermo Ochoa Magaña,794,Mexico,779,Argentina,0,1,Goalkeeper,1,101.967467,101.967467,0,31,20,0,15,0,0,0,0,0,0,0,0,0,0,0,1,1300.305467,62.90913,0
43,106,3857289,2022-11-26,Argentina - Mexico,Group Stage,11388,Néstor Alejandro Araújo Razo,794,Mexico,779,Argentina,0,3,Right Center Back,1,101.967467,101.967467,0,56,47,0,39,0,0,0,0,0,0,0,5,2,2,2,0,1272.937221,174.978524,0
43,106,3857289,2022-11-26,Argentina - Mexico,Group Stage,26301,Ernesto Alexis Vega Rojas,794,Mexico,779,Argentina,0,24,Left Center Forward,1,70.849367,101.967467,0,9,3,1,11,2,1,0,0,0,2,0,14,1,1,2,1,190.802171,113.837038,0.06719393
43,106,3857289,2022-11-26,Argentina - Mexico,Group Stage,26368,César Jasib Montes Castro,794,Mexico,779,Argentina,0,4,Center Back,1,101.967467,101.967467,0,58,49,0,44,1,0,0,0,0,2,2,3,1,0,0,0,1502.211876,254.725195,0.0988946
43,106,3857289,2022-11-26,Argentina - Mexico,Group Stage,28825,Luis Gerardo Chávez Magallón,794,Mexico,779,Argentina,0,13,Right Center Midfield,1,101.967467,101.967467,0,30,21,0,23,0,0,0,0,0,0,0,16,0,2,2,3,616.672723,119.881134,0
43,106,3857289,2022-11-26,Argentina - Mexico,Group Stage,30500,Kevin Nahin Álvarez Campos,794,Mexico,779,Argentina,0,7,Right Wing Back,1,70.82835,101.967467,0,17,15,0,15,0,0,0,0,0,2,0,6,1,4,0,1,254.06821,47.964719,0
43,106,3857289,2022-11-26,Argentina - Mexico,Group Stage,5568,Raúl Alonso Jiménez Rodríguez,794,Mexico,779,Argentina,0,23,Center Forward,0,31.139117,101.967467,0,14,8,0,9,0,0,0,0,0,0,0,0,0,1,1,0,242.022247,23.251687,0
43,106,3857289,2022-11-26,Argentina - Mexico,Group Stage,15452,Carlos Uriel Antuna Romero,794,Mexico,779,Argentina,0,17,Right Wing,0,31.1181,101.967467,0,6,3,0,8,0,0,0,0,0,1,1,2,2,0,0,1,67.338915,36.652023,0
43,106,3857289,2022-11-26,Argentina - Mexico,Group Stage,15872,Érick Gabriel Gutiérrez Galaviz,794,Mexico,779,Argentina,0,15,Left Center Midfield,0,61.100117,101.967467,0,30,25,0,23,0,0,0,0,0,1,1,13,1,2,1,3,541.165326,87.989415,0
43,106,3857289,2022-11-26,Argentina - Mexico,Group Stage,26375,Roberto Carlos Alvarado Hernández,794,Mexico,779,Argentina,0,21,Left Wing,0,24.1844,101.967467,0,11,5,1,11,0,0,0,0,0,1,0,7,0,0,1,0,178.227954,57.471489,0
43,106,3857297,2022-11-26,Poland - Saudi Arabia,Group Stage,3034,Kamil Glik,789,Poland,799,Saudi Arabia,1,3,Right Center Back,1,107.140333,107.140333,0,29,27,0,18,0,0,0,0,0,0,0,3,0,1,0,0,720.388905,85.922005,0
43,106,3857297,2022-11-26,Poland - Saudi Arabia,Group Stage,3637,Grzegorz Krychowiak,789,Poland,799,Saudi Arabia,1,11,Left Defensive Midfield,1,107.140333,107.140333,0,26,20,0,15,0,0,0,0,0,0,0,9,1,2,2,3,664.364764,77.521026,0
43,106,3857297,2022-11-26,Poland - Saudi Arabia,Group Stage,4734,Matty Cash,789,Poland,799,Saudi Arabia,1,2,Right Back,1,107.140333,107.140333,0,40,29,1,22,0,0,0,0,0,0,0,11,1,1,4,0,795.450511,133.807336,0
43,106,3857297,2022-11-26,Poland - Saudi Arabia,Group Stage,5660,Piotr Zieliński,789,Poland,799,Saudi Arabia,1,12,Right Midfield,1,72.191183,107.140333,0,20,16,0,13,1,1,1,0,0,1,0,8,0,1,2,1,390.836329,47.764942,0.23496674
43,106,3857297,2022-11-26,Poland - Saudi Arabia,Group Stage,5665,Arkadiusz Milik,789,Poland,799,Saudi Arabia,1,22,Right Center Forward,1,80.677533,107.140333,0,15,13,0,10,1,0,0,0,0,0,0,7,1,0,1,2,194.248857,70.326981,0.13519733
43,106,3857297,2022-11-26,Poland - Saudi Arabia,Group Stage,5668,Robert Lewandowski,789,Poland,799,Saudi Arabia,1,24,Left Center Forward,1,107.140333,107.140333,0,21,16,0,27,5,2,1,0,1,5,3,7,3,0,2,2,326.70966,168.713029,1.26047976
43,106,3857297,2022-11-26,Poland - Saudi Arabia,Group Stage,5669,Wojciech Szczęsny,789,Poland,799,Saudi Arabia,1,1,Goalkeeper,1,107.140333,107.140333,0,41,26,1,18,0,0,0,0,0,0,0,0,0,0,0,0,1982.367454,102.198007,0
43,106,3857297,2022-11-26,Poland - Saudi Arabia,Group Stage,5673,Bartosz Bereszyński,789,Poland,799,Saudi Arabia,1,6,Left Back,1,107.140333,107.140333,0,32,22,1,17,0,0,0,0,0,0,0,14,2,1,0,1,671.253702,94.59031,0
43,106,3857297,2022-11-26,Poland - Saudi Arabia,Group Stage,7979,Przemysław Frankowski,789,Poland,799,Saudi Arabia,1,16,Left Midfield,1,107.140333,107.140333,0,30,20,0,20,0,0,0,0,0,0,0,12,2,1,0,1,612.46906,87.847263,0
43,106,3857297,2022-11-26,Poland - Saudi Arabia,Group Stage,11737,Krystian Bielik,789,Poland,799,Saudi Arabia,1,9,Right Defensive Midfield,1,107.140333,107.140333,0,30,28,0,15,1,0,0,0,0,0,0,14,2,2,4,3,530.789406,104.922579,0.07533345
43,106,3857297,2022-11-26,Poland - Saudi Arabia,Group Stage,44166,Jakub Piotr Kiwior,789,Poland,799,Saudi Arabia,1,5,Left Center Back,1,107.140333,107.140333,0,36,30,0,22,0,0,0,0,0,0,0,3,0,2,1,0,1050.842739,129.11236,0
43,106,3857297,2022-11-26,Poland - Saudi Arabia,Group Stage,12493,Krzysztof Piątek,789,Poland,799,Saudi Arabia,1,24,Left Center Forward,0,26.4628,107.140333,0,4,2,0,4,1,0,0,0,0,0,0,12,0,0,0,1,74.793273,28.941694,0.02819521
43,106,3857297,2022-11-26,Poland - Saudi Arabia,Group Stage,31955,Jakub Kamiński,789,Poland,799,Saudi Arabia,1,19,Center Attacking Midfield,0,34.94915,107.140333,0,13,10,0,12,0,0,0,0,0,1,0,3,0,1,2,1,195.354212,68.787251,0
43,106,3857297,2022-11-26,Poland - Saudi Arabia,Group Stage,5187,Salem Mohammed Al Dawsari,799,Saudi Arabia,789,Poland,0,21,Left Wing,1,107.140333,107.140333,0,70,60,0,64,4,3,0,0,0,3,2,10,2,0,0,2,1171.716708,458.193583,0.99561637
43,106,3857297,2022-11-26,Poland - Saudi Arabia,Group Stage,5191,Mohammed Al Burayk,799,Saudi Arabia,789,Poland,0,6,Left Back,1,74.807683,107.140333,0,47,38,0,36,2,1,0,0,0,1,1,7,1,0,0,1,983.41268,196.683756,0.36966906
43,106,3857297,2022-11-26,Poland - Saudi Arabia,Group Stage,5713,Mohammed Kanoo,799,Saudi Arabia,789,Poland,0,9,Right Defensive Midfield,1,107.140333,107.140333,0,80,68,0,54,4,1,0,0,0,3,3,10,2,1,3,0,1590.803551,252.43286,0.19808104
43,106,3857297,2022-11-26,Poland - Saudi Arabia,Group Stage,5714,Mohammed Khalil Al Owais,799,Saudi Arabia,789,Poland,0,1,Goalkeeper,1,107.140333,107.140333,0,25,19,0,12,0,0,0,0,0,0,0,0,0,0,0,0,770.887079,37.585346,0
43,106,3857297,2022-11-26,Poland - Saudi Arabia,Group Stage,5715,Ali Albulayhi,799,Saudi Arabia,789,Poland,0,5,Left Center Back,1,107.140333,107.140333,0,59,51,0,47,0,0,0,0,0,0,0,9,2,1,0,1,1169.401515,402.524399,0
43,106,3857297,2022-11-26,Poland - Saudi Arabia,Group Stage,51094,Abdulelah Al Amri,799,Saudi Arabia,789,Poland,0,3,Right Center Back,1,107.140333,107.140333,0,59,52,1,45,0,0,0,0,0,0,0,11,2,1,2,2,1566.225458,330.463228,0
43,106,3857297,2022-11-26,Poland - Saudi Arabia,Group Stage,51099,Firas Tariq Nasser Al Albirakan,799,Saudi Arabia,789,Poland,0,17,Right Wing,1,107.140333,107.140333,0,28,22,1,21,1,0,0,0,0,1,1,11,2,1,1,1,439.435183,218.461333,0.11089649
43,106,3857297,2022-11-26,Poland - Saudi Arabia,Group Stage,51469,Saleh Khalid Al Shehri,799,Saudi Arabia,789,Poland,0,23,Center Forward,1,95.050583,107.140333,0,15,12,0,14,1,0,0,0,0,2,1,13,1,0,3,3,173.710558,97.2726,0.04461071
43,106,3857297,2022-11-26,Poland - Saudi Arabia,Group Stage,51632,Sami Khalil Al Naji,799,Saudi Arabia,789,Poland,0,19,Center Attacking Midfield,1,55.0492,107.140333,0,21,15,0,16,0,0,0,0,0,0,0,7,0,0,0,0,446.660066,76.172625,0
43,106,3857297,2022-11-26,Poland - Saudi Arabia,Group Stage,51710,Saud Abdullah Abdul Hamid,799,Saudi Arabia,789,Poland,0,2,Right Back,1,107.140333,107.140333,0,65,56,0,48,1,0,0,0,0,2,2,14,1,0,1,1,1241.211694,369.623204,0.00591388
43,106,3857297,2022-11-26,Poland - Saudi Arabia,Group Stage,56755,Abdulelah Saad Hameed Al-Malki,799,Saudi Arabia,789,Poland,0,11,Left Defensive Midfield,1,94.996817,107.140333,0,49,42,1,32,2,0,0,0,0,0,0,19,1,0,3,3,1032.891314,82.433986,0.13939861
43,106,3857297,2022-11-26,Poland - Saudi Arabia,Group Stage,5188,Hattan Babhir,799,Saudi Arabia,789,Poland,0,24,Left Center Forward,0,2.395267,107.140333,0,1,1,0,1,0,0,0,0,0,0,0,0,0,0,0,0,21.100948,0.632456,0
43,106,3857297,2022-11-26,Poland - Saudi Arabia,Group Stage,51705,Abdulrahman Al-Obood,799,Saudi Arabia,789,Poland,0,17,Right Wing,0,12.143517,107.140333,0,6,2,0,7,1,0,0,0,0,1,0,3,1,0,0,0,92.697161,25.837013,0.04174473
43,106,3857297,2022-11-26,Poland - Saudi Arabia,Group Stage,54144,Nawaf Shaker Al Abid,799,Saudi Arabia,789,Poland,0,19,Center Attacking Midfield,0,49.695867,107.140333,0,32,28,0,33,1,0,0,0,0,2,1,4,0,0,1,3,499.323555,121.868981,0.0660456
43,106,3857297,2022-11-26,Poland - Saudi Arabia,Group Stage,57620,Sultan Abdullah Salim Al Ghannam,799,Saudi Arabia,789,Poland,0,2,Right Back,0,32.33265,107.140333,0,15,13,0,10,0,0,0,0,0,1,1,0,0,1,1,0,313.718781,23.727484,0
43,106,3857297,2022-11-26,Poland - Saudi Arabia,Group Stage,74623,Nasser Al Dawsari,799,Saudi Arabia,789,Poland,0,11,Left Defensive Midfield,0,12.08975,107.140333,0,10,10,0,8,0,0,0,0,0,0,0,5,2,0,1,0,188.566885,57.960579,0
43,106,3857263,2022-11-27,Spain - Germany,Group Stage,3167,Antonio Rüdiger,770,Germany,772,Spain,0,5,Left Center Back,1,98.16775,98.16775,0,48,41,0,37,2,1,0,0,0,0,0,2,1,0,0,1,1163.974922,175.450522,0.01535887
43,106,3857263,2022-11-27,Spain - Germany,Group Stage,5562,Thomas Müller,770,Germany,772,Spain,0,23,Center Forward,1,71.598783,98.16775,0,12,8,0,4,0,0,0,0,0,0,0,24,1,0,0,0,124.779847,22.012272,0
43,106,3857263,2022-11-27,Spain - Germany,Group Stage,5570,Manuel Neuer,770,Germany,772,Spain,0,1,Goalkeeper,1,98.16775,98.16775,0,39,32,0,28,0,0,0,0,0,0,0,0,0,0,0,0,1296.348837,153.708666,0
43,106,3857263,2022-11-27,Spain - Germany,Group Stage,5579,Joshua Kimmich,770,Germany,772,Spain,0,9,Right Defensive Midfield,1,98.16775,98.16775,0,39,30,0,18,2,1,0,0,0,1,1,18,3,1,2,0,879.293778,101.820632,0.14914715
43,106,3857263,2022-11-27,Spain - Germany,Group Stage,6322,Niklas Süle,770,Germany,772,Spain,0,3,Right Center Back,1,98.16775,98.16775,0,47,41,0,38,0,0,0,0,0,0,0,13,5,1,0,1,1080.158249,284.952619,0
43,106,3857263,2022-11-27,Spain - Germany,Group Stage,6324,Leon Goretzka,770,Germany,772,Spain,0,11,Left Defensive Midfield,1,98.16775,98.16775,0,26,19,1,15,1,0,0,0,0,1,0,15,4,2,4,4,550.856339,78.977487,0.03644801
43,106,3857263,2022-11-27,Spain - Germany,Group Stage,8400,Serge Gnabry,770,Germany,772,Spain,0,17,Right Wing,1,86.631333,98.16775,0,18,12,0,24,2,0,0,0,0,3,2,15,1,3,2,2,176.903838,124.813876,0.0534436
43,106,3857263,2022-11-27,Spain - Germany,Group Stage,8511,Thilo Kehrer,770,Germany,772,Spain,0,2,Right Back,1,71.673517,98.16775,0,28,21,0,16,0,0,0,0,0,0,0,21,5,2,4,0,549.093254,49.149473,0
43,106,3857263,2022-11-27,Spain - Germany,Group Stage,10287,İlkay Gündoğan,770,Germany,772,Spain,0,19,Center Attacking Midfield,1,71.381617,98.16775,0,17,13,0,14,0,0,0,0,0,3,1,9,4,1,0,1,242.028788,92.30402,0
43,106,3857263,2022-11-27,Spain - Germany,Group Stage,12034,David Raum,770,Germany,772,Spain,0,6,Left Back,1,88.627283,98.16775,0,46,33,0,29,0,0,0,0,0,1,1,14,4,5,2,0,1047.654948,205.191426,0
43,106,3857263,2022-11-27,Spain - Germany,Group Stage,39565,Jamal Musiala,770,Germany,772,Spain,0,21,Left Wing,1,98.16775,98.16775,0,20,17,1,37,1,1,0,0,0,12,8,14,0,2,0,3,285.548505,352.706689,0.28996226
43,106,3857263,2022-11-27,Spain - Germany,Group Stage,3053,Leroy Sané,770,Germany,772,Spain,0,17,Right Wing,0,26.786133,98.16775,0,9,7,0,10,0,0,0,0,0,2,1,1,0,0,0,0,121.302255,96.471353,0
43,106,3857263,2022-11-27,Spain - Germany,Group Stage,8507,Lukas Klostermann,770,Germany,772,Spain,0,2,Right Back,0,26.494233,98.16775,0,9,8,0,4,0,0,0,0,0,0,0,3,0,1,0,0,146.485448,27.840514,0
43,106,3857263,2022-11-27,Spain - Germany,Group Stage,8546,Niclas Füllkrug,770,Germany,772,Spain,0,23,Center Forward,0,26.568967,98.16775,0,7,5,0,5,3,1,1,0,0,1,1,2,0,0,0,1,169.521448,26.037997,0.60259223
43,106,3857263,2022-11-27,Spain - Germany,Group Stage,8804,Jonas Hofmann,770,Germany,772,Spain,0,21,Left Wing,0,11.536417,98.16775,0,2,1,0,0,0,0,0,0,0,0,0,4,0,0,0,0,18.735177,0,0
43,106,3857263,2022-11-27,Spain - Germany,Group Stage,24118,Nico Schlotterbeck,770,Germany,772,Spain,0,6,Left Back,0,9.540467,98.16775,0,4,3,0,2,0,0,0,0,0,0,0,3,1,1,1,0,151.844876,16.89847,0
43,106,3857263,2022-11-27,Spain - Germany,Group Stage,4353,Aymeric Laporte,772,Spain,770,Germany,1,5,Left Center Back,1,98.16775,98.16775,0,98,89,0,70,0,0,0,0,0,0,0,4,0,2,0,0,2066.079911,421.4153,0
43,106,3857263,2022-11-27,Spain - Germany,Group Stage,5203,Sergio Busquets i Burgos,772,Spain,770,Germany,1,10,Center Defensive Midfield,1,98.16775,98.16775,0,44,41,0,23,0,0,0,0,0,1,1,12,2,1,2,0,788.974439,77.721974,0
43,106,3857263,2022-11-27,Spain - Germany,Group Stage,5211,Jordi Alba Ramos,772,Spain,770,Germany,1,6,Left Back,1,84.201533,98.16775,0,82,71,0,57,1,0,0,0,1,1,1,16,3,1,1,1,1458.909612,240.994745,0.02166724
43,106,3857263,2022-11-27,Spain - Germany,Group Stage,5719,Marco Asensio Willemsen,772,Spain,770,Germany,1,23,Center Forward,1,67.572983,98.16775,0,34,29,0,26,1,0,0,0,0,0,0,4,0,0,2,1,564.6792,244.654259,0.13836038
43,106,3857263,2022-11-27,Spain - Germany,Group Stage,5721,Daniel Carvajal Ramos,772,Spain,770,Germany,1,2,Right Back,1,98.16775,98.16775,0,74,65,2,50,0,0,0,0,0,1,0,7,1,0,0,2,1366.315334,237.197846,0
43,106,3857263,2022-11-27,Spain - Germany,Group Stage,6748,Ferrán Torres García,772,Spain,770,Germany,1,17,Right Wing,1,55.764567,98.16775,0,20,11,0,22,2,0,0,0,0,3,0,7,0,0,1,2,276.166206,115.790173,0.11672239
43,106,3857263,2022-11-27,Spain - Germany,Group Stage,6765,Rodrigo Hernández Cascante,772,Spain,770,Germany,1,3,Right Center Back,1,98.16775,98.16775,0,105,95,1,78,0,0,0,0,0,0,0,10,2,0,2,0,2505.84352,409.463303,0
43,106,3857263,2022-11-27,Spain - Germany,Group Stage,11748,Unai Simón Mendibil,772,Spain,770,Germany,1,1,Goalkeeper,1,98.16775,98.16775,0,51,47,0,39,0,0,0,0,0,0,0,0,0,0,0,0,1104.471271,151.92159,0
43,106,3857263,2022-11-27,Spain - Germany,Group Stage,16532,Daniel Olmo Carvajal,772,Spain,770,Germany,1,21,Left Wing,1,98.16775,98.16775,0,41,33,0,51,2,2,0,0,0,4,0,15,1,3,2,5,834.95422,270.588957,0.04400844
43,106,3857263,2022-11-27,Spain - Germany,Group Stage,30486,Pedro González López,772,Spain,770,Germany,1,15,Left Center Midfield,1,98.16775,98.16775,0,63,59,1,56,0,0,0,0,0,4,2,11,0,3,0,2,1222.345037,384.292723,0
43,106,3857263,2022-11-27,Spain - Germany,Group Stage,133353,Pablo Martín Páez Gavira,772,Spain,770,Germany,1,13,Right Center Midfield,1,67.96985,98.16775,0,12,10,0,14,0,0,0,0,0,1,0,18,3,0,4,2,153.878823,82.360157,0
43,106,3857263,2022-11-27,Spain - Germany,Group Stage,3477,Álvaro Borja Morata Martín,772,Spain,770,Germany,1,23,Center Forward,0,42.403183,98.16775,0,8,4,0,6,1,1,1,0,0,1,0,5,0,0,0,0,155.247385,50.630096,0.31874228
43,106,3857263,2022-11-27,Spain - Germany,Group Stage,5199,Jorge Resurrección Merodio,772,Spain,770,Germany,1,13,Right Center Midfield,0,30.594767,98.16775,0,13,8,0,9,0,0,0,0,0,0,0,4,1,1,0,0,202.996462,49.942654,0
43,106,3857263,2022-11-27,Spain - Germany,Group Stage,39161,Alejandro Balde Martínez,772,Spain,770,Germany,1,6,Left Back,0,13.966217,98.16775,0,9,8,0,8,0,0,0,0,0,0,0,2,1,0,0,0,193.829521,35.914412,0
43,106,3857263,2022-11-27,Spain - Germany,Group Stage,68574,Nicholas Williams Arthuer,772,Spain,770,Germany,1,17,Right Wing,0,30.1979,98.16775,0,9,8,0,15,0,0,0,0,0,2,2,9,1,1,0,0,200.763103,100.426054,0
43,106,3857281,2022-11-27,Croatia - Canada,Group Stage,3471,Dejan Lovren,785,Croatia,1833,Canada,1,3,Right Center Back,1,101.034917,101.034917,0,45,43,0,37,0,0,0,0,0,0,0,10,2,2,2,0,1127.412145,192.843497,0
43,106,3857281,2022-11-27,Croatia - Canada,Group Stage,5456,Mateo Kovačić,785,Croatia,1833,Canada,1,15,Left Center Midfield,1,90.704333,101.034917,0,46,42,0,41,0,0,0,0,0,2,2,17,5,2,0,1,759.145291,435.18594,0
43,106,3857281,2022-11-27,Croatia - Canada,Group Stage,5460,Andrej Kramarić,785,Croatia,1833,Canada,1,17,Right Wing,1,77.2011,101.034917,0,33,28,0,31,5,3,2,0,0,1,1,11,0,0,0,0,586.209232,248.083044,0.69934551
43,106,3857281,2022-11-27,Croatia - Canada,Group Stage,5463,Luka Modrić,785,Croatia,1833,Canada,1,13,Right Center Midfield,1,90.425567,101.034917,0,54,45,0,52,0,0,0,0,0,1,0,20,3,3,3,0,932.502946,287.31068,0
43,106,3857281,2022-11-27,Croatia - Canada,Group Stage,5469,Marcelo Brozović,785,Croatia,1833,Canada,1,10,Center Defensive Midfield,1,101.034917,101.034917,0,63,55,0,52,1,1,0,0,0,3,1,30,3,1,2,0,1222.929451,277.461671,0.30414897
43,106,3857281,2022-11-27,Croatia - Canada,Group Stage,5474,Ivan Perišić,785,Croatia,1833,Canada,1,21,Left Wing,1,90.342217,101.034917,0,43,30,0,38,2,1,0,0,2,5,2,6,0,1,4,0,738.694495,304.607621,0.05528583
43,106,3857281,2022-11-27,Croatia - Canada,Group Stage,12625,Borna Sosa,785,Croatia,1833,Canada,1,6,Left Back,1,101.034917,101.034917,0,57,45,1,37,0,0,0,0,0,0,0,10,4,1,1,1,1157.87477,192.125611,0
43,106,3857281,2022-11-27,Croatia - Canada,Group Stage,16531,Dominik Livaković,785,Croatia,1833,Canada,1,1,Goalkeeper,1,101.034917,101.034917,0,20,14,0,15,0,0,0,0,0,0,0,0,0,0,0,0,937.841941,58.025649,0
43,106,3857281,2022-11-27,Croatia - Canada,Group Stage,22041,Marko Livaja,785,Croatia,1833,Canada,1,23,Center Forward,1,64.973883,101.034917,0,12,8,0,11,3,3,1,0,0,0,0,20,0,0,1,1,188.280197,25.471853,0.81880374
43,106,3857281,2022-11-27,Croatia - Canada,Group Stage,29163,Josip Juranović,785,Croatia,1833,Canada,1,2,Right Back,1,101.034917,101.034917,0,51,37,0,35,0,0,0,0,1,0,0,8,1,3,0,0,1115.615924,183.730352,0
43,106,3857281,2022-11-27,Croatia - Canada,Group Stage,33018,Joško Gvardiol,785,Croatia,1833,Canada,1,5,Left Center Back,1,101.034917,101.034917,0,51,44,0,42,0,0,0,0,0,0,0,15,3,4,1,1,1099.666618,299.773315,0
43,106,3857281,2022-11-27,Croatia - Canada,Group Stage,3441,Nikola Vlašić,785,Croatia,1833,Canada,1,17,Right Wing,0,23.833817,101.034917,0,5,4,0,5,0,0,0,0,0,0,0,3,0,0,0,0,107.980278,36.783885,0
43,106,3857281,2022-11-27,Croatia - Canada,Group Stage,7693,Bruno Petković,785,Croatia,1833,Canada,1,23,Center Forward,0,36.061033,101.034917,0,15,6,0,9,0,0,0,0,0,0,0,7,1,0,0,1,239.703748,60.304603,0
43,106,3857281,2022-11-27,Croatia - Canada,Group Stage,11603,Mario Pašalić,785,Croatia,1833,Canada,1,15,Left Center Midfield,0,10.60935,101.034917,0,5,5,0,3,0,0,0,0,0,1,1,3,3,0,0,0,103.504167,16.313898,0
43,106,3857281,2022-11-27,Croatia - Canada,Group Stage,16527,Mislav Oršić,785,Croatia,1833,Canada,1,21,Left Wing,0,10.6927,101.034917,0,3,3,0,3,1,1,0,0,1,0,0,1,0,0,0,0,46.725725,52.137095,0.04559058
43,106,3857281,2022-11-27,Croatia - Canada,Group Stage,28914,Lovro Majer,785,Croatia,1833,Canada,1,13,Right Center Midfield,0,10.330583,101.034917,0,4,2,1,3,1,1,1,0,0,0,0,5,1,0,1,0,61.208399,20.361357,0.68703645
43,106,3857281,2022-11-27,Croatia - Canada,Group Stage,11187,Stephen Antunes Eustáquio,1833,Canada,785,Croatia,0,11,Left Defensive Midfield,1,50.001767,101.034917,0,27,27,0,19,0,0,0,0,0,0,0,6,0,1,0,0,544.841092,79.684469,0
43,106,3857281,2022-11-27,Croatia - Canada,Group Stage,11846,Steven de Sousa Vitoria,1833,Canada,785,Croatia,0,3,Right Center Back,1,101.034917,101.034917,0,54,46,1,37,0,0,0,0,0,0,0,12,1,2,2,1,1344.777727,167.117253,0
43,106,3857281,2022-11-27,Croatia - Canada,Group Stage,12365,Alphonso Davies,1833,Canada,785,Croatia,0,16,Left Midfield,1,101.034917,101.034917,0,44,30,0,49,2,1,1,0,0,14,9,18,1,0,1,2,784.261866,394.585107,0.09328509
43,106,3857281,2022-11-27,Croatia - Canada,Group Stage,15958,Milan Borjan,1833,Canada,785,Croatia,0,1,Goalkeeper,1,101.034917,101.034917,0,39,27,0,22,0,0,0,0,0,0,0,0,0,0,0,0,1465.131302,100.32353,0
43,106,3857281,2022-11-27,Croatia - Canada,Group Stage,16120,Richie Laryea,1833,Canada,785,Croatia,0,6,Left Back,1,66.427633,101.034917,0,21,16,0,21,0,0,0,0,0,2,1,8,1,0,1,2,443.607766,121.358904,0
43,106,3857281,2022-11-27,Croatia - Canada,Group Stage,16459,Cyle Larin,1833,Canada,785,Croatia,0,22,Right Center Forward,1,50.001767,101.034917,0,9,6,0,6,0,0,0,0,0,1,0,7,0,0,0,0,114.764235,19.822209,0
43,106,3857281,2022-11-27,Croatia - Canada,Group Stage,23640,Jonathan David,1833,Canada,785,Croatia,0,24,Left Center Forward,1,77.456633,101.034917,0,23,15,0,20,1,1,0,0,0,0,0,13,1,0,0,1,495.823323,106.585406,0.05288615
43,106,3857281,2022-11-27,Croatia - Canada,Group Stage,23828,Kamal Miller,1833,Canada,785,Croatia,0,5,Left Center Back,1,101.034917,101.034917,0,66,62,0,57,0,0,0,0,0,1,1,4,2,2,0,1,1561.50653,176.67491,0
43,106,3857281,2022-11-27,Croatia - Canada,Group Stage,24024,Tajon Buchanan,1833,Canada,785,Croatia,0,12,Right Midfield,1,101.034917,101.034917,0,35,22,0,47,1,0,0,0,1,11,6,13,2,1,1,2,749.459835,523.845233,0.02389145
43,106,3857281,2022-11-27,Croatia - Canada,Group Stage,31684,Atiba Hutchinson,1833,Canada,785,Croatia,0,9,Right Defensive Midfield,1,77.4771,101.034917,0,51,48,0,41,0,0,0,0,0,1,1,6,0,3,0,0,861.71669,163.424014,0
43,106,3857281,2022-11-27,Croatia - Canada,Group Stage,44703,Alistair Johnston,1833,Canada,785,Croatia,0,2,Right Back,1,101.034917,101.034917,0,64,52,0,41,0,0,0,0,0,0,0,13,1,1,0,3,1426.722467,132.262517,0
43,106,3857281,2022-11-27,Croatia - Canada,Group Stage,9922,David Junior Hoilett,1833,Canada,785,Croatia,0,7,Right Wing Back,0,34.607283,101.034917,0,17,14,0,21,3,0,0,0,0,1,1,5,1,0,0,2,368.188677,178.773153,0.07843613
43,106,3857281,2022-11-27,Croatia - Canada,Group Stage,12770,Jonathan Osorio,1833,Canada,785,Croatia,0,13,Right Center Midfield,0,51.03315,101.034917,0,22,19,0,20,1,0,0,0,0,2,1,14,1,0,0,1,422.784294,103.768972,0.03829635
43,106,3857281,2022-11-27,Croatia - Canada,Group Stage,26348,Lucas Daniel Cavallini,1833,Canada,785,Croatia,0,24,Left Center Forward,0,23.578283,101.034917,0,3,3,0,2,0,0,0,0,0,0,0,5,0,0,1,0,56.060153,9.883223,0
43,106,3857281,2022-11-27,Croatia - Canada,Group Stage,29758,Sam Adekugbe,1833,Canada,785,Croatia,0,8,Left Wing Back,0,23.557817,101.034917,0,13,11,0,8,0,0,0,0,0,0,0,2,0,0,0,0,252.040111,58.557172,0
43,106,3857281,2022-11-27,Croatia - Canada,Group Stage,133229,Ismael Koné,1833,Canada,785,Croatia,0,15,Left Center Midfield,0,51.03315,101.034917,0,41,39,0,35,0,0,0,0,0,0,0,7,1,0,0,0,1050.323766,260.980432,0
43,106,3857283,2022-11-27,Belgium - Morocco,Group Stage,3077,Jan Vertonghen,782,Belgium,788,Morocco,1,5,Left Center Back,1,98.946567,98.946567,0,104,97,1,82,1,0,0,0,0,0,0,1,0,0,0,2,2334.419615,257.482899,0.03727616
43,106,3857283,2022-11-27,Belgium - Morocco,Group Stage,3089,Kevin De Bruyne,782,Belgium,788,Morocco,1,17,Right Wing,1,98.946567,98.946567,0,63,45,0,54,3,0,0,0,0,2,1,6,0,0,0,2,1284.753771,287.399585,0.05274113
43,106,3857283,2022-11-27,Belgium - Morocco,Group Stage,3176,Thomas Meunier,782,Belgium,788,Morocco,1,2,Right Back,1,84.418367,98.946567,0,48,39,0,39,1,1,0,0,0,1,1,7,2,1,2,0,984.179034,149.01217,0.05030241
43,106,3857283,2022-11-27,Belgium - Morocco,Group Stage,3457,Michy Batshuayi Tunga,782,Belgium,788,Morocco,1,23,Center Forward,1,77.7396,98.946567,0,10,7,0,15,1,1,0,0,0,1,1,9,0,0,2,0,128.852745,21.696769,0.13561569
43,106,3857283,2022-11-27,Belgium - Morocco,Group Stage,3509,Thibaut Courtois,782,Belgium,788,Morocco,1,1,Goalkeeper,1,98.946567,98.946567,0,36,34,0,20,0,0,0,0,0,1,1,0,0,0,0,0,851.255335,37.07973,0
43,106,3857283,2022-11-27,Belgium - Morocco,Group Stage,3621,Eden Hazard,782,Belgium,788,Morocco,1,19,Center Attacking Midfield,1,63.366633,98.946567,0,30,25,0,33,1,1,0,0,0,4,1,3,0,0,0,3,389.023878,328.293583,0.00915854
43,106,3857283,2022-11-27,Belgium - Morocco,Group Stage,5632,Thorgan Hazard,782,Belgium,788,Morocco,1,21,Left Wing,1,77.765767,98.946567,0,48,30,0,35,0,0,0,0,0,1,0,21,3,0,2,2,899.163126,142.67407,0
43,106,3857283,2022-11-27,Belgium - Morocco,Group Stage,5642,Axel Witsel,782,Belgium,788,Morocco,1,11,Left Defensive Midfield,1,98.946567,98.946567,0,79,77,1,65,0,0,0,0,0,0,0,13,4,0,1,1,1372.462433,375.847924,0
43,106,3857283,2022-11-27,Belgium - Morocco,Group Stage,6989,Timothy Castagne,782,Belgium,788,Morocco,1,6,Left Back,1,98.946567,98.946567,0,75,65,0,62,0,0,0,0,0,1,0,15,3,0,1,0,1499.652669,216.185881,0
43,106,3857283,2022-11-27,Belgium - Morocco,Group Stage,20005,Toby Alderweireld,782,Belgium,788,Morocco,1,3,Right Center Back,1,98.946567,98.946567,0,100,94,1,94,0,0,0,0,0,0,0,2,0,0,0,0,2203.302427,426.561905,0
43,106,3857283,2022-11-27,Belgium - Morocco,Group Stage,48347,Amadou Onana,782,Belgium,788,Morocco,1,9,Right Defensive Midfield,1,63.387867,98.946567,0,43,39,0,39,2,0,0,0,0,0,0,11,3,0,2,3,871.430048,154.792814,0.29186468
43,106,3857283,2022-11-27,Belgium - Morocco,Group Stage,2954,Youri Tielemans,782,Belgium,788,Morocco,1,9,Right Defensive Midfield,0,35.5587,98.946567,0,30,27,1,22,0,0,0,0,0,0,0,7,2,1,0,0,559.470162,62.323083,0
43,106,3857283,2022-11-27,Belgium - Morocco,Group Stage,3289,Romelu Lukaku Menama,782,Belgium,788,Morocco,1,23,Center Forward,0,14.5282,98.946567,0,1,1,0,2,0,0,0,0,0,0,0,0,0,0,0,0,16.76007,1.90684,0
43,106,3857283,2022-11-27,Belgium - Morocco,Group Stage,5630,Dries Mertens,782,Belgium,788,Morocco,1,19,Center Attacking Midfield,0,35.579933,98.946567,0,18,11,0,13,1,1,0,0,0,1,1,7,2,0,0,2,282.535284,36.502938,0.06565347
43,106,3857283,2022-11-27,Belgium - Morocco,Group Stage,16559,Leandro Trossard,782,Belgium,788,Morocco,1,21,Left Wing,0,21.1808,98.946567,0,14,10,0,14,0,0,0,0,0,2,0,3,1,0,0,0,272.510483,134.200676,0
43,106,3857283,2022-11-27,Belgium - Morocco,Group Stage,32688,Charles De Ketelaere,782,Belgium,788,Morocco,1,23,Center Forward,0,21.206967,98.946567,0,4,3,0,5,0,0,0,0,0,0,0,2,0,0,0,1,42.546365,25.244978,0
43,106,3857283,2022-11-27,Belgium - Morocco,Group Stage,3625,Sofiane Boufal,788,Morocco,782,Belgium,0,21,Left Wing,1,75.359317,98.946567,0,22,21,0,26,1,0,0,0,0,3,2,7,1,0,0,3,443.825449,270.74265,0.01369968
43,106,3857283,2022-11-27,Belgium - Morocco,Group Stage,5219,Romain Saïss,788,Morocco,782,Belgium,0,5,Left Center Back,1,98.946567,98.946567,0,39,32,0,27,1,1,1,0,0,0,0,10,4,0,2,0,1042.725352,180.975902,0.56495196
43,106,3857283,2022-11-27,Belgium - Morocco,Group Stage,5233,Munir Mohand Mohamedi,788,Morocco,782,Belgium,0,1,Goalkeeper,1,98.946567,98.946567,0,27,18,1,7,0,0,0,0,0,0,0,0,0,0,0,0,1195.298229,29.53126,0
43,106,3857283,2022-11-27,Belgium - Morocco,Group Stage,5234,Sofyan Amrabat,788,Morocco,782,Belgium,0,10,Center Defensive Midfield,1,98.946567,98.946567,0,40,35,0,31,0,0,0,0,0,1,0,20,2,1,3,1,776.581962,159.672037,0
43,106,3857283,2022-11-27,Belgium - Morocco,Group Stage,5237,Hakim Ziyech,788,Morocco,782,Belgium,0,17,Right Wing,1,98.946567,98.946567,0,30,21,0,39,2,1,0,0,1,8,3,24,3,0,2,3,663.661817,350.633507,0.04089308
43,106,3857283,2022-11-27,Belgium - Morocco,Group Stage,5245,Achraf Hakimi Mouh,788,Morocco,782,Belgium,0,2,Right Back,1,70.356017,98.946567,0,38,30,0,30,1,0,0,0,0,1,0,13,4,0,0,0,659.613571,138.985331,0.0541645
43,106,3857283,2022-11-27,Belgium - Morocco,Group Stage,6301,Youssef En-Nesyri,788,Morocco,782,Belgium,0,23,Center Forward,1,75.391833,98.946567,0,6,4,0,3,0,0,0,0,0,1,1,27,0,0,0,0,114.803193,17.713761,0
43,106,3857283,2022-11-27,Belgium - Morocco,Group Stage,12149,Nayef Aguerd,788,Morocco,782,Belgium,0,3,Right Center Back,1,98.946567,98.946567,0,42,38,1,33,0,0,0,0,0,0,0,6,1,1,1,0,1073.403202,166.612185,0
43,106,3857283,2022-11-27,Belgium - Morocco,Group Stage,15890,Noussair Mazraoui,788,Morocco,782,Belgium,0,6,Left Back,1,98.946567,98.946567,0,31,28,0,25,1,0,0,0,0,0,0,13,2,0,1,0,591.497106,90.448626,0.02218811
43,106,3857283,2022-11-27,Belgium - Morocco,Group Stage,23774,Selim Amallah,788,Morocco,782,Belgium,0,13,Right Center Midfield,1,70.31595,98.946567,0,19,17,0,18,1,0,0,0,0,0,0,20,1,3,3,0,294.4906,80.571836,0.05410507
43,106,3857283,2022-11-27,Belgium - Morocco,Group Stage,46258,Azzedine Ounahi,788,Morocco,782,Belgium,0,15,Left Center Midfield,1,81.344817,98.946567,0,30,26,1,25,1,0,0,0,0,1,0,9,1,1,0,1,545.065594,93.802454,0.02330424
43,106,3857283,2022-11-27,Belgium - Morocco,Group Stage,3634,Abdelhamid Sabiri,788,Morocco,782,Belgium,0,2,Right Back,0,28.59055,98.946567,0,6,5,0,4,0,0,0,0,1,0,0,4,0,1,2,0,154.502374,8.010659,0
43,106,3857283,2022-11-27,Belgium - Morocco,Group Stage,7459,Jawad El Yamiq,788,Morocco,782,Belgium,0,3,Right Center Back,0,17.60175,98.946567,0,2,2,0,0,0,0,0,0,0,0,0,2,0,0,1,0,38.476264,0,0
43,106,3857283,2022-11-27,Belgium - Morocco,Group Stage,21736,Zakaria Aboukhlal,788,Morocco,782,Belgium,0,21,Left Wing,0,23.58725,98.946567,0,5,3,0,5,1,1,1,0,0,1,0,3,1,1,0,0,69.700729,30.824242,0.18104906
43,106,3857283,2022-11-27,Belgium - Morocco,Group Stage,31295,Yahia Attiyat allah,788,Morocco,782,Belgium,0,13,Right Center Midfield,0,28.630617,98.946567,0,6,4,1,5,0,0,0,0,0,1,1,1,0,0,0,1,162.899611,62.979445,0
43,106,3857283,2022-11-27,Belgium - Morocco,Group Stage,59493,Abderrazak Hamdallah,788,Morocco,782,Belgium,0,23,Center Forward,0,23.554733,98.946567,0,4,3,0,4,1,1,0,0,0,0,0,2,0,0,1,0,55.581315,85.525576,0.03675285
43,106,3857295,2022-11-27,Japan - Costa Rica,Group Stage,3300,Maya Yoshida,778,Japan,795,Costa Rica,1,5,Left Center Back,1,97.351533,97.351533,0,117,112,0,99,0,0,0,0,0,0,0,5,1,0,0,2,2616.234661,426.732984,0
43,106,3857295,2022-11-27,Japan - Costa Rica,Group Stage,5690,Yuto Nagatomo,778,Japan,795,Costa Rica,1,6,Left Back,1,45.992317,97.351533,0,48,41,1,37,0,0,0,0,0,2,2,8,2,1,4,1,848.089585,152.830699,0
43,106,3857295,2022-11-27,Japan - Costa Rica,Group Stage,8361,Ritsu Doan,778,Japan,795,Costa Rica,1,12,Right Midfield,1,67.1894,97.351533,0,15,10,0,18,1,0,0,0,0,4,3,18,3,1,2,0,261.03783,114.509317,0.01557314
43,106,3857295,2022-11-27,Japan - Costa Rica,Group Stage,9411,Daichi Kamada,778,Japan,795,Costa Rica,1,24,Left Center Forward,1,97.351533,97.351533,0,34,26,0,36,2,1,0,0,0,1,0,19,1,0,1,1,508.854127,148.352408,0.19429146
43,106,3857295,2022-11-27,Japan - Costa Rica,Group Stage,23721,Wataru Endo,778,Japan,795,Costa Rica,1,9,Right Defensive Midfield,1,97.351533,97.351533,0,89,72,0,79,3,0,0,0,0,1,0,16,1,2,3,1,1716.842223,348.911295,0.11480469
43,106,3857295,2022-11-27,Japan - Costa Rica,Group Stage,25719,Shūichi Gonda,778,Japan,795,Costa Rica,1,1,Goalkeeper,1,97.351533,97.351533,0,19,19,0,12,0,0,0,0,0,0,0,0,0,0,0,0,379.614686,20.553439,0
43,106,3857295,2022-11-27,Japan - Costa Rica,Group Stage,29595,Ko Itakura,778,Japan,795,Costa Rica,1,3,Right Center Back,1,97.351533,97.351533,0,68,64,1,63,1,0,0,0,0,2,0,10,4,2,1,0,1445.332866,331.179289,0.07774679
43,106,3857295,2022-11-27,Japan - Costa Rica,Group Stage,37122,Yuki Soma,778,Japan,795,Costa Rica,1,16,Left Midfield,1,82.820217,97.351533,0,20,13,0,16,3,0,0,0,0,2,1,13,0,0,2,3,498.497763,108.710539,0.13489698
43,106,3857295,2022-11-27,Japan - Costa Rica,Group Stage,37209,Miki Yamane,778,Japan,795,Costa Rica,1,2,Right Back,1,62.5681,97.351533,0,33,25,0,17,0,0,0,0,0,1,1,8,1,1,3,1,577.934905,85.032394,0
43,106,3857295,2022-11-27,Japan - Costa Rica,Group Stage,37221,Hidemasa Morita,778,Japan,795,Costa Rica,1,11,Left Defensive Midfield,1,97.351533,97.351533,0,68,59,1,59,1,1,0,0,0,2,0,16,0,0,1,0,1252.044814,298.502477,0.09737273
43,106,3857295,2022-11-27,Japan - Costa Rica,Group Stage,38285,Ayase Ueda,778,Japan,795,Costa Rica,1,22,Right Center Forward,1,45.992317,97.351533,0,11,7,0,14,0,0,0,0,0,0,0,16,0,0,1,2,166.038457,56.408412,0
43,106,3857295,2022-11-27,Japan - Costa Rica,Group Stage,8776,Takumi Minamino,778,Japan,795,Costa Rica,1,17,Right Wing,0,14.531317,97.351533,0,7,3,1,6,0,0,0,0,0,0,0,5,1,0,0,0,124.69461,5.498326,0
43,106,3857295,2022-11-27,Japan - Costa Rica,Group Stage,8949,Takuma Asano,778,Japan,795,Costa Rica,1,23,Center Forward,0,51.359217,97.351533,0,6,5,0,7,2,1,0,0,0,0,0,5,0,1,1,0,73.734081,73.919754,0.13884771
43,106,3857295,2022-11-27,Japan - Costa Rica,Group Stage,23527,Junya Ito,778,Japan,795,Costa Rica,1,17,Right Wing,0,30.162133,97.351533,0,7,2,0,10,0,0,0,0,0,2,2,2,0,0,1,2,199.629257,84.741495,0
43,106,3857295,2022-11-27,Japan - Costa Rica,Group Stage,37211,Kaoru Mitoma,778,Japan,795,Costa Rica,1,8,Left Wing Back,0,34.783433,97.351533,0,14,11,0,13,0,0,0,0,0,2,2,3,0,0,1,0,244.682863,104.209906,0
43,106,3857295,2022-11-27,Japan - Costa Rica,Group Stage,95272,Hiroki Ito,778,Japan,795,Costa Rica,1,5,Left Center Back,0,51.359217,97.351533,0,63,58,0,46,0,0,0,0,0,0,0,2,0,0,3,0,1311.532469,213.361666,0
43,106,3857295,2022-11-27,Japan - Costa Rica,Group Stage,5581,Joel Nathaniel Campbell Samuels,795,Costa Rica,778,Japan,0,21,Left Wing,1,95.335017,97.351533,0,46,38,0,50,1,0,0,0,0,7,4,17,4,0,0,5,831.43237,292.7148,0.05128853
43,106,3857295,2022-11-27,Japan - Costa Rica,Group Stage,5582,Celso Borges Mora,795,Costa Rica,778,Japan,0,9,Right Defensive Midfield,1,89.811033,97.351533,0,58,47,3,43,0,0,0,0,0,2,2,15,2,1,1,0,1040.622836,168.543879,0
43,106,3857295,2022-11-27,Japan - Costa Rica,Group Stage,5597,Keylor Navas Gamboa,795,Costa Rica,778,Japan,0,1,Goalkeeper,1,97.351533,97.351533,0,42,21,0,18,0,0,0,0,0,0,0,0,0,0,0,0,2052.803736,135.335233,0
43,106,3857295,2022-11-27,Japan - Costa Rica,Group Stage,5598,Óscar Esau Duarte Gaitán,795,Costa Rica,778,Japan,0,3,Right Center Back,1,97.351533,97.351533,0,48,38,2,35,0,0,0,0,0,0,0,11,2,2,0,0,1266.550903,163.099316,0
43,106,3857295,2022-11-27,Japan - Costa Rica,Group Stage,5600,Francisco Javier Calvo Quesada,795,Costa Rica,778,Japan,0,5,Left Center Back,1,97.351533,97.351533,0,75,67,0,60,1,0,0,0,0,3,3,13,2,4,3,1,1658.521141,278.472798,0.01424443
43,106,3857295,2022-11-27,Japan - Costa Rica,Group Stage,5836,Bryan Oviedo,795,Costa Rica,778,Japan,0,8,Left Wing Back,1,97.351533,97.351533,0,43,31,0,26,0,0,0,0,0,0,0,10,2,2,2,1,663.015265,130.469541,0
43,106,3857295,2022-11-27,Japan - Costa Rica,Group Stage,5839,Yeltsin Ignacio Tejeda Valverde,795,Costa Rica,778,Japan,0,11,Left Defensive Midfield,1,97.351533,97.351533,0,49,43,0,27,0,0,0,0,1,0,0,14,2,0,1,1,899.778291,77.534535,0
43,106,3857295,2022-11-27,Japan - Costa Rica,Group Stage,6328,Kendall Jamaal Waston Manley,795,Costa Rica,778,Japan,0,4,Center Back,1,97.351533,97.351533,0,42,38,0,32,0,0,0,0,0,0,0,10,2,2,1,0,1168.60275,141.031081,0
43,106,3857295,2022-11-27,Japan - Costa Rica,Group Stage,130185,Keysher Fuller Spence,795,Costa Rica,778,Japan,0,7,Right Wing Back,1,97.351533,97.351533,0,24,18,1,19,1,1,1,0,0,0,0,18,2,1,2,3,434.087508,61.051069,0.12029848
43,106,3857295,2022-11-27,Japan - Costa Rica,Group Stage,132296,Anthony Daniel Contreras Enríquez,795,Costa Rica,778,Japan,0,23,Center Forward,1,65.45305,97.351533,0,12,8,0,12,0,0,0,0,0,1,1,14,2,0,1,2,110.727366,71.045539,0
43,106,3857295,2022-11-27,Japan - Costa Rica,Group Stage,132497,Gerson Torres Barrantes,795,Costa Rica,778,Japan,0,17,Right Wing,1,65.0682,97.351533,0,17,17,0,21,1,0,0,0,0,2,2,16,0,0,2,8,248.670654,113.236462,0.01353695
43,106,3857295,2022-11-27,Japan - Costa Rica,Group Stage,108340,Brandon Aguilera Zamora,795,Costa Rica,778,Japan,0,17,Right Wing,0,32.283333,97.351533,0,10,5,0,8,0,0,0,0,0,1,0,7,2,0,0,1,112.777644,27.085889,0
43,106,3857295,2022-11-27,Japan - Costa Rica,Group Stage,132728,Jewison Bennette,795,Costa Rica,778,Japan,0,21,Left Wing,0,31.898483,97.351533,0,3,2,0,5,0,0,0,0,0,0,0,13,0,0,0,1,38.622776,44.78649,0
43,106,3857295,2022-11-27,Japan - Costa Rica,Group Stage,132756,Youstin Delfin Salas Gómez,795,Costa Rica,778,Japan,0,17,Right Wing,0,7.5405,97.351533,0,0,0,0,0,0,0,0,0,0,0,0,3,0,0,0,0,0,0,0
43,106,3857295,2022-11-27,Japan - Costa Rica,Group Stage,132772,Daniel Alonso Chacón Salas,795,Costa Rica,778,Japan,0,11,Left Defensive Midfield,0,2.016517,97.351533,0,1,1,0,0,0,0,0,0,0,0,0,0,0,0,0,0,4.00125,0,0
43,106,3857259,2022-11-28,Cameroon - Serbia,Group Stage,3831,Dušan Tadić,786,Serbia,2722,Cameroon,0,18,Right Attacking Midfield,1,103.629583,103.629583,0,56,40,0,52,0,0,0,0,1,1,1,10,0,1,6,1,1204.921033,240.985288,0
43,106,3857259,2022-11-28,Cameroon - Serbia,Group Stage,4269,Aleksandar Mitrović,786,Serbia,2722,Cameroon,0,23,Center Forward,1,103.629583,103.629583,0,22,18,0,19,7,2,1,0,0,1,1,11,2,0,0,0,421.529719,108.722054,1.34936686
43,106,3857259,2022-11-28,Cameroon - Serbia,Group Stage,5589,Sergej Milinković-Savić,786,Serbia,2722,Cameroon,0,20,Left Attacking Midfield,1,85.826417,103.629583,0,48,36,1,55,3,1,1,0,0,2,2,15,2,2,0,4,918.016943,256.576322,0.20027478
43,106,3857259,2022-11-28,Cameroon - Serbia,Group Stage,5591,Filip Kostić,786,Serbia,2722,Cameroon,0,8,Left Wing Back,1,98.2846,103.629583,0,56,38,1,50,1,0,0,0,0,1,0,17,2,1,2,1,1047.526725,278.408319,0.01200909
43,106,3857259,2022-11-28,Cameroon - Serbia,Group Stage,5603,Nikola Milenković,786,Serbia,2722,Cameroon,0,3,Right Center Back,1,103.629583,103.629583,0,49,43,0,30,1,0,0,0,0,0,0,7,1,1,4,0,1016.47936,102.9125,0.0304652
43,106,3857259,2022-11-28,Cameroon - Serbia,Group Stage,6318,Andrija Živković,786,Serbia,2722,Cameroon,0,7,Right Wing Back,1,85.0894,103.629583,0,43,32,0,34,0,0,0,0,2,0,0,8,1,0,1,1,902.943717,334.68153,0
43,106,3857259,2022-11-28,Cameroon - Serbia,Group Stage,6321,Milos Veljkovic,786,Serbia,2722,Cameroon,0,4,Center Back,1,85.1318,103.629583,0,35,30,0,24,0,0,0,0,0,0,0,8,2,0,0,0,841.285653,94.147735,0
43,106,3857259,2022-11-28,Cameroon - Serbia,Group Stage,6687,Saša Lukić,786,Serbia,2722,Cameroon,0,11,Left Defensive Midfield,1,103.629583,103.629583,0,72,62,1,61,1,0,0,0,0,0,0,11,1,1,0,1,1334.317659,343.888452,0.03966681
43,106,3857259,2022-11-28,Cameroon - Serbia,Group Stage,6901,Nemanja Maksimović,786,Serbia,2722,Cameroon,0,9,Right Defensive Midfield,1,103.629583,103.629583,0,33,29,0,25,0,0,0,0,0,0,0,11,2,2,0,1,474.302027,155.147456,0
43,106,3857259,2022-11-28,Cameroon - Serbia,Group Stage,20600,Vanja Milinković Savić,786,Serbia,2722,Cameroon,0,1,Goalkeeper,1,103.629583,103.629583,0,36,27,2,25,0,0,0,0,0,0,0,0,0,0,0,0,1126.120066,101.535064,0
43,106,3857259,2022-11-28,Cameroon - Serbia,Group Stage,27719,Strahinja Pavlović,786,Serbia,2722,Cameroon,0,5,Left Center Back,1,62.82485,103.629583,0,27,24,0,26,1,1,1,0,0,1,1,7,2,1,2,0,511.272751,148.723885,0.07892812
43,106,3857259,2022-11-28,Cameroon - Serbia,Group Stage,3512,Marko Grujić,786,Serbia,2722,Cameroon,0,13,Right Center Midfield,0,17.803167,103.629583,0,17,14,0,13,1,1,0,0,0,1,0,5,1,0,1,0,321.28389,135.224697,0.02735642
43,106,3857259,2022-11-28,Cameroon - Serbia,Group Stage,5833,Nemanja Radonjić,786,Serbia,2722,Cameroon,0,7,Right Wing Back,0,18.540183,103.629583,0,5,4,0,4,0,0,0,0,0,0,0,2,0,0,0,0,131.166006,48.659824,0
43,106,3857259,2022-11-28,Cameroon - Serbia,Group Stage,7117,Filip Đuričić,786,Serbia,2722,Cameroon,0,8,Left Wing Back,0,5.344983,103.629583,0,3,3,0,2,0,0,0,0,0,0,0,1,0,0,0,0,66.062608,0.9,0
43,106,3857259,2022-11-28,Cameroon - Serbia,Group Stage,10477,Stefan Mitrović,786,Serbia,2722,Cameroon,0,5,Left Center Back,0,40.804733,103.629583,0,19,17,0,12,0,0,0,0,0,0,0,4,0,0,0,0,380.747629,69.351714,0
43,106,3857259,2022-11-28,Cameroon - Serbia,Group Stage,18737,Srđan Babić,786,Serbia,2722,Cameroon,0,5,Left Center Back,0,18.497783,103.629583,0,15,11,0,13,0,0,0,0,0,0,0,2,1,0,0,0,437.196406,96.125003,0
43,106,3857259,2022-11-28,Cameroon - Serbia,Group Stage,3141,André-Frank Zambo Anguissa,2722,Cameroon,786,Serbia,1,13,Right Center Midfield,1,87.730633,103.629583,0,25,20,0,17,0,0,0,0,0,0,0,23,1,1,1,0,414.170064,79.281631,0
43,106,3857259,2022-11-28,Cameroon - Serbia,Group Stage,3499,Jean-Eric Maxim Choupo-Moting,2722,Cameroon,786,Serbia,1,23,Center Forward,1,103.629583,103.629583,0,27,19,0,20,1,1,1,0,0,4,3,10,1,0,0,1,445.258795,215.44954,0.46942416
43,106,3857259,2022-11-28,Cameroon - Serbia,Group Stage,3551,Karl Brillant Toko Ekambi,2722,Cameroon,786,Serbia,1,21,Left Wing,1,74.394583,103.629583,0,11,7,0,11,1,1,0,0,0,0,0,4,0,1,0,1,254.210767,89.92021,0.02132554
43,106,3857259,2022-11-28,Cameroon - Serbia,Group Stage,4935,Bryan Mbeumo,2722,Cameroon,786,Serbia,1,17,Right Wing,1,87.753967,103.629583,0,23,13,1,23,0,0,0,0,0,3,0,12,1,0,0,3,453.184275,186.134498,0
43,106,3857259,2022-11-28,Cameroon - Serbia,Group Stage,7426,Jean-Charles Castelletto,2722,Cameroon,786,Serbia,1,3,Right Center Back,1,103.629583,103.629583,0,33,24,0,20,1,1,1,0,1,0,0,10,0,4,1,1,807.907422,92.958136,0.8945071
43,106,3857259,2022-11-28,Cameroon - Serbia,Group Stage,7472,Nicolas Alexis Julio N'Koulou Ndoubena,2722,Cameroon,786,Serbia,1,5,Left Center Back,1,103.629583,103.629583,0,33,27,2,26,2,0,0,0,0,0,0,7,0,2,1,1,902.851858,116.815013,0.13678494
43,106,3857259,2022-11-28,Cameroon - Serbia,Group Stage,12623,Pierre Kunde Malong,2722,Cameroon,786,Serbia,1,15,Left Center Midfield,1,74.42445,103.629583,0,26,17,0,18,4,2,0,0,0,0,0,8,1,1,1,0,687.251199,111.399948,0.18061584
43,106,3857259,2022-11-28,Cameroon - Serbia,Group Stage,13454,Nouhou Tolo,2722,Cameroon,786,Serbia,1,6,Left Back,1,103.629583,103.629583,0,38,25,0,20,0,0,0,0,0,2,1,8,0,5,0,1,896.926614,88.71197,0
43,106,3857259,2022-11-28,Cameroon - Serbia,Group Stage,15326,Devis Rogers Epassy Mboka,2722,Cameroon,786,Serbia,1,1,Goalkeeper,1,103.629583,103.629583,0,42,26,0,19,0,0,0,0,0,0,0,0,0,0,0,0,2031.578589,135.605354,0
43,106,3857259,2022-11-28,Cameroon - Serbia,Group Stage,16346,Ngoran Suiru Fai Collins,2722,Cameroon,786,Serbia,1,2,Right Back,1,103.629583,103.629583,0,67,44,0,29,0,0,0,0,0,0,0,14,3,2,2,2,1531.815283,139.761285,0
43,106,3857259,2022-11-28,Cameroon - Serbia,Group Stage,30016,Martin Hongla Yma II,2722,Cameroon,786,Serbia,1,10,Center Defensive Midfield,1,62.0582,103.629583,0,29,22,0,17,0,0,0,0,0,1,1,5,0,2,1,1,609.362528,52.320803,0
43,106,3857259,2022-11-28,Cameroon - Serbia,Group Stage,3639,Georges-Kévin Nkoudou Mbida,2722,Cameroon,786,Serbia,1,21,Left Wing,0,15.875617,103.629583,0,8,6,0,7,1,1,0,0,0,1,0,1,0,0,0,2,111.830099,21.130589,0.00701033
43,106,3857259,2022-11-28,Cameroon - Serbia,Group Stage,8591,Samuel Yves Oum Gwet,2722,Cameroon,786,Serbia,1,11,Left Defensive Midfield,0,15.89895,103.629583,0,6,4,0,4,0,0,0,0,0,0,0,0,0,0,0,0,189.396815,30.788064,0
43,106,3857259,2022-11-28,Cameroon - Serbia,Group Stage,11174,Vincent Paté Aboubakar,2722,Cameroon,786,Serbia,1,13,Right Center Midfield,0,41.571383,103.629583,0,8,7,0,16,3,2,1,0,1,5,4,2,0,0,1,0,183.939402,159.74385,0.36064145
43,106,3857259,2022-11-28,Cameroon - Serbia,Group Stage,28966,Gaël Ondoua,2722,Cameroon,786,Serbia,1,9,Right Defensive Midfield,0,29.205133,103.629583,0,10,10,0,7,0,0,0,0,0,0,0,8,1,1,1,1,168.282442,17.728029,0
43,106,3857259,2022-11-28,Cameroon - Serbia,Group Stage,46903,Christian Mougang Bassogog,2722,Cameroon,786,Serbia,1,17,Right Wing,0,29.235,103.629583,0,9,5,0,12,0,0,0,0,0,4,2,6,0,1,0,1,94.928473,133.458838,0
43,106,3857269,2022-11-28,Brazil - Switzerland,Group Stage,3500,Granit Xhaka,773,Switzerland,781,Brazil,0,11,Left Defensive Midfield,1,96.988883,96.988883,0,67,59,0,57,0,0,0,0,0,0,0,2,2,1,2,0,1519.577239,231.372564,0
43,106,3857269,2022-11-28,Brazil - Switzerland,Group Stage,5544,Ricardo Iván Rodríguez Araya,773,Switzerland,781,Brazil,0,6,Left Back,1,96.988883,96.988883,0,56,41,0,36,0,0,0,0,0,1,0,3,2,0,1,0,1111.868912,236.149288,0
43,106,3857269,2022-11-28,Brazil - Switzerland,Group Stage,5545,Breel-Donald Embolo,773,Switzerland,781,Brazil,0,23,Center Forward,1,75.8526,96.988883,0,12,8,0,16,0,0,0,0,0,1,0,10,0,0,0,3,143.165465,77.979795,0
43,106,3857269,2022-11-28,Brazil - Switzerland,Group Stage,5549,Manuel Obafemi Akanji,773,Switzerland,781,Brazil,0,3,Right Center Back,1,96.988883,96.988883,0,74,67,0,63,1,0,0,0,0,0,0,6,3,0,2,0,1649.875473,531.291946,0.02812302
43,106,3857269,2022-11-28,Brazil - Switzerland,Group Stage,5550,Yann Sommer,773,Switzerland,781,Brazil,0,1,Goalkeeper,1,96.988883,96.988883,0,49,46,0,32,0,0,0,0,0,0,0,0,0,0,0,0,1050.200345,85.59314,0
43,106,3857269,2022-11-28,Brazil - Switzerland,Group Stage,6983,Remo Freuler,773,Switzerland,781,Brazil,0,9,Right Defensive Midfield,1,96.988883,96.988883,0,39,35,0,32,0,0,0,0,0,2,0,17,1,0,1,0,626.706568,143.154955,0
43,106,3857269,2022-11-28,Brazil - Switzerland,Group Stage,7796,Silvan Widmer,773,Switzerland,781,Brazil,0,2,Right Back,1,86.383933,96.988883,0,50,35,0,41,1,0,0,0,0,0,0,13,6,2,3,0,962.924995,228.539397,0.05117428
43,106,3857269,2022-11-28,Brazil - Switzerland,Group Stage,8814,Nico Elvedi,773,Switzerland,781,Brazil,0,5,Left Center Back,1,96.988883,96.988883,0,72,67,1,60,0,0,0,0,0,0,0,3,0,2,2,0,1245.846672,416.578324,0
43,106,3857269,2022-11-28,Brazil - Switzerland,Group Stage,16026,Djibril Sow,773,Switzerland,781,Brazil,0,19,Center Attacking Midfield,1,75.7896,96.988883,0,20,19,0,20,2,0,0,0,0,1,0,10,1,1,0,3,307.83792,89.088116,0.15038014
43,106,3857269,2022-11-28,Brazil - Switzerland,Group Stage,30401,Ruben Vargas,773,Switzerland,781,Brazil,0,21,Left Wing,1,58.938533,96.988883,0,20,13,0,19,1,0,0,0,0,1,0,8,1,0,2,1,321.844204,102.095533,0.02970468
43,106,3857269,2022-11-28,Brazil - Switzerland,Group Stage,50436,Fabian Rieder,773,Switzerland,781,Brazil,0,17,Right Wing,1,59.31635,96.988883,0,18,9,0,20,0,0,0,0,0,1,1,26,2,1,4,1,289.06477,36.149337,0
43,106,3857269,2022-11-28,Brazil - Switzerland,Group Stage,3913,Edimilson Fernandes,773,Switzerland,781,Brazil,0,21,Left Wing,0,38.05035,96.988883,0,13,11,0,17,1,0,0,0,0,1,1,5,1,0,0,1,170.422625,71.063105,0.02924706
43,106,3857269,2022-11-28,Brazil - Switzerland,Group Stage,5543,Haris Seferović,773,Switzerland,781,Brazil,0,23,Center Forward,0,21.136283,96.988883,0,3,2,0,2,0,0,0,0,0,0,0,0,0,0,0,0,22.544292,13.055125,0
43,106,3857269,2022-11-28,Brazil - Switzerland,Group Stage,8561,Fabian Frei,773,Switzerland,781,Brazil,0,2,Right Back,0,10.60495,96.988883,0,3,2,0,4,0,0,0,0,0,0,0,2,1,0,0,0,51.273027,16.893584,0
43,106,3857269,2022-11-28,Brazil - Switzerland,Group Stage,12326,Renato Steffen,773,Switzerland,781,Brazil,0,17,Right Wing,0,37.672533,96.988883,0,13,12,0,10,0,0,0,0,0,1,0,1,0,1,0,1,177.584004,29.960644,0
43,106,3857269,2022-11-28,Brazil - Switzerland,Group Stage,16016,Michel Aebischer,773,Switzerland,781,Brazil,0,19,Center Attacking Midfield,0,21.199283,96.988883,0,4,2,0,3,0,0,0,0,0,0,0,6,0,0,1,0,52.809025,2.54652,0
43,106,3857269,2022-11-28,Brazil - Switzerland,Group Stage,3280,Richarlison de Andrade,781,Brazil,773,Switzerland,1,23,Center Forward,1,73.7385,96.988883,0,7,3,0,12,2,0,0,0,0,1,0,9,0,0,0,3,121.697438,33.248859,0.06054334
43,106,3857269,2022-11-28,Brazil - Switzerland,Group Stage,3295,Thiago Emiliano da Silva,781,Brazil,773,Switzerland,1,5,Left Center Back,1,96.988883,96.988883,0,81,77,0,72,1,0,0,0,0,0,0,6,1,5,2,0,1765.500982,378.07615,0.14148508
43,106,3857269,2022-11-28,Brazil - Switzerland,Group Stage,4372,Marcos Aoás Corrêa,781,Brazil,773,Switzerland,1,3,Right Center Back,1,96.988883,96.988883,0,96,92,1,82,1,0,0,0,0,0,0,5,3,0,0,0,1796.775252,571.239691,0.07814184
43,106,3857269,2022-11-28,Brazil - Switzerland,Group Stage,5539,Carlos Henrique Casimiro,781,Brazil,773,Switzerland,1,10,Center Defensive Midfield,1,96.988883,96.988883,0,50,40,2,36,2,1,1,0,0,0,0,7,1,4,3,0,917.580011,180.264494,0.09193564
43,106,3857269,2022-11-28,Brazil - Switzerland,Group Stage,5547,Alisson Ramsés Becker,781,Brazil,773,Switzerland,1,1,Goalkeeper,1,96.988883,96.988883,0,17,11,0,12,0,0,0,0,0,0,0,0,0,0,0,0,480.437113,53.4607,0
43,106,3857269,2022-11-28,Brazil - Switzerland,Group Stage,6945,Alex Sandro Lobo Silva,781,Brazil,773,Switzerland,1,6,Left Back,1,86.435583,96.988883,0,74,63,0,58,0,0,0,0,0,1,1,10,7,2,1,2,1207.501057,252.772888,0
43,106,3857269,2022-11-28,Brazil - Switzerland,Group Stage,9904,Frederico Rodrigues Santos,781,Brazil,773,Switzerland,1,13,Right Center Midfield,1,58.735483,96.988883,0,27,23,1,26,0,0,0,0,0,0,0,12,0,0,1,0,459.167295,142.236434,0
43,106,3857269,2022-11-28,Brazil - Switzerland,Group Stage,10595,Raphael Dias Belloli,781,Brazil,773,Switzerland,1,17,Right Wing,1,74.04935,96.988883,0,35,25,0,29,1,1,0,0,0,0,0,8,2,0,0,1,681.176822,139.219636,0.02201561
43,106,3857269,2022-11-28,Brazil - Switzerland,Group Stage,13620,Éder Gabriel Militão,781,Brazil,773,Switzerland,1,2,Right Back,1,96.988883,96.988883,0,67,56,1,56,1,0,0,0,0,0,0,11,2,1,3,1,1342.230647,282.849298,0.02857021
43,106,3857269,2022-11-28,Brazil - Switzerland,Group Stage,18395,Vinícius José Paixão de Oliveira Júnior,781,Brazil,773,Switzerland,1,21,Left Wing,1,96.988883,96.988883,0,22,18,0,40,1,1,0,0,0,4,1,11,3,0,0,5,314.634406,287.540675,0.21638125
43,106,3857269,2022-11-28,Brazil - Switzerland,Group Stage,22600,Lucas Tolentino Coelho de Lima,781,Brazil,773,Switzerland,1,15,Left Center Midfield,1,46.06065,96.988883,0,39,33,0,37,0,0,0,0,0,0,0,8,0,0,0,0,666.009433,117.0677,0
43,106,3857269,2022-11-28,Brazil - Switzerland,Group Stage,3202,Gabriel Fernando de Jesus,781,Brazil,773,Switzerland,1,23,Center Forward,0,23.250383,96.988883,0,6,4,0,7,0,0,0,0,0,0,0,4,1,0,0,2,83.29709,48.006059,0
43,106,3857269,2022-11-28,Brazil - Switzerland,Group Stage,11183,Alex Nicolao Telles,781,Brazil,773,Switzerland,1,6,Left Back,0,10.5533,96.988883,0,11,10,0,5,0,0,0,0,0,0,0,1,1,0,0,1,165.472359,27.959635,0
43,106,3857269,2022-11-28,Brazil - Switzerland,Group Stage,25104,Rodrygo Silva de Goes,781,Brazil,773,Switzerland,1,19,Center Attacking Midfield,0,50.928233,96.988883,0,26,21,0,24,2,1,0,0,1,2,0,6,1,1,0,1,427.669944,131.742574,0.24174622
43,106,3857269,2022-11-28,Brazil - Switzerland,Group Stage,25142,Bruno Guimarães Rodriguez Moura,781,Brazil,773,Switzerland,1,9,Right Defensive Midfield,0,38.2534,96.988883,0,24,20,0,26,1,1,0,0,0,2,2,5,0,0,0,1,401.309541,131.246594,0.02118851
43,106,3857269,2022-11-28,Brazil - Switzerland,Group Stage,25363,Antony Matheus dos Santos,781,Brazil,773,Switzerland,1,12,Right Midfield,0,22.939533,96.988883,0,15,11,0,16,1,0,0,0,0,3,1,1,0,1,0,1,238.267316,107.41511,0.02072225
43,106,3857270,2022-11-28,Portugal - Uruguay,Group Stage,3193,Bernardo Mota Veiga de Carvalho e Silva,780,Portugal,783,Uruguay,1,13,Right Center Midfield,1,103.051683,103.051683,0,65,55,0,55,0,0,0,0,0,2,1,12,2,0,1,0,1097.876532,430.128098,0
43,106,3857270,2022-11-28,Portugal - Uruguay,Group Stage,5204,Bruno Miguel Borges Fernandes,780,Portugal,783,Uruguay,1,19,Center Attacking Midfield,1,103.051683,103.051683,0,59,48,0,51,6,3,2,0,0,3,1,11,2,1,1,1,1137.882584,278.77944,0.96730494
43,106,3857270,2022-11-28,Portugal - Uruguay,Group Stage,5206,Rúben Santos Gato Alves Dias,780,Portugal,783,Uruguay,1,5,Left Center Back,1,103.051683,103.051683,0,61,57,1,47,0,0,0,0,0,0,0,4,1,0,0,1,1250.555314,197.158244,0
43,106,3857270,2022-11-28,Portugal - Uruguay,Group Stage,5207,Cristiano Ronaldo dos Santos Aveiro,780,Portugal,783,Uruguay,1,22,Right Center Forward,1,84.9256,103.051683,0,40,30,0,26,3,0,0,0,0,1,0,4,0,0,0,1,488.712398,119.578131,0.06316447
43,106,3857270,2022-11-28,Portugal - Uruguay,Group Stage,5214,William Silva de Carvalho,780,Portugal,783,Uruguay,1,15,Left Center Midfield,1,84.956467,103.051683,0,63,59,0,53,1,0,0,0,0,0,0,7,1,1,0,1,1084.321546,198.264092,0.04868343
43,106,3857270,2022-11-28,Portugal - Uruguay,Group Stage,7005,João Pedro Cavaco Cancelo,780,Portugal,783,Uruguay,1,2,Right Back,1,103.051683,103.051683,0,60,51,0,49,0,0,0,0,0,3,1,5,1,1,1,0,1052.513438,148.310572,0
43,106,3857270,2022-11-28,Portugal - Uruguay,Group Stage,9927,Rúben Diogo Da Silva Neves,780,Portugal,783,Uruguay,1,10,Center Defensive Midfield,1,71.824233,103.051683,0,52,44,1,41,1,0,0,0,0,0,0,13,0,0,1,2,1150.063603,107.063229,0.01532666
43,106,3857270,2022-11-28,Portugal - Uruguay,Group Stage,12041,João Félix Sequeira,780,Portugal,783,Uruguay,1,24,Left Center Forward,1,84.927267,103.051683,0,36,30,0,36,3,0,0,0,0,0,0,10,0,0,4,4,520.841863,149.00124,0.09235243
43,106,3857270,2022-11-28,Portugal - Uruguay,Group Stage,20016,Kléper Laveran Lima Ferreira,780,Portugal,783,Uruguay,1,3,Right Center Back,1,103.051683,103.051683,0,60,51,0,47,0,0,0,0,0,0,0,7,1,1,0,1,1480.133735,223.239666,0
43,106,3857270,2022-11-28,Portugal - Uruguay,Group Stage,32975,Diogo Meireles Costa,780,Portugal,783,Uruguay,1,1,Goalkeeper,1,103.051683,103.051683,0,39,22,0,25,0,0,0,0,0,0,0,0,0,0,0,0,1637.922156,61.187578,0
43,106,3857270,2022-11-28,Portugal - Uruguay,Group Stage,41092,Nuno Mendes,780,Portugal,783,Uruguay,1,6,Left Back,1,41.49655,103.051683,0,34,30,0,28,0,0,0,0,0,2,1,0,0,1,0,2,660.134782,155.36563,0
43,106,3857270,2022-11-28,Portugal - Uruguay,Group Stage,5209,Raphaël Adelino José Guerreiro,780,Portugal,783,Uruguay,1,6,Left Back,0,61.555133,103.051683,0,28,24,0,19,0,0,0,0,1,1,0,5,0,0,0,0,530.022254,103.074437,0
43,106,3857270,2022-11-28,Portugal - Uruguay,Group Stage,12169,João Maria Lobo Alves Palhinha Gonçalves,780,Portugal,783,Uruguay,1,10,Center Defensive Midfield,0,18.095217,103.051683,0,10,7,0,8,0,0,0,0,0,1,1,3,0,1,1,0,211.563755,30.43174,0
43,106,3857270,2022-11-28,Portugal - Uruguay,Group Stage,18360,Rafael Alexandre Conceição Leão,780,Portugal,783,Uruguay,1,10,Center Defensive Midfield,0,31.22745,103.051683,0,10,8,0,12,1,0,0,0,0,1,1,1,0,1,1,0,149.226119,171.970106,0.02690208
43,106,3857270,2022-11-28,Portugal - Uruguay,Group Stage,38803,Gonçalo Matias Ramos,780,Portugal,783,Uruguay,1,23,Center Forward,0,18.126083,103.051683,0,5,5,0,3,0,0,0,0,0,0,0,2,0,0,1,0,79.717576,33.528097,0
43,106,3857270,2022-11-28,Portugal - Uruguay,Group Stage,40874,Matheus Luiz Nunes,780,Portugal,783,Uruguay,1,9,Right Defensive Midfield,0,18.124417,103.051683,0,4,4,0,5,0,0,0,0,0,0,0,2,0,0,0,0,70.008836,95.011361,0
43,106,3857270,2022-11-28,Portugal - Uruguay,Group Stage,4319,Edinson Roberto Cavani Gómez,783,Uruguay,780,Portugal,0,24,Left Center Forward,1,75.910383,103.051683,0,20,13,0,13,1,0,0,0,0,0,0,11,0,0,0,0,306.218668,30.162668,0.07401822
43,106,3857270,2022-11-28,Portugal - Uruguay,Group Stage,5249,Diego Roberto Godín Leal,783,Uruguay,780,Portugal,0,4,Center Back,1,64.6305,103.051683,0,23,19,0,13,0,0,0,0,0,0,0,1,0,0,0,0,545.766631,42.970427,0
43,106,3857270,2022-11-28,Portugal - Uruguay,Group Stage,5255,Matías Vecino Falero,783,Uruguay,780,Portugal,0,15,Left Center Midfield,1,64.468533,103.051683,0,17,11,0,9,0,0,0,0,0,0,0,16,1,0,3,0,317.310842,53.679675,0
43,106,3857270,2022-11-28,Portugal - Uruguay,Group Stage,5259,José María Giménez de Vargas,783,Uruguay,780,Portugal,0,3,Right Center Back,1,103.051683,103.051683,0,51,40,0,32,1,0,0,0,0,1,0,17,1,2,4,1,1270.87277,123.533361,0.05059433
43,106,3857270,2022-11-28,Portugal - Uruguay,Group Stage,5260,Rodrigo Bentancur Colmán,783,Uruguay,780,Portugal,0,10,Center Defensive Midfield,1,103.051683,103.051683,0,61,49,0,49,2,1,0,0,0,2,2,20,2,4,2,3,1157.324857,410.227313,0.56844809
43,106,3857270,2022-11-28,Portugal - Uruguay,Group Stage,5264,Guillermo Varela Olivera,783,Uruguay,780,Portugal,0,7,Right Wing Back,1,103.051683,103.051683,0,33,23,0,20,0,0,0,0,0,0,0,8,1,0,0,2,646.286859,107.768348,0
43,106,3857270,2022-11-28,Portugal - Uruguay,Group Stage,6300,Sebastián Coates Nión,783,Uruguay,780,Portugal,0,5,Left Center Back,1,103.051683,103.051683,0,50,38,1,31,0,0,0,0,0,0,0,2,2,0,1,0,1310.662545,204.131204,0
43,106,3857270,2022-11-28,Portugal - Uruguay,Group Stage,6773,Federico Santiago Valverde Dipetta,783,Uruguay,780,Portugal,0,13,Right Center Midfield,1,103.051683,103.051683,0,49,38,0,31,1,0,0,0,0,1,1,12,1,2,3,0,1002.813893,330.287476,0.01962932
43,106,3857270,2022-11-28,Portugal - Uruguay,Group Stage,7104,Mathías Olivera Miramontes,783,Uruguay,780,Portugal,0,8,Left Wing Back,1,88.0982,103.051683,0,33,27,1,23,2,0,0,0,0,0,0,16,4,1,1,1,459.059668,127.942485,0.08097579
43,106,3857270,2022-11-28,Portugal - Uruguay,Group Stage,32478,Darwin Gabriel Núñez Ribeiro,783,Uruguay,780,Portugal,0,22,Right Center Forward,1,74.66695,103.051683,0,17,11,0,17,1,1,0,0,0,0,0,8,0,0,1,0,239.455352,169.470353,0.03092143
43,106,3857270,2022-11-28,Portugal - Uruguay,Group Stage,36710,Sergio Rochet Álvarez,783,Uruguay,780,Portugal,0,1,Goalkeeper,1,103.051683,103.051683,0,26,15,1,9,0,0,0,0,0,0,0,0,0,0,0,0,1012.405895,19.789812,0
43,106,3857270,2022-11-28,Portugal - Uruguay,Group Stage,5246,Luis Alberto Suárez Díaz,783,Uruguay,780,Portugal,0,22,Right Center Forward,0,27.1413,103.051683,0,7,5,0,5,1,0,0,0,0,0,0,2,0,0,0,2,159.988533,15.825048,0.08837514
43,106,3857270,2022-11-28,Portugal - Uruguay,Group Stage,5258,Giorgian Daniel De Arrascaeta Benedetti,783,Uruguay,780,Portugal,0,16,Left Midfield,0,38.58315,103.051683,0,25,20,0,14,1,1,0,0,0,1,0,3,0,0,0,0,364.023536,57.393089,0.2560759
43,106,3857270,2022-11-28,Portugal - Uruguay,Group Stage,6297,Maximiliano Gómez González,783,Uruguay,780,Portugal,0,24,Left Center Forward,0,28.384733,103.051683,0,4,2,0,3,1,0,0,0,0,0,0,0,0,0,1,0,71.427058,19.925074,0.04764285
43,106,3857270,2022-11-28,Portugal - Uruguay,Group Stage,34476,Matías Nicolás Viña Susperreguy,783,Uruguay,780,Portugal,0,6,Left Back,0,14.953483,103.051683,0,11,4,0,8,0,0,0,0,0,1,1,2,2,0,0,0,224.423159,39.19871,0
43,106,3857270,2022-11-28,Portugal - Uruguay,Group Stage,36288,Facundo Pellistri Rebollo,783,Uruguay,780,Portugal,0,12,Right Midfield,0,38.421183,103.051683,0,11,9,0,13,0,0,0,0,0,0,0,7,0,0,0,1,142.010394,120.698993,0
43,106,3857299,2022-11-28,South Korea - Ghana,Group Stage,3083,Heung-Min Son,791,South Korea,4885,Ghana,1,21,Left Wing,1,105.992667,105.992667,0,38,27,0,35,2,0,0,0,0,2,1,7,1,0,0,2,781.727665,315.170702,0.12550053
43,106,3857299,2022-11-28,South Korea - Ghana,Group Stage,3135,Chang-Hoon Kwon,791,South Korea,4885,Ghana,1,17,Right Wing,1,61.394683,105.992667,0,23,19,0,20,0,0,0,0,0,0,0,11,1,0,0,0,408.419269,65.211974,0
43,106,3857299,2022-11-28,South Korea - Ghana,Group Stage,5604,Young-Gwon Kim,791,South Korea,4885,Ghana,1,5,Left Center Back,1,105.992667,105.992667,0,66,59,0,53,1,0,0,0,0,0,0,3,0,1,1,0,2079.369963,298.741805,0.06494597
43,106,3857299,2022-11-28,South Korea - Ghana,Group Stage,5618,Woo-Young Jung,791,South Korea,4885,Ghana,1,9,Right Defensive Midfield,1,83.23375,105.992667,0,59,53,1,46,1,0,0,0,0,0,0,11,3,1,4,0,1472.649136,180.703394,0.01094697
43,106,3857299,2022-11-28,South Korea - Ghana,Group Stage,22067,Woo-Yeong Jeong,791,South Korea,4885,Ghana,1,19,Center Attacking Midfield,1,50.075433,105.992667,0,16,13,0,16,1,0,0,0,0,1,0,14,0,0,1,0,269.835712,57.741044,0.03008143
43,106,3857299,2022-11-28,South Korea - Ghana,Group Stage,23763,In-Beom Hwang,791,South Korea,4885,Ghana,1,11,Left Defensive Midfield,1,105.992667,105.992667,0,93,80,1,76,1,0,0,0,0,0,0,14,0,1,3,1,1945.493458,366.328256,0.01958601
43,106,3857299,2022-11-28,South Korea - Ghana,Group Stage,37641,Seung-Gyu Kim,791,South Korea,4885,Ghana,1,1,Goalkeeper,1,105.992667,105.992667,0,24,22,0,18,0,0,0,0,0,0,0,0,0,0,0,0,739.131098,81.459467,0
43,106,3857299,2022-11-28,South Korea - Ghana,Group Stage,40538,Jin-Su Kim,791,South Korea,4885,Ghana,1,6,Left Back,1,105.992667,105.992667,0,50,36,0,36,3,0,0,0,1,1,0,8,3,1,1,1,1031.888796,142.656762,0.28527407
43,106,3857299,2022-11-28,South Korea - Ghana,Group Stage,40542,Gue-Sung Cho,791,South Korea,4885,Ghana,1,23,Center Forward,1,105.992667,105.992667,0,18,12,0,17,6,4,2,0,0,1,1,23,0,0,3,4,246.576669,72.956678,0.63590694
43,106,3857299,2022-11-28,South Korea - Ghana,Group Stage,40672,Moon-Hwan Kim,791,South Korea,4885,Ghana,1,2,Right Back,1,105.992667,105.992667,0,89,75,1,66,0,0,0,0,0,0,0,12,2,1,1,0,1674.748514,234.073279,0
43,106,3857299,2022-11-28,South Korea - Ghana,Group Stage,43565,Min Jae Kim,791,South Korea,4885,Ghana,1,3,Right Center Back,1,96.779917,105.992667,0,70,59,0,50,1,0,0,0,0,1,1,7,1,0,0,0,1686.770571,301.80524,0.0590087
43,106,3857299,2022-11-28,South Korea - Ghana,Group Stage,22740,Kang-In Lee,791,South Korea,4885,Ghana,1,19,Center Attacking Midfield,0,44.597983,105.992667,0,33,24,0,25,3,1,0,0,1,0,0,6,1,0,1,0,934.132871,143.365486,0.07108833
43,106,3857299,2022-11-28,South Korea - Ghana,Group Stage,29966,Ui-Jo Hwang,791,South Korea,4885,Ghana,1,19,Center Attacking Midfield,0,22.758917,105.992667,0,1,0,0,0,0,0,0,0,0,0,0,1,0,0,0,0,8.620905,0,0
43,106,3857299,2022-11-28,South Korea - Ghana,Group Stage,40564,Kyung-Won Kwon,791,South Korea,4885,Ghana,1,3,Right Center Back,0,9.21275,105.992667,0,9,8,0,7,1,0,0,0,0,0,0,0,0,0,0,2,222.204172,24.868713,0.00548434
43,106,3857299,2022-11-28,South Korea - Ghana,Group Stage,41711,Sang-Ho Na,791,South Korea,4885,Ghana,1,17,Right Wing,0,55.917233,105.992667,0,16,12,0,12,1,1,0,0,0,1,0,9,0,0,0,0,346.161416,103.272379,0.05996953
43,106,3857299,2022-11-28,South Korea - Ghana,Group Stage,3347,André Ayew Pelé,4885,Ghana,791,South Korea,0,19,Center Attacking Midfield,1,82.866883,105.992667,0,15,12,0,15,0,0,0,0,0,1,0,6,1,0,0,2,230.675464,85.615701,0
43,106,3857299,2022-11-28,South Korea - Ghana,Group Stage,3450,Jordan Ayew,4885,Ghana,791,South Korea,0,21,Left Wing,1,82.878433,105.992667,0,22,16,0,22,0,0,0,0,1,5,2,22,3,1,0,4,453.033805,171.117241,0
43,106,3857299,2022-11-28,South Korea - Ghana,Group Stage,3709,Daniel Amartey,4885,Ghana,791,South Korea,0,3,Right Center Back,1,105.992667,105.992667,0,37,36,1,30,0,0,0,0,0,1,1,7,2,1,1,0,838.767182,141.931947,0
43,106,3857299,2022-11-28,South Korea - Ghana,Group Stage,6383,Thomas Teye Partey,4885,Ghana,791,South Korea,0,9,Right Defensive Midfield,1,105.992667,105.992667,0,49,43,0,36,1,0,0,0,0,1,1,9,3,1,0,2,1017.078233,182.747976,0.21468838
43,106,3857299,2022-11-28,South Korea - Ghana,Group Stage,6393,Iñaki Williams Arthuer,4885,Ghana,791,South Korea,0,23,Center Forward,1,105.992667,105.992667,0,14,9,0,10,1,0,0,0,0,0,0,14,1,0,3,1,198.572706,119.026384,0.10557394
43,106,3857299,2022-11-28,South Korea - Ghana,Group Stage,8108,Lawrence Ati-Zigi,4885,Ghana,791,South Korea,0,1,Goalkeeper,1,105.992667,105.992667,0,22,12,1,7,0,0,0,0,0,0,0,0,0,0,0,0,1034.542805,41.690802,0
43,106,3857299,2022-11-28,South Korea - Ghana,Group Stage,17033,Mohammed Kudus,4885,Ghana,791,South Korea,0,17,Right Wing,1,87.218067,105.992667,0,21,17,0,22,2,2,2,0,0,3,0,16,2,1,0,2,465.5538,250.932771,0.35499836
43,106,3857299,2022-11-28,South Korea - Ghana,Group Stage,23615,Gideon Mensah,4885,Ghana,791,South Korea,0,6,Left Back,1,92.603117,105.992667,0,45,35,0,29,0,0,0,0,0,0,0,9,1,2,0,0,962.788402,124.849129,0
43,106,3857299,2022-11-28,South Korea - Ghana,Group Stage,30519,Mohamed Salisu,4885,Ghana,791,South Korea,0,5,Left Center Back,1,105.992667,105.992667,0,43,32,0,31,1,1,1,0,0,0,0,3,1,0,1,1,1002.423702,211.132135,0.4040968
43,106,3857299,2022-11-28,South Korea - Ghana,Group Stage,31029,Salis Abdul Samed,4885,Ghana,791,South Korea,0,11,Left Defensive Midfield,1,105.992667,105.992667,0,42,37,0,35,1,0,0,0,0,1,1,14,1,2,1,0,871.377338,171.099364,0.02667656
43,106,3857299,2022-11-28,South Korea - Ghana,Group Stage,33602,Tariq Lamptey,4885,Ghana,791,South Korea,0,2,Right Back,1,82.847467,105.992667,0,19,11,0,18,1,0,0,0,0,2,1,10,3,1,2,2,407.258865,213.332134,0.07450179
43,106,3857299,2022-11-28,South Korea - Ghana,Group Stage,2989,Alexander Djiku,4885,Ghana,791,South Korea,0,4,Center Back,0,18.7746,105.992667,0,1,0,1,1,0,0,0,0,0,0,0,0,0,0,0,1,48.803688,10.977249,0
43,106,3857299,2022-11-28,South Korea - Ghana,Group Stage,12259,Denis Odoi,4885,Ghana,791,South Korea,0,2,Right Back,0,23.1452,105.992667,0,2,2,0,1,0,0,0,0,0,0,0,3,1,0,0,0,35.989378,0,0
43,106,3857299,2022-11-28,South Korea - Ghana,Group Stage,12325,Abdul Rahman Baba,4885,Ghana,791,South Korea,0,8,Left Wing Back,0,13.38955,105.992667,0,0,0,0,0,0,0,0,0,0,0,0,3,1,0,1,0,0,0,0
43,106,3857299,2022-11-28,South Korea - Ghana,Group Stage,28616,Daniel-Kofi Kyereh,4885,Ghana,791,South Korea,0,19,Center Attacking Midfield,0,23.125783,105.992667,0,4,2,0,3,0,0,0,0,0,0,0,3,0,0,0,0,61.348913,13.738833,0
43,106,3857299,2022-11-28,South Korea - Ghana,Group Stage,35658,Kamaldeen Sulemana,4885,Ghana,791,South Korea,0,21,Left Wing,0,23.114233,105.992667,0,4,2,0,2,0,0,0,0,0,0,0,7,0,0,1,0,32.300441,4.944429,0
43,106,3857261,2022-11-29,Wales - England,Group Stage,3205,Kyle Walker,768,England,907,Wales,0,2,Right Back,1,61.886283,99.056317,0,55,50,0,40,0,0,0,0,0,0,0,2,0,1,1,1,1076.37566,122.922419,0
43,106,3857261,2022-11-29,Wales - England,Group Stage,3244,John Stones,768,England,907,Wales,0,3,Right Center Back,1,99.056317,99.056317,0,82,75,0,70,2,1,0,0,0,0,0,1,0,1,0,2,1540.223314,463.294571,0.46152714
43,106,3857261,2022-11-29,Wales - England,Group Stage,3318,Marcus Rashford,768,England,907,Wales,0,21,Left Wing,1,80.08375,99.056317,0,31,23,0,36,6,4,2,0,0,6,3,6,2,1,0,1,403.10785,210.147082,0.66227841
43,106,3857261,2022-11-29,Wales - England,Group Stage,3336,Harry Maguire,768,England,907,Wales,0,5,Left Center Back,1,99.056317,99.056317,0,87,77,2,72,1,0,0,0,0,0,0,1,0,1,2,0,2081.920472,532.603359,0.01084097
43,106,3857261,2022-11-29,Wales - England,Group Stage,3382,Luke Shaw,768,England,907,Wales,0,6,Left Back,1,69.898717,99.056317,0,60,51,0,50,0,0,0,0,0,0,0,4,0,0,0,1,943.864692,206.799208,0
43,106,3857261,2022-11-29,Wales - England,Group Stage,3468,Jordan Pickford,768,England,907,Wales,0,1,Goalkeeper,1,99.056317,99.056317,0,32,29,1,24,0,0,0,0,0,0,0,0,0,0,0,0,677.033867,70.997817,0
43,106,3857261,2022-11-29,Wales - England,Group Stage,3532,Jordan Brian Henderson,768,England,907,Wales,0,13,Right Center Midfield,1,99.056317,99.056317,0,61,50,1,45,0,0,0,0,0,2,0,12,1,1,3,2,1153.422519,188.822478,0
43,106,3857261,2022-11-29,Wales - England,Group Stage,3943,Declan Rice,768,England,907,Wales,0,10,Center Defensive Midfield,1,62.274583,99.056317,0,48,45,0,33,0,0,0,0,0,0,0,4,0,0,1,0,827.779915,166.483698,0
43,106,3857261,2022-11-29,Wales - England,Group Stage,4354,Phil Foden,768,England,907,Wales,0,17,Right Wing,1,99.056317,99.056317,0,36,27,0,33,5,1,1,0,0,2,2,7,0,0,2,1,710.243869,198.171065,1.22865907
43,106,3857261,2022-11-29,Wales - England,Group Stage,10955,Harry Kane,768,England,907,Wales,0,23,Center Forward,1,62.1566,99.056317,0,9,7,0,15,2,0,0,0,1,1,0,5,0,0,0,3,138.917616,106.87652,0.05824707
43,106,3857261,2022-11-29,Wales - England,Group Stage,30714,Jude Bellingham,768,England,907,Wales,0,15,Left Center Midfield,1,99.056317,99.056317,0,52,47,0,49,2,1,0,0,0,4,2,10,2,2,0,1,868.76655,274.197144,0.49393251
43,106,3857261,2022-11-29,Wales - England,Group Stage,3308,Kieran Trippier,768,England,907,Wales,0,6,Left Back,0,29.1576,99.056317,0,17,17,0,11,0,0,0,0,0,0,0,2,1,0,0,0,256.549811,20.321559,0
43,106,3857261,2022-11-29,Wales - England,Group Stage,3616,Callum Wilson,768,England,907,Wales,0,23,Center Forward,0,36.899717,99.056317,0,7,5,0,13,0,0,0,0,0,1,0,7,0,0,0,2,130.311593,84.276173,0
43,106,3857261,2022-11-29,Wales - England,Group Stage,3664,Trent Alexander-Arnold,768,England,907,Wales,0,2,Right Back,0,37.170033,99.056317,0,23,21,0,18,0,0,0,0,0,0,0,4,0,1,1,0,473.170206,77.278132,0
43,106,3857261,2022-11-29,Wales - England,Group Stage,4706,Kalvin Phillips,768,England,907,Wales,0,10,Center Defensive Midfield,0,36.781733,99.056317,0,15,15,0,9,0,0,0,0,1,0,0,8,0,1,1,0,320.147552,54.536733,0
43,106,3857261,2022-11-29,Wales - England,Group Stage,9638,Jack Grealish,768,England,907,Wales,0,17,Right Wing,0,18.972567,99.056317,0,15,14,0,16,0,0,0,0,0,2,2,1,0,0,0,3,147.835665,107.94687,0
43,106,3857261,2022-11-29,Wales - England,Group Stage,3086,Ben Davies,907,Wales,768,England,1,6,Left Back,1,63.679717,99.056317,0,29,15,0,14,0,0,0,0,0,1,0,7,2,1,1,1,720.405449,30.159998,0
43,106,3857261,2022-11-29,Wales - England,Group Stage,3517,Aaron Ramsey,907,Wales,768,England,1,19,Center Attacking Midfield,1,99.056317,99.056317,0,30,24,1,21,0,0,0,0,0,1,0,27,2,0,3,1,597.93233,86.290585,0
43,106,3857261,2022-11-29,Wales - England,Group Stage,3853,Kieffer Roberto Francisco Moore,907,Wales,768,England,1,23,Center Forward,1,99.056317,99.056317,0,17,11,0,13,2,1,0,0,0,0,0,31,0,0,2,2,267.395982,57.762204,0.06598234
43,106,3857261,2022-11-29,Wales - England,Group Stage,4767,Chris Mepham,907,Wales,768,England,1,3,Right Center Back,1,99.056317,99.056317,0,53,48,1,40,0,0,0,0,0,0,0,7,3,0,3,0,1130.91911,342.152774,0
43,106,3857261,2022-11-29,Wales - England,Group Stage,4934,Ethan Ampadu,907,Wales,768,England,1,11,Left Defensive Midfield,1,99.056317,99.056317,0,35,27,0,23,0,0,0,0,0,0,0,8,3,1,2,1,734.153248,170.856028,0
43,106,3857261,2022-11-29,Wales - England,Group Stage,6399,Gareth Frank Bale,907,Wales,768,England,1,17,Right Wing,1,50.050833,99.056317,0,5,1,0,3,0,0,0,0,0,1,0,3,0,0,0,0,121.285451,15.356352,0
43,106,3857261,2022-11-29,Wales - England,Group Stage,9914,Daniel Ward,907,Wales,768,England,1,1,Goalkeeper,1,99.056317,99.056317,0,32,20,0,17,0,0,0,0,0,0,0,0,0,0,0,0,1459.756549,36.391505,0
43,106,3857261,2022-11-29,Wales - England,Group Stage,10931,Joe Allen,907,Wales,768,England,1,9,Right Defensive Midfield,1,85.3856,99.056317,0,27,23,0,17,2,0,0,0,0,0,0,8,1,0,1,2,445.804921,73.264227,0.06370902
43,106,3857261,2022-11-29,Wales - England,Group Stage,11250,Joe Rodon,907,Wales,768,England,1,5,Left Center Back,1,99.056317,99.056317,0,46,42,0,33,0,0,0,0,0,0,0,8,0,1,1,1,967.609513,205.246389,0
43,106,3857261,2022-11-29,Wales - England,Group Stage,11252,Daniel James,907,Wales,768,England,1,21,Left Wing,1,81.317483,99.056317,0,15,10,0,10,0,0,0,0,0,0,0,12,0,0,1,1,282.980876,91.170529,0
43,106,3857261,2022-11-29,Wales - England,Group Stage,34794,Neco Williams,907,Wales,768,England,1,2,Right Back,1,35.949583,99.056317,0,6,5,0,5,0,0,0,0,0,0,0,4,0,0,2,1,147.244425,57.990317,0
43,106,3857261,2022-11-29,Wales - England,Group Stage,4774,Connor Roberts,907,Wales,768,England,1,2,Right Back,0,63.106733,99.056317,0,30,27,0,24,0,0,0,0,0,1,1,2,1,0,0,0,785.007957,106.419885,0
43,106,3857261,2022-11-29,Wales - England,Group Stage,9540,Harry Wilson,907,Wales,768,England,1,21,Left Wing,0,17.738833,99.056317,0,7,6,0,4,1,0,0,0,0,0,0,2,0,0,0,0,117.818636,49.829919,0.03132889
43,106,3857261,2022-11-29,Wales - England,Group Stage,22074,Joseff Morrell,907,Wales,768,England,1,11,Left Defensive Midfield,0,35.3766,99.056317,0,12,11,0,12,0,0,0,0,0,0,0,7,2,1,1,1,237.699271,60.926294,0
43,106,3857261,2022-11-29,Wales - England,Group Stage,29377,Brennan Johnson,907,Wales,768,England,1,17,Right Wing,0,49.005483,99.056317,0,3,2,0,6,1,0,0,0,0,2,0,7,0,0,2,0,33.93389,38.948969,0.02192258
43,106,3857261,2022-11-29,Wales - England,Group Stage,82257,Rubin Colwill,907,Wales,768,England,1,9,Right Defensive Midfield,0,13.670717,99.056317,0,4,2,0,2,1,0,0,0,0,0,0,3,0,0,0,0,150.387999,0.3,0.02506666
43,106,3857267,2022-11-29,Ecuador - Senegal,Group Stage,2941,Ismaïla Sarr,787,Senegal,3565,Ecuador,0,21,Left Wing,1,102.953533,102.953533,0,23,15,0,30,3,1,1,0,0,4,3,13,0,1,2,8,397.184985,226.148963,0.84970134
43,106,3857267,2022-11-29,Ecuador - Senegal,Group Stage,3404,Youssouf Sabaly,787,Senegal,3565,Ecuador,0,2,Right Back,1,102.953533,102.953533,0,32,27,0,26,0,0,0,0,0,2,1,8,0,1,0,5,822.943783,200.896747,0
43,106,3857267,2022-11-29,Ecuador - Senegal,Group Stage,3436,Idrissa Gana Gueye,787,Senegal,3565,Ecuador,0,19,Center Attacking Midfield,1,102.953533,102.953533,0,31,22,1,23,1,0,0,0,0,2,1,24,1,2,2,1,621.505094,120.652415,0.21271749
43,106,3857267,2022-11-29,Ecuador - Senegal,Group Stage,5675,Kalidou Koulibaly,787,Senegal,3565,Ecuador,0,3,Right Center Back,1,102.953533,102.953533,0,30,20,0,16,1,1,1,0,0,0,0,8,2,1,0,3,919.296463,151.028676,0.23427999
43,106,3857267,2022-11-29,Ecuador - Senegal,Group Stage,7379,Edouard Mendy,787,Senegal,3565,Ecuador,0,1,Goalkeeper,1,102.953533,102.953533,0,27,16,1,10,0,0,0,0,0,0,0,0,0,0,0,0,1220.07754,51.817848,0
43,106,3857267,2022-11-29,Ecuador - Senegal,Group Stage,8553,Abdou Diallo,787,Senegal,3565,Ecuador,0,5,Left Center Back,1,102.953533,102.953533,0,28,20,0,12,1,0,0,0,0,0,0,4,0,0,0,0,915.084419,48.045849,0.03541154
43,106,3857267,2022-11-29,Ecuador - Senegal,Group Stage,20611,Boulaye Dia,787,Senegal,3565,Ecuador,0,23,Center Forward,1,100.73225,102.953533,0,11,5,0,14,2,0,0,0,0,3,2,9,0,0,2,0,171.773389,106.687938,0.21294739
43,106,3857267,2022-11-29,Ecuador - Senegal,Group Stage,21026,Pape Gueye,787,Senegal,3565,Ecuador,0,11,Left Defensive Midfield,1,102.953533,102.953533,0,27,20,0,23,2,1,0,0,0,1,0,13,4,0,0,2,512.788806,101.469338,0.05771194
43,106,3857267,2022-11-29,Ecuador - Senegal,Group Stage,31751,Pathé Ismaël Ciss,787,Senegal,3565,Ecuador,0,9,Right Defensive Midfield,1,79.8736,102.953533,0,25,22,1,18,1,0,0,0,0,2,1,16,1,1,2,0,509.119593,104.324706,0.03057826
43,106,3857267,2022-11-29,Ecuador - Senegal,Group Stage,32915,Ismail Jakobs,787,Senegal,3565,Ecuador,0,6,Left Back,1,102.953533,102.953533,0,44,21,0,18,0,0,0,0,0,0,0,8,2,1,0,2,1211.001258,110.577144,0
43,106,3857267,2022-11-29,Ecuador - Senegal,Group Stage,80484,Iliman Ndiaye,787,Senegal,3565,Ecuador,0,17,Right Wing,1,80.068683,102.953533,0,16,11,0,23,2,0,0,0,0,6,5,15,0,0,0,0,255.445158,123.884958,0.07411676
43,106,3857267,2022-11-29,Ecuador - Senegal,Group Stage,4506,Nampalys Mendy,787,Senegal,3565,Ecuador,0,9,Right Defensive Midfield,0,23.079933,102.953533,0,12,11,0,7,0,0,0,0,0,0,0,5,0,0,1,0,286.690642,39.121924,0
43,106,3857267,2022-11-29,Ecuador - Senegal,Group Stage,15970,Pape Abou Cissé,787,Senegal,3565,Ecuador,0,3,Right Center Back,0,2.221283,102.953533,0,0,0,0,0,0,0,0,0,0,0,0,0,0,0,0,0,0,0,0
43,106,3857267,2022-11-29,Ecuador - Senegal,Group Stage,88123,Cheikh Ahmadou Bamba Mbacke Dieng,787,Senegal,3565,Ecuador,0,23,Center Forward,0,22.88485,102.953533,0,5,3,0,5,0,0,0,0,0,0,0,3,1,0,1,1,44.72895,22.547244,0
43,106,3857267,2022-11-29,Ecuador - Senegal,Group Stage,12583,Carlos Armando Gruezo Arboleda,3565,Ecuador,787,Senegal,1,10,Center Defensive Midfield,1,51.008117,102.953533,0,14,13,0,12,0,0,0,0,0,0,0,8,2,0,0,0,329.957995,66.745613,0
43,106,3857267,2022-11-29,Ecuador - Senegal,Group Stage,24085,Pervis Josué Estupiñán Tenorio,3565,Ecuador,787,Senegal,1,6,Left Back,1,102.953533,102.953533,0,53,42,1,38,0,0,0,0,0,2,2,14,1,1,2,0,1170.659053,221.869652,0
43,106,3857267,2022-11-29,Ecuador - Senegal,Group Stage,28559,Enner Remberto Valencia Lastra,3565,Ecuador,787,Senegal,1,21,Left Wing,1,102.953533,102.953533,0,10,8,0,18,2,0,0,0,0,0,0,9,0,0,1,1,131.429652,96.525742,0.04965118
43,106,3857267,2022-11-29,Ecuador - Senegal,Group Stage,30111,Felix Eduardo Torres Caicedo,3565,Ecuador,787,Senegal,1,3,Right Center Back,1,102.953533,102.953533,0,72,56,0,44,1,0,0,0,0,0,0,6,0,1,1,0,1998.262989,253.399396,0.15397952
43,106,3857267,2022-11-29,Ecuador - Senegal,Group Stage,31152,Gonzalo Jordy Plata Jiménez,3565,Ecuador,787,Senegal,1,17,Right Wing,1,102.953533,102.953533,0,36,24,2,22,1,1,0,0,0,2,1,15,1,1,3,2,843.994512,168.012913,0.05898849
43,106,3857267,2022-11-29,Ecuador - Senegal,Group Stage,34396,Michael Steveen Estrada Martínez,3565,Ecuador,787,Senegal,1,23,Center Forward,1,69.28685,102.953533,0,7,3,0,10,1,0,0,0,0,0,0,6,0,0,3,1,109.428694,44.151204,0.04253334
43,106,3857267,2022-11-29,Ecuador - Senegal,Group Stage,37522,Hernán Ismael Galíndez,3565,Ecuador,787,Senegal,1,1,Goalkeeper,1,102.953533,102.953533,0,38,22,0,16,0,0,0,0,0,0,0,0,0,0,0,0,1837.731433,100.556683,0
43,106,3857267,2022-11-29,Ecuador - Senegal,Group Stage,37726,Moisés Isaac Caicedo Corozo,3565,Ecuador,787,Senegal,1,15,Left Center Midfield,1,102.953533,102.953533,0,50,41,0,35,1,1,1,0,0,0,0,11,3,1,0,2,852.216422,128.179999,0.5894187
43,106,3857267,2022-11-29,Ecuador - Senegal,Group Stage,37737,Angelo Smit Preciado Quiñónez,3565,Ecuador,787,Senegal,1,2,Right Back,1,90.779567,102.953533,0,39,29,0,25,0,0,0,0,0,0,0,13,4,1,6,1,729.063929,91.310681,0
43,106,3857267,2022-11-29,Ecuador - Senegal,Group Stage,37945,Alan Steven Franco Palma,3565,Ecuador,787,Senegal,1,13,Right Center Midfield,1,51.008117,102.953533,0,5,4,0,3,0,0,0,0,0,0,0,10,1,0,0,0,51.241823,10.229338,0
43,106,3857267,2022-11-29,Ecuador - Senegal,Group Stage,38004,Piero Martín Hincapié Reyna,3565,Ecuador,787,Senegal,1,5,Left Center Back,1,102.953533,102.953533,0,83,74,0,67,0,0,0,0,0,0,0,8,3,2,2,0,2158.523943,364.695358,0
43,106,3857267,2022-11-29,Ecuador - Senegal,Group Stage,36148,José Adoni Cifuentes Charcopa,3565,Ecuador,787,Senegal,1,9,Right Defensive Midfield,0,51.945417,102.953533,0,34,27,0,25,1,1,0,0,0,1,0,6,1,0,1,1,679.591543,105.571516,0.02527139
43,106,3857267,2022-11-29,Ecuador - Senegal,Group Stage,40211,Jeremy Leonel Sarmiento Morante,3565,Ecuador,787,Senegal,1,16,Left Midfield,0,51.945417,102.953533,0,16,12,1,13,1,1,0,0,0,2,2,5,1,1,2,0,305.401603,132.490403,0.02928531
43,106,3857267,2022-11-29,Ecuador - Senegal,Group Stage,51969,Jackson Gabriel Porozo Vernaza,3565,Ecuador,787,Senegal,1,2,Right Back,0,12.173967,102.953533,0,5,4,0,1,1,0,0,0,0,0,0,0,0,1,1,0,92.617056,0.360555,0.05253486
43,106,3857267,2022-11-29,Ecuador - Senegal,Group Stage,91090,Djorkaeff Neicer Reasco González,3565,Ecuador,787,Senegal,1,22,Right Center Forward,0,33.666683,102.953533,0,3,3,0,4,0,0,0,0,0,0,0,2,0,0,1,0,57.779449,23.020881,0
43,106,3857278,2022-11-29,Iran - United States,Group Stage,5220,Morteza Pouraliganji,797,Iran,1839,United States,1,5,Left Center Back,1,106.970067,106.970067,0,72,60,0,50,1,0,0,0,0,0,0,8,1,1,1,0,1851.304691,292.372796,0.21722858
43,106,3857278,2022-11-29,Iran - United States,Group Stage,5224,Sardar Azmoun,797,Iran,1839,United States,1,23,Center Forward,1,52.078367,106.970067,0,13,6,0,7,0,0,0,0,0,0,0,3,0,0,2,0,167.417913,30.908078,0
43,106,3857278,2022-11-29,Iran - United States,Group Stage,5226,Mehdi Taremi,797,Iran,1839,United States,1,19,Center Attacking Midfield,1,106.970067,106.970067,0,35,27,0,30,1,1,0,0,0,2,1,18,2,0,3,0,630.249865,322.699712,0.30539662
43,106,3857278,2022-11-29,Iran - United States,Group Stage,5227,Alireza Safar Beiranvand,797,Iran,1839,United States,1,1,Goalkeeper,1,106.970067,106.970067,0,28,21,0,10,0,0,0,0,0,0,0,0,0,0,0,0,1194.570645,42.979988,0
43,106,3857278,2022-11-29,Iran - United States,Group Stage,5228,Seyed Majid Hosseini,797,Iran,1839,United States,1,3,Right Center Back,1,106.970067,106.970067,0,57,51,0,38,0,0,0,0,0,0,0,14,2,3,2,0,1559.690063,218.832588,0
43,106,3857278,2022-11-29,Iran - United States,Group Stage,5230,Ehsan Hajsafi,797,Iran,1839,United States,1,16,Left Midfield,1,78.130617,106.970067,0,37,27,0,24,0,0,0,0,0,0,0,13,2,1,1,1,738.765898,134.281766,0
43,106,3857278,2022-11-29,Iran - United States,Group Stage,5235,Ramin Rezaeian,797,Iran,1839,United States,1,2,Right Back,1,106.970067,106.970067,0,58,39,0,37,0,0,0,0,0,2,2,14,3,1,4,2,1484.628803,244.984775,0
43,106,3857278,2022-11-29,Iran - United States,Group Stage,5720,Milad Mohammadi,797,Iran,1839,United States,1,6,Left Back,1,47.0203,106.970067,0,15,13,0,10,0,0,0,0,0,1,1,18,3,0,0,0,256.063647,102.922512,0
43,106,3857278,2022-11-29,Iran - United States,Group Stage,5722,Saeid Ezatolahi Afagh,797,Iran,1839,United States,1,11,Left Defensive Midfield,1,106.970067,106.970067,0,57,44,0,38,1,0,0,0,0,0,0,12,1,1,1,3,1496.893856,193.450695,0.00683018
43,106,3857278,2022-11-29,Iran - United States,Group Stage,23874,Ali Gholizadeh,797,Iran,1839,United States,1,12,Right Midfield,1,84.021667,106.970067,0,24,16,1,24,0,0,0,0,0,3,3,16,2,3,1,0,539.197745,133.074034,0
43,106,3857278,2022-11-29,Iran - United States,Group Stage,124167,Ahmad Nourollahi,797,Iran,1839,United States,1,9,Right Defensive Midfield,1,77.686633,106.970067,0,17,14,0,14,0,0,0,0,0,2,1,9,0,0,0,1,281.703959,144.073346,0
43,106,3857278,2022-11-29,Iran - United States,Group Stage,5231,Karim Ansarifard,797,Iran,1839,United States,1,22,Right Center Forward,0,22.9484,106.970067,0,2,2,0,2,0,0,0,0,0,0,0,2,0,0,0,0,11.677076,8.024734,0
43,106,3857278,2022-11-29,Iran - United States,Group Stage,5240,Saman Ghoddos,797,Iran,1839,United States,1,21,Left Wing,0,54.8917,106.970067,0,21,15,0,15,1,0,0,0,0,0,0,9,1,0,2,0,425.555555,74.91717,0.39133456
43,106,3857278,2022-11-29,Iran - United States,Group Stage,124161,Mehdi Torabi,797,Iran,1839,United States,1,13,Right Center Midfield,0,29.283433,106.970067,0,17,16,0,13,0,0,0,0,0,0,0,3,0,0,0,0,284.555367,141.846,0
43,106,3857278,2022-11-29,Iran - United States,Group Stage,125818,Ali Karimi,797,Iran,1839,United States,1,15,Left Center Midfield,0,59.949767,106.970067,0,33,30,0,22,0,0,0,0,0,0,0,11,1,1,3,0,597.000587,92.423807,0
43,106,3857278,2022-11-29,Iran - United States,Group Stage,326758,Abolfazl Jalali,797,Iran,1839,United States,1,6,Left Back,0,28.83945,106.970067,0,29,21,0,25,0,0,0,0,0,2,1,0,0,0,1,4,613.890564,212.106306,0
43,106,3857278,2022-11-29,Iran - United States,Group Stage,3377,Timothy Weah,1839,United States,797,Iran,0,17,Right Wing,1,88.216267,106.970067,0,32,27,0,29,2,1,0,0,0,1,1,4,0,0,1,1,333.976689,180.212754,0.16742896
43,106,3857278,2022-11-29,Iran - United States,Group Stage,4614,Antonee Robinson,1839,United States,797,Iran,0,6,Left Back,1,106.970067,106.970067,0,58,36,0,40,0,0,0,0,0,4,2,13,0,2,1,0,1324.7817,250.944985,0
43,106,3857278,2022-11-29,Iran - United States,Group Stage,8246,Christian Pulisic,1839,United States,797,Iran,0,21,Left Wing,1,52.078367,106.970067,0,16,12,0,18,2,2,1,0,0,2,1,8,0,0,0,1,344.175655,186.825607,0.61075921
43,106,3857278,2022-11-29,Iran - United States,Group Stage,8526,Weston McKennie,1839,United States,797,Iran,0,15,Left Center Midfield,1,71.884133,106.970067,0,38,31,0,30,0,0,0,0,0,1,0,12,0,0,2,1,900,301.421739,0
43,106,3857278,2022-11-29,Iran - United States,Group Stage,12352,Matthew Charles Turner,1839,United States,797,Iran,0,1,Goalkeeper,1,106.970067,106.970067,0,33,29,1,14,0,0,0,0,0,0,0,0,0,0,0,1,1200.209596,79.039637,0
43,106,3857278,2022-11-29,Iran - United States,Group Stage,12751,Tyler Adams,1839,United States,797,Iran,0,10,Center Defensive Midfield,1,106.970067,106.970067,0,69,63,0,51,0,0,0,0,0,1,1,18,3,0,2,3,1484.452371,305.484088,0
43,106,3857278,2022-11-29,Iran - United States,Group Stage,15971,Cameron Carter-Vickers,1839,United States,797,Iran,0,3,Right Center Back,1,106.970067,106.970067,0,55,50,0,41,0,0,0,0,0,1,1,7,0,0,0,1,1264.088779,293.980287,0
43,106,3857278,2022-11-29,Iran - United States,Group Stage,18242,Tim Ream,1839,United States,797,Iran,0,5,Left Center Back,1,106.970067,106.970067,0,58,54,0,49,0,0,0,0,0,0,0,2,0,3,0,0,1433.415787,575.253292,0
43,106,3857278,2022-11-29,Iran - United States,Group Stage,21881,Sergino Dest,1839,United States,797,Iran,0,2,Right Back,1,88.242183,106.970067,0,55,43,0,50,2,0,0,0,1,3,2,7,1,1,0,3,912.343923,357.357802,0.09882218
43,106,3857278,2022-11-29,Iran - United States,Group Stage,22168,Joshua Sargent,1839,United States,797,Iran,0,23,Center Forward,1,84.003383,106.970067,0,21,19,0,26,3,1,0,0,0,1,1,9,0,1,2,2,288.727703,169.008126,0.10870075
43,106,3857278,2022-11-29,Iran - United States,Group Stage,38792,Yunus Dimoara Musah,1839,United States,797,Iran,0,13,Right Center Midfield,1,106.970067,106.970067,0,52,47,0,49,2,0,0,0,0,5,2,24,3,0,4,2,891.291132,398.914655,0.12619655
43,106,3857278,2022-11-29,Iran - United States,Group Stage,6806,Shaquell Moore,1839,United States,797,Iran,0,2,Right Back,0,18.727883,106.970067,0,7,2,0,2,0,0,0,0,0,0,0,6,2,0,0,0,233.470561,12.441619,0
43,106,3857278,2022-11-29,Iran - United States,Group Stage,12524,Walker Zimmerman,1839,United States,797,Iran,0,4,Center Back,0,18.7538,106.970067,0,3,2,0,0,0,0,0,0,0,0,0,2,0,0,0,0,65.405978,0,0
43,106,3857278,2022-11-29,Iran - United States,Group Stage,13035,Kellyn Kai Perry-Acosta,1839,United States,797,Iran,0,11,Left Defensive Midfield,0,35.085933,106.970067,0,4,3,0,2,0,0,0,0,0,0,0,6,1,0,0,0,42.791477,1.942655,0
43,106,3857278,2022-11-29,Iran - United States,Group Stage,22008,Haji Wright,1839,United States,797,Iran,0,24,Left Center Forward,0,22.966683,106.970067,0,4,1,0,5,1,1,0,0,0,0,0,7,0,0,1,1,64.363243,43.880046,0.05774695
43,106,3857278,2022-11-29,Iran - United States,Group Stage,24243,Brenden Aaronson,1839,United States,797,Iran,0,21,Left Wing,0,54.8917,106.970067,0,12,7,0,16,0,0,0,0,0,4,2,15,0,1,0,1,285.667363,72.260654,0
43,106,3857294,2022-11-29,Netherlands - Qatar,Group Stage,2988,Memphis Depay,941,Netherlands,3566,Qatar,1,24,Left Center Forward,1,68.809183,99.1112,0,33,27,2,32,5,1,0,0,0,1,0,10,0,0,2,1,415.199961,98.134256,0.58523648
43,106,3857294,2022-11-29,Netherlands - Qatar,Group Stage,3306,Nathan Aké,941,Netherlands,3566,Qatar,1,5,Left Center Back,1,99.1112,99.1112,0,99,97,0,88,0,0,0,0,0,0,0,8,1,0,1,0,1740.290574,496.30245,0
43,106,3857294,2022-11-29,Netherlands - Qatar,Group Stage,3311,Daley Blind,941,Netherlands,3566,Qatar,1,8,Left Wing Back,1,99.1112,99.1112,0,110,102,0,82,2,1,0,0,0,0,0,12,0,0,2,1,1862.300478,263.13245,0.14941071
43,106,3857294,2022-11-29,Netherlands - Qatar,Group Stage,3669,Virgil van Dijk,941,Netherlands,3566,Qatar,1,4,Center Back,1,99.1112,99.1112,0,86,80,0,67,0,0,0,0,0,0,0,4,0,0,0,0,2011.499868,314.924422,0
43,106,3857294,2022-11-29,Netherlands - Qatar,Group Stage,4318,Davy Klaassen,941,Netherlands,3566,Qatar,1,19,Center Attacking Midfield,1,68.4654,99.1112,0,35,27,0,26,1,0,0,0,1,0,0,4,1,1,1,1,493.840942,67.44787,0.08364612
43,106,3857294,2022-11-29,Netherlands - Qatar,Group Stage,6994,Marten de Roon,941,Netherlands,3566,Qatar,1,9,Right Defensive Midfield,1,85.237967,99.1112,0,69,56,0,47,0,0,0,0,0,0,0,23,5,1,1,0,1314.819342,133.429924,0
43,106,3857294,2022-11-29,Netherlands - Qatar,Group Stage,8118,Frenkie de Jong,941,Netherlands,3566,Qatar,1,11,Left Defensive Midfield,1,89.051483,99.1112,0,94,87,0,77,2,1,1,0,0,2,1,8,2,1,0,0,1580.72978,338.402329,0.72099345
43,106,3857294,2022-11-29,Netherlands - Qatar,Group Stage,8125,Denzel Dumfries,941,Netherlands,3566,Qatar,1,7,Right Wing Back,1,99.1112,99.1112,0,56,48,0,48,0,0,0,0,0,0,0,12,1,0,4,1,841.700475,130.53031,0
43,106,3857294,2022-11-29,Netherlands - Qatar,Group Stage,8326,Andries Noppert,941,Netherlands,3566,Qatar,1,1,Goalkeeper,1,99.1112,99.1112,0,28,27,0,13,0,0,0,0,0,0,0,0,0,0,0,0,733.287515,53.662853,0
43,106,3857294,2022-11-29,Netherlands - Qatar,Group Stage,20750,Cody Mathès Gakpo,941,Netherlands,3566,Qatar,1,22,Right Center Forward,1,85.163583,99.1112,0,40,29,0,33,2,1,1,0,0,0,0,6,3,1,1,0,520.659538,169.202669,0.16396834
43,106,3857294,2022-11-29,Netherlands - Qatar,Group Stage,21809,Jurriën David Norman Timber,941,Netherlands,3566,Qatar,1,3,Right Center Back,1,99.1112,99.1112,0,115,107,0,98,0,0,0,0,0,1,1,22,2,0,2,3,1861.406353,399.519501,0
43,106,3857294,2022-11-29,Netherlands - Qatar,Group Stage,3264,Vincent Janssen,941,Netherlands,3566,Qatar,1,24,Left Center Forward,0,30.302017,99.1112,0,8,7,0,8,0,0,0,0,0,0,0,7,0,0,1,0,95.394267,23.503016,0
43,106,3857294,2022-11-29,Netherlands - Qatar,Group Stage,7745,Steven Berghuis,941,Netherlands,3566,Qatar,1,19,Center Attacking Midfield,0,30.6458,99.1112,0,33,28,0,29,1,0,0,0,0,1,1,7,1,0,0,0,573.856028,145.916217,0.01069818
43,106,3857294,2022-11-29,Netherlands - Qatar,Group Stage,7829,Wout Weghorst,941,Netherlands,3566,Qatar,1,22,Right Center Forward,0,13.947617,99.1112,0,2,2,0,2,0,0,0,0,0,0,0,6,0,0,2,0,10.42223,7.204253,0
43,106,3857294,2022-11-29,Netherlands - Qatar,Group Stage,7891,Teun Koopmeiners,941,Netherlands,3566,Qatar,1,9,Right Defensive Midfield,0,13.873233,99.1112,0,15,14,0,14,0,0,0,0,0,0,0,7,0,0,2,0,302.556285,43.279898,0
43,106,3857294,2022-11-29,Netherlands - Qatar,Group Stage,21879,Kenneth Taylor,941,Netherlands,3566,Qatar,1,11,Left Defensive Midfield,0,10.059717,99.1112,0,9,9,0,7,0,0,0,0,0,0,0,1,0,0,0,0,148.694676,25.649582,0
43,106,3857294,2022-11-29,Netherlands - Qatar,Group Stage,40784,Akram Hassan Afif,3566,Qatar,941,Netherlands,0,24,Left Center Forward,1,99.1112,99.1112,0,81,68,0,62,0,0,0,0,0,0,0,8,0,0,0,4,1670.86019,317.101891,0
43,106,3857294,2022-11-29,Netherlands - Qatar,Group Stage,124488,Hassan Khalid Al Heidos,3566,Qatar,941,Netherlands,0,13,Right Center Midfield,1,66.84975,99.1112,0,24,20,0,32,1,1,0,0,0,5,2,20,1,1,2,0,482.318881,237.25569,0.01571284
43,106,3857294,2022-11-29,Netherlands - Qatar,Group Stage,124493,Boualem Khoukhi,3566,Qatar,941,Netherlands,0,4,Center Back,1,99.1112,99.1112,0,54,44,1,41,0,0,0,0,0,0,0,5,0,2,0,3,1254.321741,210.689334,0
43,106,3857294,2022-11-29,Netherlands - Qatar,Group Stage,124494,Abdelkarim Hassan Al Haj Fadlalla,3566,Qatar,941,Netherlands,0,5,Left Center Back,1,99.1112,99.1112,0,45,34,0,33,1,0,0,0,0,2,1,11,2,2,1,1,1096.451079,358.245092,0.06713247
43,106,3857294,2022-11-29,Netherlands - Qatar,Group Stage,124495,Almoez Ali Zainalabiddin Abdulla,3566,Qatar,941,Netherlands,0,22,Right Center Forward,1,67.264183,99.1112,0,14,13,0,9,0,0,0,0,0,2,1,8,1,0,0,0,241.342846,32.010249,0
43,106,3857294,2022-11-29,Netherlands - Qatar,Group Stage,124500,Assim Omer Al Haj Madibo,3566,Qatar,941,Netherlands,0,10,Center Defensive Midfield,1,66.876317,99.1112,0,30,24,2,17,0,0,0,0,0,0,0,23,2,2,1,0,666.626873,63.58855,0
43,106,3857294,2022-11-29,Netherlands - Qatar,Group Stage,124506,Pedro Miguel Correia,3566,Qatar,941,Netherlands,0,3,Right Center Back,1,99.1112,99.1112,0,45,34,0,29,1,0,0,0,0,0,0,13,4,2,0,1,1267.583104,225.102845,0.00621196
43,106,3857294,2022-11-29,Netherlands - Qatar,Group Stage,124510,Meshaal Aissa Barsham,3566,Qatar,941,Netherlands,0,1,Goalkeeper,1,99.1112,99.1112,0,31,17,1,12,0,0,0,0,0,0,0,0,0,0,0,0,1035.640384,45.256563,0
43,106,3857294,2022-11-29,Netherlands - Qatar,Group Stage,124514,Abdulaziz Hatem Mohammed Abdullah,3566,Qatar,941,Netherlands,0,15,Left Center Midfield,1,87.53315,99.1112,0,39,35,0,34,1,1,0,0,0,1,1,8,0,1,1,0,667.132276,288.798164,0.0244957
43,106,3857294,2022-11-29,Netherlands - Qatar,Group Stage,124899,Ismaeel Mohammad Mohammad,3566,Qatar,941,Netherlands,0,7,Right Wing Back,1,87.64955,99.1112,0,29,25,0,24,1,1,0,0,0,1,1,4,1,2,0,3,555.012091,234.36854,0.03016361
43,106,3857294,2022-11-29,Netherlands - Qatar,Group Stage,124900,Homam Alamin Ahmed,3566,Qatar,941,Netherlands,0,8,Left Wing Back,1,99.1112,99.1112,0,30,24,1,18,0,0,0,0,0,1,0,10,0,0,2,3,534.496806,131.734334,0
43,106,3857294,2022-11-29,Netherlands - Qatar,Group Stage,124490,Ahmed Alaa Eldin Abdelmotaal,3566,Qatar,941,Netherlands,0,24,Left Center Forward,0,11.57805,99.1112,0,2,0,0,1,0,0,0,0,0,0,0,2,0,0,0,0,41.555098,4.617359,0
43,106,3857294,2022-11-29,Netherlands - Qatar,Group Stage,124492,Karim Boudiaf,3566,Qatar,941,Netherlands,0,10,Center Defensive Midfield,0,32.234883,99.1112,0,23,21,0,19,0,0,0,0,0,2,1,4,0,0,0,0,468.066768,126.739913,0
43,106,3857294,2022-11-29,Netherlands - Qatar,Group Stage,124512,Mosaab Khoder Jibril,3566,Qatar,941,Netherlands,0,7,Right Wing Back,0,11.46165,99.1112,0,3,3,0,2,0,0,0,0,0,0,0,3,1,0,0,1,50.392903,1.140175,0
43,106,3857294,2022-11-29,Netherlands - Qatar,Group Stage,124901,Mohammed Muntari,3566,Qatar,941,Netherlands,0,22,Right Center Forward,0,31.847017,99.1112,0,13,12,0,13,0,0,0,0,0,0,0,4,0,0,1,2,219.353047,53.842129,0
43,106,3857294,2022-11-29,Netherlands - Qatar,Group Stage,149463,Ali Assadalla Thaimn Qambar,3566,Qatar,941,Netherlands,0,15,Left Center Midfield,0,32.26145,99.1112,0,23,22,0,18,0,0,0,0,0,1,1,4,1,0,0,0,347.580767,156.427239,0
43,106,3857257,2022-11-30,Australia - Denmark,Group Stage,3043,Christian Dannemann Eriksen,776,Denmark,792,Australia,0,15,Left Center Midfield,1,98.0678,98.0678,0,80,69,1,61,1,0,0,0,0,1,1,11,0,1,1,1,1882.81082,346.514023,0.03561556
43,106,3857257,2022-11-30,Australia - Denmark,Group Stage,3570,Pierre-Emile Højbjerg,776,Denmark,792,Australia,0,10,Center Defensive Midfield,1,98.0678,98.0678,0,80,71,0,59,0,0,0,0,0,0,0,7,1,1,0,0,1607.692204,278.415362,0
43,106,3857257,2022-11-30,Australia - Denmark,Group Stage,3815,Kasper Schmeichel,776,Denmark,792,Australia,0,1,Goalkeeper,1,98.0678,98.0678,0,41,34,0,30,0,0,0,0,0,0,0,0,0,0,0,0,1327.47886,118.456518,0
43,106,3857257,2022-11-30,Australia - Denmark,Group Stage,3959,Andreas Christensen,776,Denmark,792,Australia,0,5,Left Center Back,1,98.0678,98.0678,0,96,89,0,81,0,0,0,0,0,1,1,2,2,1,1,1,2088.715495,422.89662,0
43,106,3857257,2022-11-30,Australia - Denmark,Group Stage,4447,Martin Braithwaite Christensen,776,Denmark,792,Australia,0,23,Center Forward,1,60.22845,98.0678,0,12,10,0,12,0,0,0,0,0,1,0,10,0,0,0,0,183.737677,43.635757,0
43,106,3857257,2022-11-30,Australia - Denmark,Group Stage,8247,Joachim Andersen,776,Denmark,792,Australia,0,3,Right Center Back,1,98.0678,98.0678,0,121,95,2,94,1,0,0,0,0,0,0,5,0,2,0,2,3495.151816,481.358686,0.02011568
43,106,3857257,2022-11-30,Australia - Denmark,Group Stage,16190,Rasmus Nissen Kristensen,776,Denmark,792,Australia,0,2,Right Back,1,47.007117,98.0678,0,44,39,0,32,0,0,0,0,0,0,0,5,0,2,0,0,878.275851,44.080216,0
43,106,3857257,2022-11-30,Australia - Denmark,Group Stage,16554,Joakim Mæhle,776,Denmark,792,Australia,0,6,Left Back,1,71.362783,98.0678,0,50,40,0,45,0,0,0,0,0,2,0,8,3,2,0,4,973.65796,194.053449,0
43,106,3857257,2022-11-30,Australia - Denmark,Group Stage,17042,Andreas Skov Olsen,776,Denmark,792,Australia,0,17,Right Wing,1,70.94745,98.0678,0,34,25,0,31,4,1,0,0,0,1,1,9,0,1,2,1,568.495815,199.516363,0.31182991
43,106,3857257,2022-11-30,Australia - Denmark,Group Stage,18722,Mathias Jensen,776,Denmark,792,Australia,0,13,Right Center Midfield,1,60.523167,98.0678,0,36,25,0,29,1,1,0,0,0,1,1,7,2,0,0,0,649.369833,118.458323,0.0196056
43,106,3857257,2022-11-30,Australia - Denmark,Group Stage,27569,Jesper Lindstrøm,776,Denmark,792,Australia,0,21,Left Wing,1,98.0678,98.0678,0,26,20,0,37,2,0,0,0,0,7,4,10,2,1,3,1,385.390215,237.514559,0.14488859
43,106,3857257,2022-11-30,Australia - Denmark,Group Stage,5732,Andreas Evald Cornelius,776,Denmark,792,Australia,0,22,Right Center Forward,0,26.705017,98.0678,0,13,8,0,7,1,0,0,0,0,0,0,1,0,0,1,0,188.845321,22.52556,0.01744745
43,106,3857257,2022-11-30,Australia - Denmark,Group Stage,6302,Kasper Dolberg,776,Denmark,792,Australia,0,23,Center Forward,0,37.83935,98.0678,0,4,4,0,7,2,2,0,0,0,1,1,7,1,0,0,0,58.63437,32.284993,0.1314349
43,106,3857257,2022-11-30,Australia - Denmark,Group Stage,16294,Robert Skov,776,Denmark,792,Australia,0,6,Left Back,0,27.12035,98.0678,0,21,16,1,21,0,0,0,0,0,2,1,2,0,1,1,0,372.397009,86.022023,0
43,106,3857257,2022-11-30,Australia - Denmark,Group Stage,24443,Mikkel Damsgaard,776,Denmark,792,Australia,0,13,Right Center Midfield,0,37.544633,98.0678,0,14,12,0,10,0,0,0,0,0,0,0,10,1,0,1,0,261.97154,30.262084,0
43,106,3857257,2022-11-30,Australia - Denmark,Group Stage,24547,Alexander Hartmann Bah,776,Denmark,792,Australia,0,2,Right Back,0,51.060683,98.0678,0,43,33,0,35,2,0,0,0,0,1,1,7,3,0,0,1,921.90232,149.756083,0.05621694
43,106,3857257,2022-11-30,Australia - Denmark,Group Stage,3240,Mathew Ryan,792,Australia,776,Denmark,1,1,Goalkeeper,1,98.0678,98.0678,0,39,24,2,17,0,0,0,0,0,0,0,0,0,0,0,0,2118.630723,106.927662,0
43,106,3857257,2022-11-30,Australia - Denmark,Group Stage,3281,Aaron Mooy,792,Australia,776,Denmark,1,9,Right Defensive Midfield,1,98.0678,98.0678,0,42,23,1,26,0,0,0,0,0,1,0,5,1,0,0,0,859.375469,112.853989,0
43,106,3857257,2022-11-30,Australia - Denmark,Group Stage,5479,Aziz Eraltay Behich,792,Australia,776,Denmark,1,6,Left Back,1,98.0678,98.0678,0,42,29,0,28,1,0,0,0,0,6,4,10,2,2,1,1,882.53072,172.438779,0.04968199
43,106,3857257,2022-11-30,Australia - Denmark,Group Stage,5481,Mathew Leckie,792,Australia,776,Denmark,1,12,Right Midfield,1,90.1437,98.0678,0,30,18,0,31,1,1,1,0,0,7,1,15,1,0,3,1,481.703542,222.950193,0.11353828
43,106,3857257,2022-11-30,Australia - Denmark,Group Stage,5490,Jackson Irvine,792,Australia,776,Denmark,1,11,Left Defensive Midfield,1,98.0678,98.0678,0,25,21,0,17,1,0,0,0,0,0,0,10,1,2,0,1,347.94258,98.005358,0.17342122
43,106,3857257,2022-11-30,Australia - Denmark,Group Stage,8346,Craig Goodwin,792,Australia,776,Denmark,1,16,Left Midfield,1,47.007117,98.0678,0,21,12,0,15,0,0,0,0,0,0,0,1,0,0,0,0,360.518486,51.748882,0
43,106,3857257,2022-11-30,Australia - Denmark,Group Stage,15957,Miloš Degenek,792,Australia,776,Denmark,1,2,Right Back,1,98.0678,98.0678,0,38,22,0,18,0,0,0,0,0,1,0,4,3,0,1,3,1053.443227,62.420266,0
43,106,3857257,2022-11-30,Australia - Denmark,Group Stage,22293,Harry Souttar,792,Australia,776,Denmark,1,3,Right Center Back,1,98.0678,98.0678,0,19,14,1,6,0,0,0,0,0,0,0,9,4,0,0,0,509.35368,15.175757,0
43,106,3857257,2022-11-30,Australia - Denmark,Group Stage,33477,Riley McGree,792,Australia,776,Denmark,1,22,Right Center Forward,1,75.261,98.0678,0,17,11,1,16,2,1,0,0,1,0,0,12,0,5,3,0,268.237937,65.967819,0.04972066
43,106,3857257,2022-11-30,Australia - Denmark,Group Stage,33492,Mitchell Thomas Duke,792,Australia,776,Denmark,1,24,Left Center Forward,1,83.87715,98.0678,0,27,13,0,16,2,2,0,0,0,0,0,12,0,1,3,1,365.043546,101.944092,0.04789313
43,106,3857257,2022-11-30,Australia - Denmark,Group Stage,33495,Kye Rowles,792,Australia,776,Denmark,1,5,Left Center Back,1,98.0678,98.0678,0,30,21,0,16,0,0,0,0,0,0,0,6,1,1,0,1,815.856925,50.569822,0
43,106,3857257,2022-11-30,Australia - Denmark,Group Stage,8859,Ajdin Hrustic,792,Australia,776,Denmark,1,21,Left Wing,0,7.9241,98.0678,0,1,1,0,0,0,0,0,0,0,0,0,0,0,0,0,0,7.17844,0,0
43,106,3857257,2022-11-30,Australia - Denmark,Group Stage,9980,Jamie MacLaren,792,Australia,776,Denmark,1,23,Center Forward,0,14.19065,98.0678,0,3,2,0,1,0,0,0,0,0,0,0,1,0,0,1,0,52.156447,17.705366,0
43,106,3857257,2022-11-30,Australia - Denmark,Group Stage,22371,Bailey Wright,792,Australia,776,Denmark,1,3,Right Center Back,0,22.8068,98.0678,0,4,1,0,2,0,0,0,0,0,0,0,1,0,0,0,0,149.171768,13.351748,0
43,106,3857257,2022-11-30,Australia - Denmark,Group Stage,33488,Keanu Baccus,792,Australia,776,Denmark,1,16,Left Midfield,0,51.060683,98.0678,0,12,7,0,11,1,0,0,0,0,1,0,15,0,0,0,1,188.124256,97.093552,0.0354681
43,106,3857260,2022-11-30,Saudi Arabia - Mexico,Group Stage,5567,Edson Omar Álvarez Velázquez,794,Mexico,799,Saudi Arabia,0,9,Right Defensive Midfield,1,92.049867,103.823017,0,51,41,0,34,1,1,0,0,0,0,0,18,2,1,3,1,1048.728059,300.409548,0.01368758
43,106,3857260,2022-11-30,Saudi Arabia - Mexico,Group Stage,5571,Hirving Rodrigo Lozano Bahena,794,Mexico,799,Saudi Arabia,0,17,Right Wing,1,103.823017,103.823017,0,34,19,0,41,4,2,0,0,0,4,3,6,1,1,1,5,703.538359,443.273364,0.17596274
43,106,3857260,2022-11-30,Saudi Arabia - Mexico,Group Stage,5573,Héctor Alfredo Moreno Herrera,794,Mexico,799,Saudi Arabia,0,5,Left Center Back,1,103.823017,103.823017,0,61,55,0,36,0,0,0,0,0,0,0,9,0,0,1,1,1498.722511,222.387667,0
43,106,3857260,2022-11-30,Saudi Arabia - Mexico,Group Stage,5576,Jesús Daniel Gallardo Vasconcelos,794,Mexico,799,Saudi Arabia,0,6,Left Back,1,103.823017,103.823017,0,57,38,0,29,1,0,0,0,0,2,2,15,3,3,1,1,1124.555262,184.299753,0.06430086
43,106,3857260,2022-11-30,Saudi Arabia - Mexico,Group Stage,5577,Francisco Guillermo Ochoa Magaña,794,Mexico,799,Saudi Arabia,0,1,Goalkeeper,1,103.823017,103.823017,0,44,38,1,23,0,0,0,0,0,0,0,0,0,0,0,0,1458.253314,111.578955,0
43,106,3857260,2022-11-30,Saudi Arabia - Mexico,Group Stage,26280,Orbelín Pineda Alvarado,794,Mexico,799,Saudi Arabia,0,19,Center Attacking Midfield,1,82.58805,103.823017,0,26,20,0,33,4,1,0,0,0,1,1,23,3,1,2,4,463.376583,187.882666,0.50501777
43,106,3857260,2022-11-30,Saudi Arabia - Mexico,Group Stage,26301,Ernesto Alexis Vega Rojas,794,Mexico,799,Saudi Arabia,0,21,Left Wing,1,51.1886,103.823017,0,13,10,1,8,2,1,0,0,0,0,0,9,0,1,0,1,321.381506,48.417224,0.41603199
43,106,3857260,2022-11-30,Saudi Arabia - Mexico,Group Stage,26368,César Jasib Montes Castro,794,Mexico,799,Saudi Arabia,0,3,Right Center Back,1,103.823017,103.823017,0,67,57,1,47,0,0,0,0,1,0,0,10,2,1,2,0,1767.504071,247.740728,0
43,106,3857260,2022-11-30,Saudi Arabia - Mexico,Group Stage,26400,Henry Josué Martín Mex,794,Mexico,799,Saudi Arabia,0,23,Center Forward,1,82.656267,103.823017,0,10,7,0,9,3,1,1,0,0,0,0,18,0,1,2,3,143.950549,51.337577,0.60433031
43,106,3857260,2022-11-30,Saudi Arabia - Mexico,Group Stage,26406,Jorge Eduardo Sánchez Ramos,794,Mexico,799,Saudi Arabia,0,2,Right Back,1,91.917083,103.823017,0,34,29,0,22,0,0,0,0,0,2,1,7,0,3,2,0,645.90132,97.12189,0
43,106,3857260,2022-11-30,Saudi Arabia - Mexico,Group Stage,28825,Luis Gerardo Chávez Magallón,794,Mexico,799,Saudi Arabia,0,11,Left Defensive Midfield,1,103.823017,103.823017,0,58,38,0,37,9,4,1,0,0,1,1,14,2,2,1,2,1583.139143,259.215169,0.20744391
43,106,3857260,2022-11-30,Saudi Arabia - Mexico,Group Stage,5568,Raúl Alonso Jiménez Rodríguez,794,Mexico,799,Saudi Arabia,0,23,Center Forward,0,21.16675,103.823017,0,9,5,0,5,0,0,0,0,0,0,0,0,0,0,1,1,135.135584,27.561172,0
43,106,3857260,2022-11-30,Saudi Arabia - Mexico,Group Stage,15452,Carlos Uriel Antuna Romero,794,Mexico,799,Saudi Arabia,0,17,Right Wing,0,52.634417,103.823017,0,8,4,1,6,1,0,0,0,0,0,0,4,1,0,0,0,136.458815,57.643533,0.26870292
43,106,3857260,2022-11-30,Saudi Arabia - Mexico,Group Stage,26297,Carlos Alberto Rodríguez Gómez,794,Mexico,799,Saudi Arabia,0,19,Center Attacking Midfield,0,21.234967,103.823017,0,9,3,0,9,0,0,0,0,0,2,2,1,0,1,0,1,236.635857,69.131222,0
43,106,3857260,2022-11-30,Saudi Arabia - Mexico,Group Stage,26318,Rogelio Gabriel Funes Mori,794,Mexico,799,Saudi Arabia,0,24,Left Center Forward,0,11.77315,103.823017,0,0,0,0,0,1,0,0,0,0,0,0,3,1,0,2,1,0,0,0.06664524
43,106,3857260,2022-11-30,Saudi Arabia - Mexico,Group Stage,30500,Kevin Nahin Álvarez Campos,794,Mexico,799,Saudi Arabia,0,2,Right Back,0,11.905933,103.823017,0,7,3,0,1,0,0,0,0,0,0,0,2,0,0,0,0,146.509055,41.571384,0
43,106,3857260,2022-11-30,Saudi Arabia - Mexico,Group Stage,5187,Salem Mohammed Al Dawsari,799,Saudi Arabia,794,Mexico,1,16,Left Midfield,1,103.823017,103.823017,0,23,15,0,21,2,1,1,0,0,1,1,15,4,0,2,1,390.413924,138.090684,0.53563406
43,106,3857260,2022-11-30,Saudi Arabia - Mexico,Group Stage,5713,Mohammed Kanoo,799,Saudi Arabia,794,Mexico,1,24,Left Center Forward,1,103.823017,103.823017,0,27,21,0,23,2,0,0,0,0,3,1,15,3,0,2,1,418.135643,112.122751,0.12136625
43,106,3857260,2022-11-30,Saudi Arabia - Mexico,Group Stage,5714,Mohammed Khalil Al Owais,799,Saudi Arabia,794,Mexico,1,1,Goalkeeper,1,103.823017,103.823017,0,44,17,1,8,0,0,0,0,0,0,0,1,0,0,0,3,2586.701821,18.075032,0
43,106,3857260,2022-11-30,Saudi Arabia - Mexico,Group Stage,5715,Ali Albulayhi,799,Saudi Arabia,794,Mexico,1,6,Left Back,1,36.0406,103.823017,0,14,10,0,3,0,0,0,0,0,0,0,4,1,1,0,0,261.177406,17.998994,0
43,106,3857260,2022-11-30,Saudi Arabia - Mexico,Group Stage,51094,Abdulelah Al Amri,799,Saudi Arabia,794,Mexico,1,3,Right Center Back,1,103.823017,103.823017,0,41,24,1,19,1,0,0,0,0,0,0,5,1,3,2,1,1225.138296,176.282167,0.03781993
43,106,3857260,2022-11-30,Saudi Arabia - Mexico,Group Stage,51096,Ali Al Hassan,799,Saudi Arabia,794,Mexico,1,9,Right Defensive Midfield,1,51.1886,103.823017,0,8,4,0,7,1,0,0,0,0,0,0,7,0,1,2,0,87.65012,42.578973,0.10154356
43,106,3857260,2022-11-30,Saudi Arabia - Mexico,Group Stage,51099,Firas Tariq Nasser Al Albirakan,799,Saudi Arabia,794,Mexico,1,12,Right Midfield,1,103.823017,103.823017,0,26,13,0,18,1,0,0,0,0,1,0,9,0,0,0,2,308.179164,150.718757,0.01310548
43,106,3857260,2022-11-30,Saudi Arabia - Mexico,Group Stage,51469,Saleh Khalid Al Shehri,799,Saudi Arabia,794,Mexico,1,22,Right Center Forward,1,67.2503,103.823017,0,16,10,0,17,1,1,0,0,0,1,0,13,0,1,2,2,182.631129,131.345594,0.02182735
43,106,3857260,2022-11-30,Saudi Arabia - Mexico,Group Stage,51546,Hassan Mohammed Al-Tambakti,799,Saudi Arabia,794,Mexico,1,5,Left Center Back,1,103.823017,103.823017,0,20,15,0,10,0,0,0,0,0,0,0,11,3,2,2,3,550.767054,72.283476,0
43,106,3857260,2022-11-30,Saudi Arabia - Mexico,Group Stage,51710,Saud Abdullah Abdul Hamid,799,Saudi Arabia,794,Mexico,1,11,Left Defensive Midfield,1,103.823017,103.823017,0,26,14,0,15,0,0,0,0,0,2,1,11,1,3,0,3,526.248579,120.165034,0
43,106,3857260,2022-11-30,Saudi Arabia - Mexico,Group Stage,57620,Sultan Abdullah Salim Al Ghannam,799,Saudi Arabia,794,Mexico,1,2,Right Back,1,93.58265,103.823017,0,36,22,0,18,2,0,0,0,0,1,0,10,0,1,1,0,756.330911,121.014206,0.24481452
43,106,3857260,2022-11-30,Saudi Arabia - Mexico,Group Stage,5188,Hattan Babhir,799,Saudi Arabia,794,Mexico,1,7,Right Wing Back,0,10.240367,103.823017,0,4,2,0,2,0,0,0,0,1,0,0,3,0,0,2,0,75.071302,5.019023,0
43,106,3857260,2022-11-30,Saudi Arabia - Mexico,Group Stage,51103,Abdullah Mohammed Madu,799,Saudi Arabia,794,Mexico,1,5,Left Center Back,0,52.634417,103.823017,0,11,4,1,6,0,0,0,0,0,0,0,2,1,1,1,0,268.383231,29.539872,0
43,106,3857260,2022-11-30,Saudi Arabia - Mexico,Group Stage,51470,Riyadh Sharahili,799,Saudi Arabia,794,Mexico,1,6,Left Back,0,67.782417,103.823017,0,19,17,0,16,0,0,0,0,0,1,0,12,0,2,5,0,351.638315,79.607787,0
43,106,3857260,2022-11-30,Saudi Arabia - Mexico,Group Stage,51705,Abdulrahman Al-Obood,799,Saudi Arabia,794,Mexico,1,23,Center Forward,0,36.572717,103.823017,0,7,6,0,8,0,0,0,0,0,1,0,11,2,0,0,0,78.924513,27.512831,0
43,106,3857264,2022-11-30,Poland - Argentina,Group Stage,2995,Ángel Fabián Di María Hernández,779,Argentina,789,Poland,0,17,Right Wing,1,61.38645,99.1032,0,51,40,0,58,3,2,0,0,0,10,7,13,1,0,0,1,877.08965,412.835648,0.04447308
43,106,3857264,2022-11-30,Poland - Argentina,Group Stage,3090,Nicolás Hernán Otamendi,779,Argentina,789,Poland,0,5,Left Center Back,1,99.1032,99.1032,0,93,89,0,78,0,0,0,0,0,0,0,7,1,1,2,0,1834.80761,555.338601,0
43,106,3857264,2022-11-30,Poland - Argentina,Group Stage,5503,Lionel Andrés Messi Cuccittini,779,Argentina,789,Poland,0,23,Center Forward,1,99.1032,99.1032,0,70,59,1,76,7,4,0,0,0,5,5,5,1,0,0,4,1430.467296,576.612324,1.16342286
43,106,3857264,2022-11-30,Poland - Argentina,Group Stage,6909,Damián Emiliano Martínez,779,Argentina,789,Poland,0,1,Goalkeeper,1,99.1032,99.1032,0,14,12,0,11,0,0,0,0,0,0,0,0,0,0,0,0,369.534615,47.733412,0
43,106,3857264,2022-11-30,Poland - Argentina,Group Stage,7797,Rodrigo Javier De Paul,779,Argentina,789,Poland,0,13,Right Center Midfield,1,99.1032,99.1032,0,153,142,1,125,1,1,0,0,0,2,0,11,2,3,3,1,2839.85378,573.15919,0.3152717
43,106,3857264,2022-11-30,Poland - Argentina,Group Stage,19597,Marcos Javier Acuña,779,Argentina,789,Poland,0,6,Left Back,1,61.530833,99.1032,0,43,35,0,38,2,0,0,0,0,0,0,6,1,0,2,0,687.039868,146.128675,0.07612207
43,106,3857264,2022-11-30,Poland - Argentina,Group Stage,20572,Cristian Gabriel Romero,779,Argentina,789,Poland,0,3,Right Center Back,1,99.1032,99.1032,0,76,67,2,60,0,0,0,0,0,0,0,9,1,1,3,0,1284.334034,253.352919,0
43,106,3857264,2022-11-30,Poland - Argentina,Group Stage,27886,Alexis Mac Allister,779,Argentina,789,Poland,0,15,Left Center Midfield,1,85.8595,99.1032,0,54,50,0,50,2,2,1,0,0,0,0,7,2,0,0,2,880.979609,254.221214,0.23764554
43,106,3857264,2022-11-30,Poland - Argentina,Group Stage,29201,Nahuel Molina Lucero,779,Argentina,789,Poland,0,2,Right Back,1,99.1032,99.1032,0,78,71,0,59,0,0,0,0,1,0,0,11,3,0,1,0,1149.007534,262.687588,0
43,106,3857264,2022-11-30,Poland - Argentina,Group Stage,29560,Julián Álvarez,779,Argentina,789,Poland,0,21,Left Wing,1,81.170783,99.1032,0,24,20,1,26,6,3,1,0,0,0,0,8,1,0,0,0,351.047517,123.140575,0.81140879
43,106,3857264,2022-11-30,Poland - Argentina,Group Stage,38718,Enzo Fernandez,779,Argentina,789,Poland,0,10,Center Defensive Midfield,1,81.487683,99.1032,0,93,86,0,77,1,0,0,0,1,0,0,4,2,2,0,0,1928.307672,367.397569,0.02454803
43,106,3857264,2022-11-30,Poland - Argentina,Group Stage,5507,Nicolás Alejandro Tagliafico,779,Argentina,789,Poland,0,6,Left Back,0,37.572367,99.1032,0,38,38,0,32,1,1,0,0,0,0,0,2,0,0,0,1,545.246149,146.348447,0.22421487
43,106,3857264,2022-11-30,Poland - Argentina,Group Stage,7161,Germán Alejandro Pezzella,779,Argentina,789,Poland,0,4,Center Back,0,17.615517,99.1032,0,18,18,0,11,0,0,0,0,0,0,0,0,0,0,0,0,308.187821,35.5648,0
43,106,3857264,2022-11-30,Poland - Argentina,Group Stage,11456,Lautaro Javier Martínez,779,Argentina,789,Poland,0,23,Center Forward,0,17.932417,99.1032,0,11,10,0,11,1,0,0,0,0,0,0,1,0,0,0,0,210.466175,52.44239,0.17955275
43,106,3857264,2022-11-30,Poland - Argentina,Group Stage,16308,Leandro Daniel Paredes,779,Argentina,789,Poland,0,10,Center Defensive Midfield,0,37.71675,99.1032,0,80,77,0,64,0,0,0,0,0,0,0,2,0,0,1,0,1576.776643,227.070122,0
43,106,3857264,2022-11-30,Poland - Argentina,Group Stage,28637,Thiago Ezequiel Almada,779,Argentina,789,Poland,0,21,Left Wing,0,13.2437,99.1032,0,13,12,0,11,0,0,0,0,0,0,0,2,0,0,0,0,236.685877,47.139754,0
43,106,3857264,2022-11-30,Poland - Argentina,Group Stage,3034,Kamil Glik,789,Poland,779,Argentina,1,3,Right Center Back,1,99.1032,99.1032,0,34,32,0,25,2,0,0,0,0,0,0,2,3,2,0,0,664.17651,78.815484,0.10939278
43,106,3857264,2022-11-30,Poland - Argentina,Group Stage,3637,Grzegorz Krychowiak,789,Poland,779,Argentina,1,11,Left Defensive Midfield,1,86.037833,99.1032,0,25,20,0,16,0,0,0,0,0,0,0,21,3,2,2,1,515.289524,77.563211,0
43,106,3857264,2022-11-30,Poland - Argentina,Group Stage,4734,Matty Cash,789,Poland,779,Argentina,1,2,Right Back,1,99.1032,99.1032,0,35,27,1,23,0,0,0,0,0,0,0,8,2,0,0,0,645.170069,124.345343,0
43,106,3857264,2022-11-30,Poland - Argentina,Group Stage,5660,Piotr Zieliński,789,Poland,779,Argentina,1,12,Right Midfield,1,99.1032,99.1032,0,35,27,0,18,0,0,0,0,0,1,1,7,1,1,0,1,685.083499,120.622888,0
43,106,3857264,2022-11-30,Poland - Argentina,Group Stage,5668,Robert Lewandowski,789,Poland,779,Argentina,1,22,Right Center Forward,1,99.1032,99.1032,0,19,12,0,20,0,0,0,0,0,2,0,10,0,2,1,3,265.708902,134.644176,0
43,106,3857264,2022-11-30,Poland - Argentina,Group Stage,5669,Wojciech Szczęsny,789,Poland,779,Argentina,1,1,Goalkeeper,1,99.1032,99.1032,0,35,20,1,12,0,0,0,0,0,1,1,0,0,0,1,0,1720.893956,100.537569,0
43,106,3857264,2022-11-30,Poland - Argentina,Group Stage,5673,Bartosz Bereszyński,789,Poland,779,Argentina,1,6,Left Back,1,75.092333,99.1032,0,29,26,0,17,0,0,0,0,0,1,0,8,5,0,1,2,546.283233,104.770449,0
43,106,3857264,2022-11-30,Poland - Argentina,Group Stage,7979,Przemysław Frankowski,789,Poland,779,Argentina,1,16,Left Midfield,1,48.075983,99.1032,0,12,8,0,10,0,0,0,0,0,0,0,6,1,0,0,2,155.474472,26.031413,0
43,106,3857264,2022-11-30,Poland - Argentina,Group Stage,8836,Karol Świderski,789,Poland,779,Argentina,1,24,Left Center Forward,1,48.075983,99.1032,0,8,7,1,5,0,0,0,0,0,0,0,11,2,1,0,1,144.034067,18.995075,0
43,106,3857264,2022-11-30,Poland - Argentina,Group Stage,11737,Krystian Bielik,789,Poland,779,Argentina,1,9,Right Defensive Midfield,1,64.826567,99.1032,0,27,24,0,25,1,0,0,0,0,1,0,10,1,1,2,0,703.727037,148.832337,0.06149543
43,106,3857264,2022-11-30,Poland - Argentina,Group Stage,44166,Jakub Piotr Kiwior,789,Poland,779,Argentina,1,5,Left Center Back,1,99.1032,99.1032,0,43,38,0,30,0,0,0,0,0,0,0,4,2,0,0,0,1093.703601,162.533735,0
43,106,3857264,2022-11-30,Poland - Argentina,Group Stage,4685,Artur Jędrzejczyk,789,Poland,779,Argentina,1,6,Left Back,0,24.010867,99.1032,0,5,4,0,3,0,0,0,0,0,0,0,1,0,0,0,0,152.795098,16.150502,0
43,106,3857264,2022-11-30,Poland - Argentina,Group Stage,8714,Damian Szymański,789,Poland,779,Argentina,1,9,Right Defensive Midfield,0,34.276633,99.1032,0,9,9,0,6,0,0,0,0,0,0,0,2,0,0,1,0,209.987276,26.34272,0
43,106,3857264,2022-11-30,Poland - Argentina,Group Stage,12493,Krzysztof Piątek,789,Poland,779,Argentina,1,22,Right Center Forward,0,13.065367,99.1032,0,2,1,0,0,0,0,0,0,0,0,0,2,0,0,0,0,37.200301,0,0
43,106,3857264,2022-11-30,Poland - Argentina,Group Stage,28453,Michał Skóraś,789,Poland,779,Argentina,1,12,Right Midfield,0,51.027217,99.1032,0,9,8,0,8,1,0,0,0,0,0,0,5,0,1,1,2,159.140246,41.190142,0.02670704
43,106,3857264,2022-11-30,Poland - Argentina,Group Stage,31955,Jakub Kamiński,789,Poland,779,Argentina,1,16,Left Midfield,0,51.027217,99.1032,0,10,4,0,10,0,0,0,0,0,1,0,8,0,0,0,0,141.38672,88.091665,0
43,106,3857275,2022-11-30,Tunisia - France,Group Stage,3543,Steve Mandanda,771,France,777,Tunisia,0,1,Goalkeeper,1,104.965133,104.965133,0,31,18,2,14,0,0,0,0,0,0,0,0,0,0,0,0,1099.626394,34.17245,0
43,106,3857275,2022-11-30,Tunisia - France,Group Stage,5485,Raphaël Varane,771,France,777,Tunisia,0,3,Right Center Back,1,64.844667,104.965133,0,46,41,0,35,0,0,0,0,0,0,0,1,0,0,0,0,960.061672,226.145561,0
43,106,3857275,2022-11-30,Tunisia - France,Group Stage,7153,Jordan Veretout,771,France,777,Tunisia,0,15,Left Center Midfield,1,64.994417,104.965133,0,35,32,0,30,0,0,0,0,0,0,0,9,2,0,2,0,602.860533,75.526899,0
43,106,3857275,2022-11-30,Tunisia - France,Group Stage,7345,Mattéo Guendouzi Olié,771,France,777,Tunisia,0,21,Left Wing,1,80.38065,104.965133,0,32,28,0,27,0,0,0,0,0,1,0,2,0,0,0,1,551.694547,116.056933,0
43,106,3857275,2022-11-30,Tunisia - France,Group Stage,7439,Axel Disasi,771,France,777,Tunisia,0,2,Right Back,1,104.965133,104.965133,0,72,55,0,44,1,0,0,0,0,1,1,8,3,4,0,2,1237.688751,139.727946,0.06102561
43,106,3857275,2022-11-30,Tunisia - France,Group Stage,8217,Kingsley Coman,771,France,777,Tunisia,0,17,Right Wing,1,64.867833,104.965133,0,18,16,0,25,1,0,0,0,0,1,1,8,0,1,0,2,283.165552,186.535523,0.08786314
43,106,3857275,2022-11-30,Tunisia - France,Group Stage,10481,Aurélien Djani Tchouaméni,771,France,777,Tunisia,0,10,Center Defensive Midfield,1,104.965133,104.965133,0,95,89,0,80,0,0,0,0,0,0,0,5,0,2,2,2,1814.639821,404.226325,0
43,106,3857275,2022-11-30,Tunisia - France,Group Stage,11135,Ibrahima Konaté,771,France,777,Tunisia,0,5,Left Center Back,1,104.965133,104.965133,0,68,66,0,63,0,0,0,0,0,0,0,7,9,0,0,1,1398.870126,333.955757,0
43,106,3857275,2022-11-30,Tunisia - France,Group Stage,11990,Youssouf Fofana,771,France,777,Tunisia,0,13,Right Center Midfield,1,74.547083,104.965133,0,36,27,1,40,1,0,0,0,0,1,0,14,2,1,1,0,589.815585,256.97291,0.04116275
43,106,3857275,2022-11-30,Tunisia - France,Group Stage,22097,Randal Kolo Muani,771,France,777,Tunisia,0,23,Center Forward,1,104.965133,104.965133,0,17,12,0,24,1,0,0,0,0,3,2,15,3,1,2,1,218.314505,142.710333,0.0410422
43,106,3857275,2022-11-30,Tunisia - France,Group Stage,24778,Eduardo Camavinga,771,France,777,Tunisia,0,6,Left Back,1,104.965133,104.965133,0,79,70,0,70,0,0,0,0,0,2,1,18,8,2,1,4,1375.51806,302.902386,0
43,106,3857275,2022-11-30,Tunisia - France,Group Stage,3009,Kylian Mbappé Lottin,771,France,777,Tunisia,0,17,Right Wing,0,40.0973,104.965133,0,25,17,0,34,3,2,0,0,0,2,2,0,0,0,0,2,381.160794,254.810558,0.08112708
43,106,3857275,2022-11-30,Tunisia - France,Group Stage,3026,Adrien Rabiot,771,France,777,Tunisia,0,15,Left Center Midfield,0,39.970717,104.965133,0,17,14,0,20,2,0,0,0,0,1,0,3,1,0,0,1,253.151926,148.671484,0.1444427
43,106,3857275,2022-11-30,Tunisia - France,Group Stage,5477,Ousmane Dembélé,771,France,777,Tunisia,0,17,Right Wing,0,24.584483,104.965133,0,18,13,0,20,1,1,0,0,0,2,0,1,1,1,0,0,391.200013,125.097045,0.02032589
43,106,3857275,2022-11-30,Tunisia - France,Group Stage,5487,Antoine Griezmann,771,France,777,Tunisia,0,13,Right Center Midfield,0,30.41805,104.965133,0,35,29,0,29,0,0,0,0,0,0,0,0,0,0,0,0,778.818393,141.673414,0
43,106,3857275,2022-11-30,Tunisia - France,Group Stage,17592,William Saliba,771,France,777,Tunisia,0,3,Right Center Back,0,40.120467,104.965133,0,37,37,0,28,0,0,0,0,0,1,1,3,0,0,0,0,621.75561,136.888711,0
43,106,3857275,2022-11-30,Tunisia - France,Group Stage,3196,Wahbi Khazri,777,Tunisia,771,France,1,23,Center Forward,1,61.349233,104.965133,0,10,8,0,18,3,2,1,0,0,1,0,6,1,0,1,1,271.108103,128.307607,0.18369887
43,106,3857275,2022-11-30,Tunisia - France,Group Stage,3767,Ellyes Joris Skhiri,777,Tunisia,771,France,1,9,Right Defensive Midfield,1,104.965133,104.965133,0,36,30,0,28,0,0,0,0,0,1,1,18,6,3,3,1,746.070028,189.41509,0
43,106,3857275,2022-11-30,Tunisia - France,Group Stage,5647,Ali Maâloul,777,Tunisia,771,France,1,8,Left Wing Back,1,104.965133,104.965133,0,61,39,0,28,0,0,0,0,0,0,0,8,3,2,0,0,1426.7527,76.790143,0
43,106,3857275,2022-11-30,Tunisia - France,Group Stage,5651,Yassine Meriah,777,Tunisia,771,France,1,3,Right Center Back,1,104.965133,104.965133,0,35,32,0,25,0,0,0,0,0,0,0,11,4,1,1,0,690.869801,96.259845,0
43,106,3857275,2022-11-30,Tunisia - France,Group Stage,25582,Nader Ghandri,777,Tunisia,771,France,1,4,Center Back,1,104.965133,104.965133,0,30,27,0,23,0,0,0,0,0,0,0,2,1,1,0,1,733.962462,134.648377,0
43,106,3857275,2022-11-30,Tunisia - France,Group Stage,32450,Montassar Omar Talbi,777,Tunisia,771,France,1,5,Left Center Back,1,104.965133,104.965133,0,29,25,0,20,0,0,0,0,0,0,0,9,1,1,0,0,545.529234,216.829014,0
43,106,3857275,2022-11-30,Tunisia - France,Group Stage,35592,Anis Ben Slimane,777,Tunisia,771,France,1,18,Right Attacking Midfield,1,85.20585,104.965133,0,25,18,0,22,1,1,0,0,0,0,0,10,3,1,1,0,417.428184,68.409881,0.1007914
43,106,3857275,2022-11-30,Tunisia - France,Group Stage,44955,Aïssa Bilal Laïdouni,777,Tunisia,771,France,1,11,Left Defensive Midfield,1,104.965133,104.965133,0,43,37,0,41,1,0,0,0,1,2,1,14,3,3,3,2,802.09388,306.0972,0.01385671
43,106,3857275,2022-11-30,Tunisia - France,Group Stage,102816,Mohamed Ali Ben Romdhane,777,Tunisia,771,France,1,20,Left Attacking Midfield,1,76.148383,104.965133,0,19,14,0,25,0,0,0,0,0,1,0,10,3,0,1,2,241.800735,223.879836,0
43,106,3857275,2022-11-30,Tunisia - France,Group Stage,105943,Aymen Dahmen,777,Tunisia,771,France,1,1,Goalkeeper,1,104.965133,104.965133,0,16,8,0,5,0,0,0,0,0,0,0,0,0,0,0,0,804.119437,43.539333,0
43,106,3857275,2022-11-30,Tunisia - France,Group Stage,105944,Wajdi Kechrida,777,Tunisia,771,France,1,7,Right Wing Back,1,104.965133,104.965133,0,47,29,1,33,0,0,0,0,0,1,1,6,3,0,2,0,884.416069,287.647097,0
43,106,3857275,2022-11-30,Tunisia - France,Group Stage,6347,Ghilane Chalali,777,Tunisia,771,France,1,20,Left Attacking Midfield,0,28.81675,104.965133,0,5,4,0,4,0,0,0,0,0,0,0,6,0,1,1,0,70.721631,22.986614,0
43,106,3857275,2022-11-30,Tunisia - France,Group Stage,16352,Issam Jebali,777,Tunisia,771,France,1,23,Center Forward,0,43.6159,104.965133,0,4,3,0,7,0,0,0,0,0,0,0,9,0,0,3,1,47.618413,28.218751,0
43,106,3857275,2022-11-30,Tunisia - France,Group Stage,30681,Ali Abdi,777,Tunisia,771,France,1,20,Left Attacking Midfield,0,19.759283,104.965133,0,1,1,0,1,0,0,0,0,0,1,0,1,0,0,0,0,17.341568,8.505292,0
43,106,3857255,2022-12-01,Japan - Spain,Group Stage,3477,Álvaro Borja Morata Martín,772,Spain,778,Japan,0,23,Center Forward,1,57.549633,98.282317,0,15,11,0,8,3,3,1,0,0,0,0,7,1,0,0,1,346.458411,45.913599,0.49576617
43,106,3857255,2022-12-01,Japan - Spain,Group Stage,3957,César Azpilicueta Tanco,772,Spain,778,Japan,0,2,Right Back,1,46.255,98.282317,0,73,70,0,64,0,0,0,0,1,1,1,2,1,0,0,0,1288.305186,264.664746,0
43,106,3857255,2022-12-01,Japan - Spain,Group Stage,5203,Sergio Busquets i Burgos,772,Spain,778,Japan,0,10,Center Defensive Midfield,1,98.282317,98.282317,0,74,69,0,52,1,0,0,0,0,0,0,10,0,1,1,2,1218.428703,194.642063,0.03268242
43,106,3857255,2022-12-01,Japan - Spain,Group Stage,6765,Rodrigo Hernández Cascante,772,Spain,778,Japan,0,3,Right Center Back,1,98.282317,98.282317,0,212,206,0,178,0,0,0,0,0,0,0,2,0,2,2,0,4839.784609,1085.457441,0
43,106,3857255,2022-12-01,Japan - Spain,Group Stage,6892,Pau Francisco Torres,772,Spain,778,Japan,0,5,Left Center Back,1,98.282317,98.282317,0,190,171,0,169,0,0,0,0,0,0,0,2,0,2,1,0,3890.126441,1054.434273,0
43,106,3857255,2022-12-01,Japan - Spain,Group Stage,11748,Unai Simón Mendibil,772,Spain,778,Japan,0,1,Goalkeeper,1,98.282317,98.282317,0,37,37,0,23,0,0,0,0,0,0,0,0,0,0,0,0,814.819772,76.219867,0
43,106,3857255,2022-12-01,Japan - Spain,Group Stage,16532,Daniel Olmo Carvajal,772,Spain,778,Japan,0,21,Left Wing,1,98.282317,98.282317,0,47,36,1,44,4,1,0,0,0,7,3,12,0,0,1,0,700.005832,256.686484,0.25260984
43,106,3857255,2022-12-01,Japan - Spain,Group Stage,30486,Pedro González López,772,Spain,778,Japan,0,15,Left Center Midfield,1,98.282317,98.282317,0,129,116,0,123,0,0,0,0,0,1,0,15,2,1,1,2,2768.180103,443.197711,0
43,106,3857255,2022-12-01,Japan - Spain,Group Stage,39161,Alejandro Balde Martínez,772,Spain,778,Japan,0,6,Left Back,1,70.161217,98.282317,0,63,58,0,54,0,0,0,0,0,0,0,10,5,2,2,0,1243.316894,162.536746,0
43,106,3857255,2022-12-01,Japan - Spain,Group Stage,68574,Nicholas Williams Arthuer,772,Spain,778,Japan,0,17,Right Wing,1,57.3644,98.282317,0,25,22,1,28,0,0,0,0,0,3,1,7,1,0,0,1,366.091451,127.304131,0
43,106,3857255,2022-12-01,Japan - Spain,Group Stage,133353,Pablo Martín Páez Gavira,772,Spain,778,Japan,0,13,Right Center Midfield,1,68.4881,98.282317,0,45,41,0,40,0,0,0,0,0,3,1,11,2,0,0,3,920.007145,212.903718,0
43,106,3857255,2022-12-01,Japan - Spain,Group Stage,5211,Jordi Alba Ramos,772,Spain,778,Japan,0,6,Left Back,0,28.1211,98.282317,0,56,49,0,41,1,0,0,0,0,0,0,1,0,0,0,0,829.310231,82.920549,0.0241939
43,106,3857255,2022-12-01,Japan - Spain,Group Stage,5719,Marco Asensio Willemsen,772,Spain,778,Japan,0,23,Center Forward,0,40.732683,98.282317,0,29,20,0,26,3,1,0,0,0,0,0,1,0,0,0,1,531.367726,170.41182,0.05245988
43,106,3857255,2022-12-01,Japan - Spain,Group Stage,5721,Daniel Carvajal Ramos,772,Spain,778,Japan,0,2,Right Back,0,52.027317,98.282317,0,61,57,0,43,0,0,0,0,0,0,0,5,1,1,0,0,1142.650273,141.932893,0
43,106,3857255,2022-12-01,Japan - Spain,Group Stage,6748,Ferrán Torres García,772,Spain,778,Japan,0,17,Right Wing,0,40.917917,98.282317,0,17,13,0,15,0,0,0,0,0,2,1,3,1,0,0,1,306.386281,107.515465,0
43,106,3857255,2022-12-01,Japan - Spain,Group Stage,30756,Anssumane Fati,772,Spain,778,Japan,0,21,Left Wing,0,29.794217,98.282317,0,20,17,0,16,0,0,0,0,0,1,0,1,0,0,0,0,238.213175,38.935007,0
43,106,3857255,2022-12-01,Japan - Spain,Group Stage,3300,Maya Yoshida,778,Japan,772,Spain,1,4,Center Back,1,98.282317,98.282317,0,22,17,1,11,0,0,0,0,0,0,0,9,2,2,1,1,609.611221,68.933068,0
43,106,3857255,2022-12-01,Japan - Spain,Group Stage,5690,Yuto Nagatomo,778,Japan,772,Spain,1,8,Left Wing Back,1,46.255,98.282317,0,12,7,0,6,0,0,0,0,0,1,1,9,2,0,0,0,259.146722,50.493663,0
43,106,3857255,2022-12-01,Japan - Spain,Group Stage,9411,Daichi Kamada,778,Japan,772,Spain,1,21,Left Wing,1,70.074883,98.282317,0,13,10,0,14,1,0,0,0,0,0,0,22,2,0,1,0,213.894801,88.314822,0.03356069
43,106,3857255,2022-12-01,Japan - Spain,Group Stage,23527,Junya Ito,778,Japan,772,Spain,1,7,Right Wing Back,1,98.282317,98.282317,0,24,20,0,18,1,0,0,0,1,2,0,21,3,0,0,1,341.411973,65.782308,0.04214545
43,106,3857255,2022-12-01,Japan - Spain,Group Stage,25719,Shūichi Gonda,778,Japan,772,Spain,1,1,Goalkeeper,1,98.282317,98.282317,0,23,11,1,8,0,0,0,0,0,0,0,0,0,0,0,0,1236.103446,22.737744,0
43,106,3857255,2022-12-01,Japan - Spain,Group Stage,29595,Ko Itakura,778,Japan,772,Spain,1,3,Right Center Back,1,98.282317,98.282317,0,18,16,0,10,1,1,0,0,0,1,0,13,2,1,1,0,276.248355,22.892171,0.0504811
43,106,3857255,2022-12-01,Japan - Spain,Group Stage,30628,Daizen Maeda,778,Japan,772,Spain,1,23,Center Forward,1,62.2984,98.282317,0,7,3,0,2,0,0,0,0,0,0,0,35,0,2,1,2,96.485357,12.549502,0
43,106,3857255,2022-12-01,Japan - Spain,Group Stage,31090,Takefusa Kubo,778,Japan,772,Spain,1,17,Right Wing,1,46.255,98.282317,0,9,6,0,9,0,0,0,0,0,0,0,27,1,0,0,1,147.511601,82.353598,0
43,106,3857255,2022-12-01,Japan - Spain,Group Stage,37208,Ao Tanaka,778,Japan,772,Spain,1,9,Right Defensive Midfield,1,87.77115,98.282317,0,29,20,0,17,1,1,1,0,0,0,0,17,1,3,0,2,449.480318,69.558779,0.87261814
43,106,3857255,2022-12-01,Japan - Spain,Group Stage,37215,Shogo Taniguchi,778,Japan,772,Spain,1,5,Left Center Back,1,98.282317,98.282317,0,30,26,0,18,0,0,0,0,0,0,0,6,1,0,3,0,595.73251,23.205683,0
43,106,3857255,2022-12-01,Japan - Spain,Group Stage,37221,Hidemasa Morita,778,Japan,772,Spain,1,11,Left Defensive Midfield,1,98.282317,98.282317,0,36,26,0,23,0,0,0,0,0,1,0,23,0,3,1,0,674.245434,132.72626,0
43,106,3857255,2022-12-01,Japan - Spain,Group Stage,8361,Ritsu Doan,778,Japan,772,Spain,1,17,Right Wing,0,52.027317,98.282317,0,7,2,0,6,1,1,1,0,0,1,1,12,0,1,1,0,116.228736,39.865712,0.02777762
43,106,3857255,2022-12-01,Japan - Spain,Group Stage,8949,Takuma Asano,778,Japan,772,Spain,1,23,Center Forward,0,35.983917,98.282317,0,6,4,0,3,1,0,0,0,0,0,0,6,0,0,0,0,60.676515,46.522403,0.13121767
43,106,3857255,2022-12-01,Japan - Spain,Group Stage,23721,Wataru Endo,778,Japan,772,Spain,1,9,Right Defensive Midfield,0,10.511167,98.282317,0,2,0,1,0,0,0,0,0,0,0,0,3,0,0,0,0,55.820733,0,0
43,106,3857255,2022-12-01,Japan - Spain,Group Stage,23730,Takehiro Tomiyasu,778,Japan,772,Spain,1,21,Left Wing,0,28.207433,98.282317,0,4,1,0,1,0,0,0,0,0,0,0,6,0,0,0,0,108.740235,0,0
43,106,3857255,2022-12-01,Japan - Spain,Group Stage,37211,Kaoru Mitoma,778,Japan,772,Spain,1,8,Left Wing Back,0,52.027317,98.282317,0,11,8,0,12,0,0,0,0,1,0,0,20,1,2,2,1,185.584888,123.525436,0
43,106,3857276,2022-12-01,Canada - Morocco,Group Stage,3625,Sofiane Boufal,788,Morocco,1833,Canada,0,21,Left Wing,1,69.2661,99.00705,0,18,15,0,22,1,0,0,0,0,1,0,24,3,1,5,4,364.505952,59.210555,0.06158555
43,106,3857276,2022-12-01,Canada - Morocco,Group Stage,3634,Abdelhamid Sabiri,788,Morocco,1833,Canada,0,15,Left Center Midfield,1,69.580583,99.00705,0,26,21,0,20,2,0,0,0,0,0,0,12,0,2,0,1,413.129063,60.792771,0.11918856
43,106,3857276,2022-12-01,Canada - Morocco,Group Stage,5219,Romain Saïss,788,Morocco,1833,Canada,0,5,Left Center Back,1,99.00705,99.00705,0,39,30,0,30,0,0,0,0,0,0,0,6,2,1,0,0,1157.193261,187.994167,0
43,106,3857276,2022-12-01,Canada - Morocco,Group Stage,5234,Sofyan Amrabat,788,Morocco,1833,Canada,0,10,Center Defensive Midfield,1,99.00705,99.00705,0,47,43,0,39,0,0,0,0,0,0,0,22,3,2,3,1,880.004555,220.965431,0
43,106,3857276,2022-12-01,Canada - Morocco,Group Stage,5237,Hakim Ziyech,788,Morocco,1833,Canada,0,17,Right Wing,1,80.71405,99.00705,0,40,26,0,36,2,1,1,0,0,4,2,18,3,1,1,0,895.449049,246.27783,0.04710141
43,106,3857276,2022-12-01,Canada - Morocco,Group Stage,5245,Achraf Hakimi Mouh,788,Morocco,1833,Canada,0,2,Right Back,1,90.02275,99.00705,0,58,49,0,42,0,0,0,0,1,0,0,7,5,3,0,2,1006.652115,126.041355,0
43,106,3857276,2022-12-01,Canada - Morocco,Group Stage,6301,Youssef En-Nesyri,788,Morocco,1833,Canada,0,23,Center Forward,1,99.00705,99.00705,0,18,12,0,21,2,1,1,0,0,4,2,16,1,0,1,2,406.953202,93.572892,0.19852831
43,106,3857276,2022-12-01,Canada - Morocco,Group Stage,6785,Yassine Bounou,788,Morocco,1833,Canada,0,1,Goalkeeper,1,99.00705,99.00705,0,36,25,1,24,0,0,0,0,0,0,0,0,0,0,0,0,1465.403196,111.993844,0
43,106,3857276,2022-12-01,Canada - Morocco,Group Stage,12149,Nayef Aguerd,788,Morocco,1833,Canada,0,3,Right Center Back,1,99.00705,99.00705,0,41,35,1,36,0,0,0,1,0,0,0,3,2,2,0,0,984.400608,198.13871,0
43,106,3857276,2022-12-01,Canada - Morocco,Group Stage,15890,Noussair Mazraoui,788,Morocco,1833,Canada,0,6,Left Back,1,99.00705,99.00705,0,22,18,0,13,0,0,0,0,0,1,0,10,3,0,0,1,471.760167,81.36752,0
43,106,3857276,2022-12-01,Canada - Morocco,Group Stage,46258,Azzedine Ounahi,788,Morocco,1833,Canada,0,13,Right Center Midfield,1,80.905083,99.00705,0,33,27,0,34,0,0,0,0,0,2,2,17,2,1,1,3,607.44136,323.184334,0
43,106,3857276,2022-12-01,Canada - Morocco,Group Stage,7459,Jawad El Yamiq,788,Morocco,1833,Canada,0,3,Right Center Back,0,18.101967,99.00705,0,1,1,0,1,0,0,0,0,0,0,0,3,2,0,0,1,23.747421,6.407027,0
43,106,3857276,2022-12-01,Canada - Morocco,Group Stage,21736,Zakaria Aboukhlal,788,Morocco,1833,Canada,0,21,Left Wing,0,29.74095,99.00705,0,4,3,0,4,0,0,0,0,0,0,0,6,0,0,1,0,109.604357,45.825462,0
43,106,3857276,2022-12-01,Canada - Morocco,Group Stage,23774,Selim Amallah,788,Morocco,1833,Canada,0,15,Left Center Midfield,0,29.426467,99.00705,0,2,0,0,1,0,0,0,0,0,1,0,4,1,0,0,0,65.51388,3.827532,0
43,106,3857276,2022-12-01,Canada - Morocco,Group Stage,59493,Abderrazak Hamdallah,788,Morocco,1833,Canada,0,23,Center Forward,0,18.293,99.00705,0,5,3,0,3,0,0,0,0,0,0,0,4,0,0,3,1,73.939239,2.021267,0
43,106,3857276,2022-12-01,Canada - Morocco,Group Stage,102668,Yahya Jabrane,788,Morocco,1833,Canada,0,11,Left Defensive Midfield,0,8.9843,99.00705,0,3,2,0,2,0,0,0,0,0,0,0,2,0,0,0,0,48.626666,6.02111,0
43,106,3857276,2022-12-01,Canada - Morocco,Group Stage,9922,David Junior Hoilett,1833,Canada,788,Morocco,1,19,Center Attacking Midfield,1,80.51045,99.00705,0,28,20,0,26,0,0,0,0,0,4,3,11,4,2,1,2,626.952371,207.635184,0
43,106,3857276,2022-12-01,Canada - Morocco,Group Stage,11846,Steven de Sousa Vitoria,1833,Canada,788,Morocco,1,3,Right Center Back,1,99.00705,99.00705,0,79,70,0,60,0,0,0,0,0,0,0,4,1,0,4,3,1604.181983,305.305985,0
43,106,3857276,2022-12-01,Canada - Morocco,Group Stage,12365,Alphonso Davies,1833,Canada,788,Morocco,1,12,Right Midfield,1,99.00705,99.00705,0,29,19,0,23,1,0,0,0,0,4,2,14,0,1,0,1,609.819525,160.336222,0.0519038
43,106,3857276,2022-12-01,Canada - Morocco,Group Stage,12770,Jonathan Osorio,1833,Canada,788,Morocco,1,9,Right Defensive Midfield,1,70.180183,99.00705,0,29,27,0,27,0,0,0,0,0,0,0,14,0,0,2,1,537.736582,87.220283,0
43,106,3857276,2022-12-01,Canada - Morocco,Group Stage,15958,Milan Borjan,1833,Canada,788,Morocco,1,1,Goalkeeper,1,99.00705,99.00705,0,24,21,0,13,0,0,0,0,0,0,0,0,0,0,0,0,679.110331,50.094242,0
43,106,3857276,2022-12-01,Canada - Morocco,Group Stage,16252,Mark Anthony Kaye,1833,Canada,788,Morocco,1,11,Left Defensive Midfield,1,64.958717,99.00705,0,57,50,0,45,1,0,0,0,0,0,0,13,2,1,1,1,1053.300671,201.338772,0.03888237
43,106,3857276,2022-12-01,Canada - Morocco,Group Stage,16459,Cyle Larin,1833,Canada,788,Morocco,1,23,Center Forward,1,64.895267,99.00705,0,11,6,0,12,0,0,0,0,0,2,1,10,0,0,2,0,128.85622,95.852199,0
43,106,3857276,2022-12-01,Canada - Morocco,Group Stage,23828,Kamal Miller,1833,Canada,788,Morocco,1,5,Left Center Back,1,99.00705,99.00705,0,91,83,0,70,0,0,0,0,0,1,1,7,1,2,0,1,1912.875742,340.427105,0
43,106,3857276,2022-12-01,Canada - Morocco,Group Stage,24024,Tajon Buchanan,1833,Canada,788,Morocco,1,16,Left Midfield,1,99.00705,99.00705,0,28,21,0,33,1,0,0,0,0,7,1,21,0,2,3,1,487.977426,341.515552,0.27914461
43,106,3857276,2022-12-01,Canada - Morocco,Group Stage,29758,Sam Adekugbe,1833,Canada,788,Morocco,1,6,Left Back,1,65.310083,99.00705,0,37,31,0,28,0,0,0,0,0,1,1,14,0,0,1,0,706.22148,103.633611,0
43,106,3857276,2022-12-01,Canada - Morocco,Group Stage,44703,Alistair Johnston,1833,Canada,788,Morocco,1,2,Right Back,1,99.00705,99.00705,0,65,58,0,46,1,0,0,0,0,0,0,9,2,1,2,0,1339.338087,308.434411,0.638813
43,106,3857276,2022-12-01,Canada - Morocco,Group Stage,9036,David Wallace Wotherspoon,1833,Canada,788,Morocco,1,16,Left Midfield,0,18.4966,99.00705,0,6,3,1,6,0,0,0,0,0,1,1,1,0,0,0,1,132.833419,22.804889,0
43,106,3857276,2022-12-01,Canada - Morocco,Group Stage,16120,Richie Laryea,1833,Canada,788,Morocco,1,12,Right Midfield,0,28.826867,99.00705,0,7,5,0,10,0,0,0,0,0,2,1,3,1,0,0,1,98.53873,53.112371,0
43,106,3857276,2022-12-01,Canada - Morocco,Group Stage,23640,Jonathan David,1833,Canada,788,Morocco,1,23,Center Forward,0,34.111783,99.00705,0,12,11,0,11,0,0,0,0,0,3,1,6,0,0,0,1,246.997246,64.433388,0
43,106,3857276,2022-12-01,Canada - Morocco,Group Stage,31684,Atiba Hutchinson,1833,Canada,788,Morocco,1,11,Left Defensive Midfield,0,34.048333,99.00705,0,30,28,0,18,1,0,0,0,0,0,0,3,1,1,0,1,570.917187,141.435029,0.08687422
43,106,3857276,2022-12-01,Canada - Morocco,Group Stage,133229,Ismael Koné,1833,Canada,788,Morocco,1,9,Right Defensive Midfield,0,33.696967,99.00705,0,29,27,0,26,0,0,0,0,0,1,1,5,0,0,0,1,776.879942,168.900652,0
43,106,3857292,2022-12-01,Costa Rica - Germany,Group Stage,3053,Leroy Sané,770,Germany,795,Costa Rica,0,17,Right Wing,1,101.078017,101.078017,0,47,41,0,42,3,0,0,0,1,2,1,13,2,1,0,0,764.792646,270.499098,0.18344245
43,106,3857292,2022-12-01,Costa Rica - Germany,Group Stage,3167,Antonio Rüdiger,770,Germany,795,Costa Rica,0,5,Left Center Back,1,101.078017,101.078017,0,86,80,0,68,1,0,0,0,0,0,0,8,0,0,0,0,1711.377479,396.017405,0.41498688
43,106,3857292,2022-12-01,Costa Rica - Germany,Group Stage,5562,Thomas Müller,770,Germany,795,Costa Rica,0,23,Center Forward,1,66.910583,101.078017,0,19,14,0,10,3,0,0,0,0,0,0,18,0,1,0,0,336.540477,25.552579,0.27004891
43,106,3857292,2022-12-01,Costa Rica - Germany,Group Stage,5570,Manuel Neuer,770,Germany,795,Costa Rica,0,1,Goalkeeper,1,101.078017,101.078017,0,29,29,0,17,0,0,0,1,0,0,0,0,0,0,0,0,863.764089,72.223652,0
43,106,3857292,2022-12-01,Costa Rica - Germany,Group Stage,5579,Joshua Kimmich,770,Germany,795,Costa Rica,0,2,Right Back,1,101.078017,101.078017,0,135,117,0,95,1,1,0,0,0,0,0,8,1,5,1,1,3079.919273,604.03138,0.011488
43,106,3857292,2022-12-01,Costa Rica - Germany,Group Stage,6322,Niklas Süle,770,Germany,795,Costa Rica,0,3,Right Center Back,1,94.67335,101.078017,0,103,97,0,77,0,0,0,0,0,0,0,10,0,0,0,1,2145.058446,390.127313,0
43,106,3857292,2022-12-01,Costa Rica - Germany,Group Stage,6324,Leon Goretzka,770,Germany,795,Costa Rica,0,9,Right Defensive Midfield,1,46.0442,101.078017,0,24,20,0,15,2,1,0,0,0,0,0,4,0,0,0,0,345.906486,42.416622,0.33539641
43,106,3857292,2022-12-01,Costa Rica - Germany,Group Stage,8400,Serge Gnabry,770,Germany,795,Costa Rica,0,21,Left Wing,1,101.078017,101.078017,0,45,34,0,40,4,1,1,0,1,3,1,13,3,2,0,0,696.625454,180.463722,0.2259698
43,106,3857292,2022-12-01,Costa Rica - Germany,Group Stage,10287,İlkay Gündoğan,770,Germany,795,Costa Rica,0,11,Left Defensive Midfield,1,54.993283,101.078017,0,77,71,0,58,0,0,0,0,0,0,0,6,0,0,2,1,1587.699426,268.365748,0
43,106,3857292,2022-12-01,Costa Rica - Germany,Group Stage,12034,David Raum,770,Germany,795,Costa Rica,0,6,Left Back,1,66.920633,101.078017,0,71,58,0,41,0,0,0,0,1,0,0,13,2,0,2,0,1507.128462,263.37935,0
43,106,3857292,2022-12-01,Costa Rica - Germany,Group Stage,39565,Jamal Musiala,770,Germany,795,Costa Rica,0,19,Center Attacking Midfield,1,101.078017,101.078017,0,53,39,0,70,7,2,0,0,0,18,13,16,1,1,1,0,814.249469,670.559721,0.59847611
43,106,3857292,2022-12-01,Costa Rica - Germany,Group Stage,8227,Mario Götze,770,Germany,795,Costa Rica,0,13,Right Center Midfield,0,34.157383,101.078017,0,11,11,0,10,1,1,0,0,0,1,0,14,3,0,0,0,167.11122,43.16787,0.06650756
43,106,3857292,2022-12-01,Costa Rica - Germany,Group Stage,8507,Lukas Klostermann,770,Germany,795,Costa Rica,0,2,Right Back,0,55.033817,101.078017,0,38,38,0,26,0,0,0,0,0,0,0,9,3,0,1,0,682.956779,83.835473,0
43,106,3857292,2022-12-01,Costa Rica - Germany,Group Stage,8546,Niclas Füllkrug,770,Germany,795,Costa Rica,0,22,Right Center Forward,0,46.084733,101.078017,0,14,8,0,6,4,2,1,0,1,0,0,2,0,0,0,0,177.515709,99.688661,1.05448931
43,106,3857292,2022-12-01,Costa Rica - Germany,Group Stage,8808,Matthias Ginter,770,Germany,795,Costa Rica,0,4,Center Back,0,6.404667,101.078017,0,3,3,0,3,0,0,0,0,0,0,0,1,0,0,0,0,60.219574,34.845627,0
43,106,3857292,2022-12-01,Costa Rica - Germany,Group Stage,8966,Kai Havertz,770,Germany,795,Costa Rica,0,24,Left Center Forward,0,34.167433,101.078017,0,11,9,0,13,5,3,2,0,0,0,0,5,0,1,2,1,212.497231,102.653606,1.15530096
43,106,3857292,2022-12-01,Costa Rica - Germany,Group Stage,5581,Joel Nathaniel Campbell Samuels,795,Costa Rica,770,Germany,1,17,Right Wing,1,101.078017,101.078017,0,67,50,1,63,0,0,0,0,0,6,3,14,2,0,1,3,1345.094916,243.134389,0
43,106,3857292,2022-12-01,Costa Rica - Germany,Group Stage,5582,Celso Borges Mora,795,Costa Rica,770,Germany,1,9,Right Defensive Midfield,1,101.078017,101.078017,0,36,31,0,21,0,0,0,0,0,0,0,9,2,1,0,0,640.173113,69.909314,0
43,106,3857292,2022-12-01,Costa Rica - Germany,Group Stage,5595,Johan Alberto Venegas Ulloa,795,Costa Rica,770,Germany,1,23,Center Forward,1,74.289167,101.078017,0,14,11,0,14,0,0,0,0,0,1,0,15,0,1,1,1,211.855601,74.996182,0
43,106,3857292,2022-12-01,Costa Rica - Germany,Group Stage,5597,Keylor Navas Gamboa,795,Costa Rica,770,Germany,1,1,Goalkeeper,1,101.078017,101.078017,0,34,21,1,11,0,0,0,0,0,0,0,0,0,0,0,0,1699.429979,51.811488,0
43,106,3857292,2022-12-01,Costa Rica - Germany,Group Stage,5598,Óscar Esau Duarte Gaitán,795,Costa Rica,770,Germany,1,4,Center Back,1,101.078017,101.078017,0,22,12,1,15,0,0,0,0,0,0,0,5,2,1,1,0,712.484463,59.046825,0
43,106,3857292,2022-12-01,Costa Rica - Germany,Group Stage,5836,Bryan Oviedo,795,Costa Rica,770,Germany,1,8,Left Wing Back,1,93.53165,101.078017,0,27,25,0,21,0,0,0,0,0,0,0,7,2,1,0,3,402.76879,135.354601,0
43,106,3857292,2022-12-01,Costa Rica - Germany,Group Stage,5839,Yeltsin Ignacio Tejeda Valverde,795,Costa Rica,770,Germany,1,11,Left Defensive Midfield,1,93.588483,101.078017,0,30,24,0,23,2,2,1,0,0,0,0,12,2,4,0,0,705.118715,74.905003,0.52207704
43,106,3857292,2022-12-01,Costa Rica - Germany,Group Stage,6328,Kendall Jamaal Waston Manley,795,Costa Rica,770,Germany,1,3,Right Center Back,1,101.078017,101.078017,0,21,16,0,7,1,1,0,0,0,0,0,9,2,2,0,0,457.222481,16.26598,0.099276
43,106,3857292,2022-12-01,Costa Rica - Germany,Group Stage,27163,Juan Pablo Vargas Campos,795,Costa Rica,770,Germany,1,5,Left Center Back,1,101.078017,101.078017,0,28,22,0,17,1,1,0,0,0,0,0,13,4,4,0,0,674.332956,65.331337,0.18427365
43,106,3857292,2022-12-01,Costa Rica - Germany,Group Stage,108340,Brandon Aguilera Zamora,795,Costa Rica,770,Germany,1,21,Left Wing,1,46.0442,101.078017,0,19,14,1,20,0,0,0,0,0,2,2,7,0,0,0,1,335.123542,130.880934,0
43,106,3857292,2022-12-01,Costa Rica - Germany,Group Stage,130185,Keysher Fuller Spence,795,Costa Rica,770,Germany,1,7,Right Wing Back,1,74.5531,101.078017,0,22,15,0,17,2,1,0,0,0,1,1,4,0,0,0,1,334.573642,66.374079,0.19130585
43,106,3857292,2022-12-01,Costa Rica - Germany,Group Stage,15477,Ronald Alberto Matarrita Ulate,795,Costa Rica,770,Germany,1,21,Left Wing,0,26.78885,101.078017,0,17,11,0,11,0,0,0,0,0,0,0,4,1,0,1,0,322.128991,91.799815,0
43,106,3857292,2022-12-01,Costa Rica - Germany,Group Stage,132296,Anthony Daniel Contreras Enríquez,795,Costa Rica,770,Germany,1,21,Left Wing,0,7.546367,101.078017,0,6,5,0,5,0,0,0,0,0,0,0,0,0,0,0,0,68.586039,19.421107,0
43,106,3857292,2022-12-01,Costa Rica - Germany,Group Stage,132728,Jewison Bennette,795,Costa Rica,770,Germany,1,17,Right Wing,0,26.524917,101.078017,0,7,6,0,13,1,0,0,0,0,2,0,11,1,0,0,0,116.330577,114.235228,0.03781152
43,106,3857292,2022-12-01,Costa Rica - Germany,Group Stage,132756,Youstin Delfin Salas Gómez,795,Costa Rica,770,Germany,1,7,Right Wing Back,0,55.033817,101.078017,0,18,15,0,12,0,0,0,0,0,1,1,12,6,1,0,0,335.060582,103.843271,0
43,106,3857292,2022-12-01,Costa Rica - Germany,Group Stage,135271,Roan Roberto Wilson Gordon,795,Costa Rica,770,Germany,1,11,Left Defensive Midfield,0,7.489533,101.078017,0,6,6,0,7,0,0,0,0,0,0,0,3,1,0,0,0,88.27551,35.735231,0
43,106,3857296,2022-12-01,Croatia - Belgium,Group Stage,3077,Jan Vertonghen,782,Belgium,785,Croatia,0,5,Left Center Back,1,98.041433,98.041433,0,89,85,0,70,1,0,0,0,0,0,0,8,0,3,0,2,1804.001471,254.668031,0.07045005
43,106,3857296,2022-12-01,Croatia - Belgium,Group Stage,3089,Kevin De Bruyne,782,Belgium,785,Croatia,0,17,Right Wing,1,98.041433,98.041433,0,38,26,0,27,2,1,0,0,0,2,2,9,0,0,0,0,817.457432,201.480763,0.0549967
43,106,3857296,2022-12-01,Croatia - Belgium,Group Stage,3176,Thomas Meunier,782,Belgium,785,Croatia,0,2,Right Back,1,90.672833,98.041433,0,69,53,0,52,1,0,0,0,0,1,1,17,4,1,0,0,1736.414771,288.50613,0.04308796
43,106,3857296,2022-12-01,Croatia - Belgium,Group Stage,3509,Thibaut Courtois,782,Belgium,785,Croatia,0,1,Goalkeeper,1,98.041433,98.041433,0,36,33,0,20,0,0,0,0,0,0,0,0,0,0,0,0,1049.664869,64.069143,0
43,106,3857296,2022-12-01,Croatia - Belgium,Group Stage,5630,Dries Mertens,782,Belgium,785,Croatia,0,19,Center Attacking Midfield,1,49.044283,98.041433,0,18,13,0,14,2,0,0,0,0,0,0,5,0,0,0,0,378.513072,48.443826,0.30150027
43,106,3857296,2022-12-01,Croatia - Belgium,Group Stage,5633,Yannick Ferreira Carrasco,782,Belgium,785,Croatia,0,21,Left Wing,1,75.54785,98.041433,0,32,26,0,34,4,0,0,0,0,2,1,3,0,1,0,1,478.292895,267.344628,0.20231003
43,106,3857296,2022-12-01,Croatia - Belgium,Group Stage,5642,Axel Witsel,782,Belgium,785,Croatia,0,11,Left Defensive Midfield,1,98.041433,98.041433,0,50,47,0,39,1,0,0,0,0,0,0,14,0,3,4,2,888.942817,182.410683,0.02534036
43,106,3857296,2022-12-01,Croatia - Belgium,Group Stage,6331,Leander Dendoncker,782,Belgium,785,Croatia,0,9,Right Defensive Midfield,1,75.6743,98.041433,0,46,44,1,36,0,0,0,0,0,1,0,11,2,1,2,0,951.151024,161.891954,0
43,106,3857296,2022-12-01,Croatia - Belgium,Group Stage,6989,Timothy Castagne,782,Belgium,785,Croatia,0,6,Left Back,1,98.041433,98.041433,0,83,77,1,58,0,0,0,0,0,0,0,10,1,0,1,0,1657.828595,240.54887,0
43,106,3857296,2022-12-01,Croatia - Belgium,Group Stage,16559,Leandro Trossard,782,Belgium,785,Croatia,0,23,Center Forward,1,62.14365,98.041433,0,30,22,0,30,0,0,0,0,0,1,1,9,0,0,0,3,622.165117,202.587865,0
43,106,3857296,2022-12-01,Croatia - Belgium,Group Stage,20005,Toby Alderweireld,782,Belgium,785,Croatia,0,3,Right Center Back,1,98.041433,98.041433,0,92,81,1,76,0,0,0,0,0,0,0,9,1,1,0,0,2264.815222,438.885282,0
43,106,3857296,2022-12-01,Croatia - Belgium,Group Stage,2954,Youri Tielemans,782,Belgium,785,Croatia,0,9,Right Defensive Midfield,0,22.367133,98.041433,0,12,10,0,8,0,0,0,0,0,0,0,4,1,2,2,0,195.240072,50.37749,0
43,106,3857296,2022-12-01,Croatia - Belgium,Group Stage,3289,Romelu Lukaku Menama,782,Belgium,785,Croatia,0,23,Center Forward,0,48.99715,98.041433,0,8,6,0,6,5,2,0,0,0,1,1,8,0,0,1,1,122.092291,40.733335,1.68415473
43,106,3857296,2022-12-01,Croatia - Belgium,Group Stage,3621,Eden Hazard,782,Belgium,785,Croatia,0,17,Right Wing,0,7.3686,98.041433,0,2,1,0,3,0,0,0,0,0,1,1,0,0,0,0,0,55.382179,19.972251,0
43,106,3857296,2022-12-01,Croatia - Belgium,Group Stage,5632,Thorgan Hazard,782,Belgium,785,Croatia,0,19,Center Attacking Midfield,0,35.897783,98.041433,0,11,11,0,7,0,0,0,0,0,0,0,10,1,0,0,0,268.237757,52.802663,0
43,106,3857296,2022-12-01,Croatia - Belgium,Group Stage,23650,Jeremy Doku,782,Belgium,785,Croatia,0,21,Left Wing,0,22.493583,98.041433,0,14,8,0,18,0,0,0,0,0,3,2,2,0,0,0,1,166.853866,272.563258,0
43,106,3857296,2022-12-01,Croatia - Belgium,Group Stage,3471,Dejan Lovren,785,Croatia,782,Belgium,1,3,Right Center Back,1,98.041433,98.041433,0,50,40,1,38,0,0,0,0,0,0,0,5,0,1,0,0,1194.333487,224.945878,0
43,106,3857296,2022-12-01,Croatia - Belgium,Group Stage,5456,Mateo Kovačić,785,Croatia,782,Belgium,1,15,Left Center Midfield,1,94.952217,98.041433,0,64,59,0,50,1,1,0,0,0,0,0,16,1,1,0,3,1017.861566,357.720112,0.07960723
43,106,3857296,2022-12-01,Croatia - Belgium,Group Stage,5460,Andrej Kramarić,785,Croatia,782,Belgium,1,17,Right Wing,1,67.756767,98.041433,0,32,29,0,25,0,0,0,0,0,0,0,6,0,0,0,0,559.043155,156.758279,0
43,106,3857296,2022-12-01,Croatia - Belgium,Group Stage,5463,Luka Modrić,785,Croatia,782,Belgium,1,13,Right Center Midfield,1,98.041433,98.041433,0,57,45,1,42,2,2,0,0,0,2,1,18,3,2,1,2,1194.180778,240.39013,0.14330793
43,106,3857296,2022-12-01,Croatia - Belgium,Group Stage,5469,Marcelo Brozović,785,Croatia,782,Belgium,1,10,Center Defensive Midfield,1,98.041433,98.041433,0,87,79,1,67,2,1,0,0,0,0,0,15,2,2,2,3,1735.586072,386.096519,0.15649299
43,106,3857296,2022-12-01,Croatia - Belgium,Group Stage,5474,Ivan Perišić,785,Croatia,782,Belgium,1,21,Left Wing,1,98.041433,98.041433,0,42,33,0,42,2,0,0,0,0,8,3,33,0,1,1,0,803.464695,354.58052,0.12168773
43,106,3857296,2022-12-01,Croatia - Belgium,Group Stage,12625,Borna Sosa,785,Croatia,782,Belgium,1,6,Left Back,1,98.041433,98.041433,0,84,74,0,61,2,0,0,0,0,4,1,12,0,1,0,0,1511.559938,496.170742,0.04837466
43,106,3857296,2022-12-01,Croatia - Belgium,Group Stage,16531,Dominik Livaković,785,Croatia,782,Belgium,1,1,Goalkeeper,1,98.041433,98.041433,0,34,28,0,15,0,0,0,0,0,0,0,0,0,0,0,0,1070.997578,69.578701,0
43,106,3857296,2022-12-01,Croatia - Belgium,Group Stage,22041,Marko Livaja,785,Croatia,782,Belgium,1,23,Center Forward,1,67.32545,98.041433,0,14,9,0,13,1,0,0,0,0,0,0,15,0,0,4,0,238.585512,34.978638,0.10424478
43,106,3857296,2022-12-01,Croatia - Belgium,Group Stage,29163,Josip Juranović,785,Croatia,782,Belgium,1,2,Right Back,1,98.041433,98.041433,0,58,42,0,40,1,0,0,0,0,0,0,13,1,2,0,0,1113.547672,273.643687,0.04130658
43,106,3857296,2022-12-01,Croatia - Belgium,Group Stage,33018,Joško Gvardiol,785,Croatia,782,Belgium,1,5,Left Center Back,1,98.041433,98.041433,0,61,59,0,50,0,0,0,0,0,1,1,14,3,2,2,0,1287.060833,306.986443,0
43,106,3857296,2022-12-01,Croatia - Belgium,Group Stage,7693,Bruno Petković,785,Croatia,782,Belgium,1,23,Center Forward,0,30.715983,98.041433,0,19,12,0,14,0,0,0,0,0,0,0,3,0,0,0,2,258.243387,69.655632,0
43,106,3857296,2022-12-01,Croatia - Belgium,Group Stage,11603,Mario Pašalić,785,Croatia,782,Belgium,1,17,Right Wing,0,30.284667,98.041433,0,5,4,0,5,0,0,0,0,0,0,0,13,0,0,1,0,112.098593,43.789643,0
43,106,3857296,2022-12-01,Croatia - Belgium,Group Stage,28914,Lovro Majer,785,Croatia,782,Belgium,1,15,Left Center Midfield,0,3.089217,98.041433,0,2,1,0,2,0,0,0,0,0,0,0,1,0,0,0,0,42.414944,22.694189,0
43,106,3857256,2022-12-02,Serbia - Switzerland,Group Stage,3500,Granit Xhaka,773,Switzerland,786,Serbia,0,11,Left Defensive Midfield,1,103.2853,103.2853,0,57,52,0,41,3,2,0,0,0,0,0,6,3,2,3,3,1129.646703,299.164182,0.15085832
43,106,3857256,2022-12-02,Serbia - Switzerland,Group Stage,3533,Xherdan Shaqiri,773,Switzerland,786,Serbia,0,17,Right Wing,1,71.258933,103.2853,0,24,16,0,23,2,1,1,0,0,0,0,7,1,0,1,0,474.417994,152.111989,0.46316709
43,106,3857256,2022-12-02,Serbia - Switzerland,Group Stage,5537,Fabian Lukas Schär,773,Switzerland,786,Serbia,0,3,Right Center Back,1,103.2853,103.2853,0,44,35,0,24,1,0,0,0,0,0,0,8,3,2,1,2,1433.139277,179.8616,0.07925899
43,106,3857256,2022-12-02,Serbia - Switzerland,Group Stage,5544,Ricardo Iván Rodríguez Araya,773,Switzerland,786,Serbia,0,6,Left Back,1,103.2853,103.2853,0,50,31,0,32,0,0,0,0,0,0,0,2,2,0,1,1,1145.880558,202.483694,0
43,106,3857256,2022-12-02,Serbia - Switzerland,Group Stage,5545,Breel-Donald Embolo,773,Switzerland,786,Serbia,0,23,Center Forward,1,98.382717,103.2853,0,17,14,0,20,3,2,1,0,0,1,1,10,0,0,2,6,234.089185,122.027031,1.74503562
43,106,3857256,2022-12-02,Serbia - Switzerland,Group Stage,5549,Manuel Obafemi Akanji,773,Switzerland,786,Serbia,0,5,Left Center Back,1,103.2853,103.2853,0,53,46,1,31,1,0,0,0,0,0,0,4,0,2,1,0,1311.694107,199.569849,0.03012257
43,106,3857256,2022-12-02,Serbia - Switzerland,Group Stage,6983,Remo Freuler,773,Switzerland,786,Serbia,0,9,Right Defensive Midfield,1,103.2853,103.2853,0,23,14,1,17,2,1,1,0,0,2,1,15,1,5,1,2,348.769974,85.497634,0.24993332
43,106,3857256,2022-12-02,Serbia - Switzerland,Group Stage,7796,Silvan Widmer,773,Switzerland,786,Serbia,0,2,Right Back,1,103.2853,103.2853,0,64,50,1,33,0,0,0,0,1,0,0,10,3,0,1,2,1321.937158,144.893794,0
43,106,3857256,2022-12-02,Serbia - Switzerland,Group Stage,16026,Djibril Sow,773,Switzerland,786,Serbia,0,19,Center Attacking Midfield,1,70.827567,103.2853,0,27,23,0,16,0,0,0,0,1,0,0,7,0,1,0,3,564.845311,133.705304,0
43,106,3857256,2022-12-02,Serbia - Switzerland,Group Stage,17974,Gregor Kobel,773,Switzerland,786,Serbia,0,1,Goalkeeper,1,103.2853,103.2853,0,29,19,1,11,0,0,0,0,0,0,0,0,0,0,0,0,1082.625805,35.765517,0
43,106,3857256,2022-12-02,Serbia - Switzerland,Group Stage,30401,Ruben Vargas,773,Switzerland,786,Serbia,0,21,Left Wing,1,85.820533,103.2853,0,23,17,0,17,1,0,0,0,1,0,0,6,0,0,1,0,447.832189,170.139349,0.0683221
43,106,3857256,2022-12-02,Serbia - Switzerland,Group Stage,3913,Edimilson Fernandes,773,Switzerland,786,Serbia,0,17,Right Wing,0,32.457733,103.2853,0,15,13,0,12,0,0,0,0,0,0,0,2,1,1,1,0,208.770943,31.905753,0
43,106,3857256,2022-12-02,Serbia - Switzerland,Group Stage,5538,Denis Lemi Zakaria Lako Lado,773,Switzerland,786,Serbia,0,9,Right Defensive Midfield,0,32.026367,103.2853,0,9,8,0,7,0,0,0,0,0,1,0,0,0,5,0,1,176.382048,59.389811,0
43,106,3857256,2022-12-02,Serbia - Switzerland,Group Stage,16022,Christian Fassnacht,773,Switzerland,786,Serbia,0,21,Left Wing,0,17.464767,103.2853,0,10,8,0,10,1,1,0,0,0,2,2,2,0,0,0,0,123.749574,107.109065,0.31681746
43,106,3857256,2022-12-02,Serbia - Switzerland,Group Stage,29006,Noah Okafor,773,Switzerland,786,Serbia,0,23,Center Forward,0,4.902583,103.2853,0,0,0,0,2,0,0,0,0,0,0,0,4,0,0,1,0,0,23.867263,0
43,106,3857256,2022-12-02,Serbia - Switzerland,Group Stage,3831,Dušan Tadić,786,Serbia,773,Switzerland,1,19,Center Attacking Midfield,1,80.558733,103.2853,0,35,28,0,35,1,0,0,0,1,4,2,6,1,0,0,3,585.839796,300.053228,0.06168444
43,106,3857256,2022-12-02,Serbia - Switzerland,Group Stage,4269,Aleksandar Mitrović,786,Serbia,773,Switzerland,1,24,Left Center Forward,1,103.2853,103.2853,0,23,17,0,15,3,1,1,0,0,0,0,4,0,0,1,0,377.240065,81.358735,0.15227536
43,106,3857256,2022-12-02,Serbia - Switzerland,Group Stage,5589,Sergej Milinković-Savić,786,Serbia,773,Switzerland,1,11,Left Defensive Midfield,1,69.963,103.2853,0,33,26,0,16,0,0,0,0,0,0,0,5,1,1,2,0,571.625283,63.127753,0
43,106,3857256,2022-12-02,Serbia - Switzerland,Group Stage,5591,Filip Kostić,786,Serbia,773,Switzerland,1,8,Left Wing Back,1,103.2853,103.2853,0,56,35,0,31,0,0,0,0,0,0,0,13,1,0,2,1,1168.782978,241.518274,0
43,106,3857256,2022-12-02,Serbia - Switzerland,Group Stage,5603,Nikola Milenković,786,Serbia,773,Switzerland,1,3,Right Center Back,1,103.2853,103.2853,0,58,51,0,46,1,0,0,0,0,0,0,4,3,0,2,2,1088.178252,222.80692,0.08160872
43,106,3857256,2022-12-02,Serbia - Switzerland,Group Stage,6318,Andrija Živković,786,Serbia,773,Switzerland,1,7,Right Wing Back,1,80.637933,103.2853,0,31,21,3,25,1,0,0,0,0,1,0,6,1,2,0,1,717.084524,127.291929,0.03000168
43,106,3857256,2022-12-02,Serbia - Switzerland,Group Stage,6321,Milos Veljkovic,786,Serbia,773,Switzerland,1,4,Center Back,1,57.0065,103.2853,0,32,29,0,23,0,0,0,0,0,0,0,6,1,0,1,0,836.628113,146.011348,0
43,106,3857256,2022-12-02,Serbia - Switzerland,Group Stage,6687,Saša Lukić,786,Serbia,773,Switzerland,1,9,Right Defensive Midfield,1,103.2853,103.2853,0,59,53,0,45,0,0,0,0,0,0,0,15,2,0,7,0,1313.713286,252.223242,0
43,106,3857256,2022-12-02,Serbia - Switzerland,Group Stage,18015,Dušan Vlahović,786,Serbia,773,Switzerland,1,22,Right Center Forward,1,57.229417,103.2853,0,5,3,0,9,3,3,1,0,0,1,0,5,0,0,0,2,62.328889,10.641971,0.76244751
43,106,3857256,2022-12-02,Serbia - Switzerland,Group Stage,20600,Vanja Milinković Savić,786,Serbia,773,Switzerland,1,1,Goalkeeper,1,103.2853,103.2853,0,45,30,2,27,0,0,0,0,0,0,0,0,0,0,0,0,2065.503532,155.622197,0
43,106,3857256,2022-12-02,Serbia - Switzerland,Group Stage,27719,Strahinja Pavlović,786,Serbia,773,Switzerland,1,5,Left Center Back,1,103.2853,103.2853,0,85,66,1,58,0,0,0,0,0,0,0,14,2,1,3,2,1677.864948,325.101713,0
43,106,3857256,2022-12-02,Serbia - Switzerland,Group Stage,5833,Nemanja Radonjić,786,Serbia,773,Switzerland,1,7,Right Wing Back,0,22.647367,103.2853,0,7,5,0,7,1,0,0,0,0,0,0,1,0,0,0,2,118.427333,55.156713,0.04281029
43,106,3857256,2022-12-02,Serbia - Switzerland,Group Stage,6319,Luka Jović,786,Serbia,773,Switzerland,1,22,Right Center Forward,0,46.055883,103.2853,0,10,7,0,8,2,0,0,0,0,0,0,1,0,1,1,0,171.926686,35.811684,0.05817553
43,106,3857256,2022-12-02,Serbia - Switzerland,Group Stage,6901,Nemanja Maksimović,786,Serbia,773,Switzerland,1,9,Right Defensive Midfield,0,33.3223,103.2853,0,18,17,0,12,0,0,0,0,0,0,0,5,2,0,0,0,285.004284,83.745404,0
43,106,3857256,2022-12-02,Serbia - Switzerland,Group Stage,7117,Filip Đuričić,786,Serbia,773,Switzerland,1,19,Center Attacking Midfield,0,22.726567,103.2853,0,3,2,0,1,0,0,0,0,0,0,0,3,0,0,0,1,60.549437,0,0
43,106,3857256,2022-12-02,Serbia - Switzerland,Group Stage,16489,Nemanja Gudelj,786,Serbia,773,Switzerland,1,4,Center Back,0,46.2788,103.2853,0,21,17,0,13,0,0,0,0,0,0,0,6,1,0,2,0,361.093259,117.550121,0
43,106,3857262,2022-12-02,South Korea - Portugal,Group Stage,4272,João Mário Naval da Costa Eduardo,780,Portugal,791,South Korea,0,21,Left Wing,1,83.36925,99.12985,0,37,34,0,33,0,0,0,0,0,3,0,11,2,1,0,0,558.045923,161.663761,0
43,106,3857262,2022-12-02,South Korea - Portugal,Group Stage,5207,Cristiano Ronaldo dos Santos Aveiro,780,Portugal,791,South Korea,0,23,Center Forward,1,67.081183,99.12985,0,19,15,0,11,2,0,0,0,0,1,0,4,0,0,0,0,285.971578,48.145905,0.3111604
43,106,3857262,2022-12-02,South Korea - Portugal,Group Stage,7005,João Pedro Cavaco Cancelo,780,Portugal,791,South Korea,0,6,Left Back,1,99.12985,99.12985,0,91,77,2,80,2,1,0,0,0,7,5,6,2,2,1,2,1775.279611,481.273493,0.05482357
43,106,3857262,2022-12-02,South Korea - Portugal,Group Stage,9927,Rúben Diogo Da Silva Neves,780,Portugal,791,South Korea,0,10,Center Defensive Midfield,1,66.841367,99.12985,0,64,62,0,54,0,0,0,0,0,0,0,4,0,1,0,0,1751.869293,329.123537,0
43,106,3857262,2022-12-02,South Korea - Portugal,Group Stage,10868,Ricardo Jorge Luz Horta,780,Portugal,791,South Korea,0,17,Right Wing,1,99.12985,99.12985,0,22,13,0,17,3,2,1,0,0,0,0,13,0,1,1,1,386.358995,114.530653,0.45879541
43,106,3857262,2022-12-02,South Korea - Portugal,Group Stage,16028,José Diogo Dalot Teixeira,780,Portugal,791,South Korea,0,2,Right Back,1,99.12985,99.12985,0,66,53,0,47,1,1,0,0,1,3,1,6,3,0,1,0,1511.541796,309.633977,0.03643581
43,106,3857262,2022-12-02,South Korea - Portugal,Group Stage,20016,Kléper Laveran Lima Ferreira,780,Portugal,791,South Korea,0,3,Right Center Back,1,99.12985,99.12985,0,78,67,0,56,0,0,0,0,0,1,1,3,1,0,0,1,2076.239982,311.591951,0
43,106,3857262,2022-12-02,South Korea - Portugal,Group Stage,32975,Diogo Meireles Costa,780,Portugal,791,South Korea,0,1,Goalkeeper,1,99.12985,99.12985,0,33,23,0,18,0,0,0,0,0,0,0,0,0,0,0,0,1359.591447,67.571903,0
43,106,3857262,2022-12-02,South Korea - Portugal,Group Stage,34639,Vitor Machado Ferreira,780,Portugal,791,South Korea,0,15,Left Center Midfield,1,83.369717,99.12985,0,62,59,0,59,2,2,0,0,0,1,1,9,2,0,0,1,1133.331945,284.864685,0.05387129
43,106,3857262,2022-12-02,South Korea - Portugal,Group Stage,40874,Matheus Luiz Nunes,780,Portugal,791,South Korea,0,13,Right Center Midfield,1,66.5763,99.12985,0,29,21,0,28,1,0,0,0,0,1,1,5,0,0,2,2,615.381201,171.984618,0.00784927
43,106,3857262,2022-12-02,South Korea - Portugal,Group Stage,143854,António João Pereira Albuquerque Tavares Silva,780,Portugal,791,South Korea,0,5,Left Center Back,1,99.12985,99.12985,0,58,57,0,45,0,0,0,0,0,0,0,2,1,1,2,0,1323.703497,286.847247,0
43,106,3857262,2022-12-02,South Korea - Portugal,Group Stage,3193,Bernardo Mota Veiga de Carvalho e Silva,780,Portugal,791,South Korea,0,15,Left Center Midfield,0,15.760133,99.12985,0,8,7,0,7,0,0,0,0,0,0,0,1,0,0,0,1,105.787308,81.834222,0
43,106,3857262,2022-12-02,South Korea - Portugal,Group Stage,5214,William Silva de Carvalho,780,Portugal,791,South Korea,0,13,Right Center Midfield,0,15.7606,99.12985,0,14,13,0,12,0,0,0,0,0,0,0,6,1,0,1,0,192.539188,29.621697,0
43,106,3857262,2022-12-02,South Korea - Portugal,Group Stage,5218,André Miguel Valente Silva,780,Portugal,791,South Korea,0,23,Center Forward,0,32.048667,99.12985,0,11,10,0,9,0,0,0,0,0,1,0,3,0,0,0,0,161.339861,101.510559,0
43,106,3857262,2022-12-02,South Korea - Portugal,Group Stage,12169,João Maria Lobo Alves Palhinha Gonçalves,780,Portugal,791,South Korea,0,13,Right Center Midfield,0,32.55355,99.12985,0,17,16,0,15,1,0,0,0,0,1,1,6,0,0,1,0,368.875062,43.315871,0.02102418
43,106,3857262,2022-12-02,South Korea - Portugal,Group Stage,18360,Rafael Alexandre Conceição Leão,780,Portugal,791,South Korea,0,10,Center Defensive Midfield,0,32.288483,99.12985,0,10,7,0,13,1,0,0,0,0,2,2,4,0,0,1,1,133.514896,114.951907,0.02976235
43,106,3857262,2022-12-02,South Korea - Portugal,Group Stage,3083,Heung-Min Son,791,South Korea,780,Portugal,1,21,Left Wing,1,99.12985,99.12985,0,20,16,0,25,5,2,0,0,1,2,1,5,2,0,0,1,460.662491,313.390719,0.14567674
43,106,3857262,2022-12-02,South Korea - Portugal,Group Stage,5604,Young-Gwon Kim,791,South Korea,780,Portugal,1,5,Left Center Back,1,82.66725,99.12985,0,39,33,0,26,1,1,1,0,0,0,0,3,1,0,0,0,1065.469807,166.48741,0.6242964
43,106,3857262,2022-12-02,South Korea - Portugal,Group Stage,5618,Woo-Young Jung,791,South Korea,780,Portugal,1,10,Center Defensive Midfield,1,99.12985,99.12985,0,56,48,1,41,0,0,0,0,0,0,0,14,2,0,2,0,1504.151627,143.626729,0
43,106,3857262,2022-12-02,South Korea - Portugal,Group Stage,5623,Jae-Sung Lee,791,South Korea,780,Portugal,1,17,Right Wing,1,67.529033,99.12985,0,15,12,0,12,1,0,0,0,0,2,2,24,1,1,2,1,203.053034,73.233621,0.02139322
43,106,3857262,2022-12-02,South Korea - Portugal,Group Stage,22740,Kang-In Lee,791,South Korea,780,Portugal,1,15,Left Center Midfield,1,83.3691,99.12985,0,27,22,0,20,1,0,0,0,0,0,0,16,0,0,1,3,580.686388,138.784828,0.02372408
43,106,3857262,2022-12-02,South Korea - Portugal,Group Stage,23763,In-Beom Hwang,791,South Korea,780,Portugal,1,13,Right Center Midfield,1,99.12985,99.12985,0,43,33,1,33,2,1,0,0,0,0,0,10,2,0,1,0,1118.046243,205.019307,0.12139461
43,106,3857262,2022-12-02,South Korea - Portugal,Group Stage,37641,Seung-Gyu Kim,791,South Korea,780,Portugal,1,1,Goalkeeper,1,99.12985,99.12985,0,43,31,0,21,0,0,0,0,0,0,0,0,0,0,0,0,1716.687455,153.232989,0
43,106,3857262,2022-12-02,South Korea - Portugal,Group Stage,40538,Jin-Su Kim,791,South Korea,780,Portugal,1,6,Left Back,1,99.12985,99.12985,0,36,26,2,25,0,0,0,0,0,1,1,4,2,2,0,1,805.284134,71.365354,0
43,106,3857262,2022-12-02,South Korea - Portugal,Group Stage,40542,Gue-Sung Cho,791,South Korea,780,Portugal,1,23,Center Forward,1,94.907567,99.12985,0,23,13,0,7,1,1,0,0,0,1,0,12,0,0,1,1,401.048356,42.568066,0.04053615
43,106,3857262,2022-12-02,South Korea - Portugal,Group Stage,40564,Kyung-Won Kwon,791,South Korea,780,Portugal,1,3,Right Center Back,1,99.12985,99.12985,0,34,32,0,22,0,0,0,0,0,0,0,2,0,3,0,1,713.310139,72.273583,0
43,106,3857262,2022-12-02,South Korea - Portugal,Group Stage,40672,Moon-Hwan Kim,791,South Korea,780,Portugal,1,2,Right Back,1,99.12985,99.12985,0,38,31,0,21,0,0,0,0,0,1,0,5,1,1,0,0,655.16546,98.875022,0
43,106,3857262,2022-12-02,South Korea - Portugal,Group Stage,5620,Hee-Chan Hwang,791,South Korea,780,Portugal,1,21,Left Wing,0,31.600817,99.12985,0,4,3,0,12,1,1,1,0,0,2,1,4,0,0,0,2,123.846718,157.583259,0.42196128
43,106,3857262,2022-12-02,South Korea - Portugal,Group Stage,29966,Ui-Jo Hwang,791,South Korea,780,Portugal,1,24,Left Center Forward,0,15.76075,99.12985,0,2,2,0,0,0,0,0,0,0,0,0,6,0,0,0,0,19.320653,0,0
43,106,3857262,2022-12-02,South Korea - Portugal,Group Stage,40558,Jun-Ho Son,791,South Korea,780,Portugal,1,11,Left Defensive Midfield,0,16.4626,99.12985,0,8,7,0,4,0,0,0,0,0,0,0,5,0,0,2,0,153.162896,9.014261,0
43,106,3857262,2022-12-02,South Korea - Portugal,Group Stage,99479,Yu-Min Cho,791,South Korea,780,Portugal,1,3,Right Center Back,0,4.222283,99.12985,0,0,0,0,0,0,0,0,0,0,0,0,1,0,0,0,0,0,0,0
43,106,3857280,2022-12-02,Cameroon - Brazil,Group Stage,3067,Ederson Santana de Moraes,781,Brazil,2722,Cameroon,0,1,Goalkeeper,1,104.09405,104.09405,0,30,28,0,19,0,0,0,0,0,0,0,0,0,0,0,0,851.413207,115.519933,0
43,106,3857280,2022-12-02,Cameroon - Brazil,Group Stage,3202,Gabriel Fernando de Jesus,781,Brazil,2722,Cameroon,0,23,Center Forward,1,67.538133,104.09405,0,13,12,0,14,2,1,0,0,0,0,0,10,1,1,0,3,185.832624,40.739795,0.32398636
43,106,3857280,2022-12-02,Cameroon - Brazil,Group Stage,3247,Fábio Henrique Tavares,781,Brazil,2722,Cameroon,0,11,Left Defensive Midfield,1,104.09405,104.09405,0,56,50,0,37,0,0,0,0,0,0,0,15,4,2,2,0,1161.129447,176.353176,0
43,106,3857280,2022-12-02,Cameroon - Brazil,Group Stage,4324,Daniel Alves da Silva,781,Brazil,2722,Cameroon,0,2,Right Back,1,104.09405,104.09405,0,80,71,0,53,1,0,0,0,0,1,1,16,5,0,5,2,1340.318973,192.302766,0.06485747
43,106,3857280,2022-12-02,Cameroon - Brazil,Group Stage,9904,Frederico Rodrigues Santos,781,Brazil,2722,Cameroon,0,9,Right Defensive Midfield,1,58.412383,104.09405,0,33,29,0,28,2,0,0,0,0,1,0,16,0,0,1,0,629.881519,134.086251,0.37823142
43,106,3857280,2022-12-02,Cameroon - Brazil,Group Stage,11183,Alex Nicolao Telles,781,Brazil,2722,Cameroon,0,6,Left Back,1,58.145917,104.09405,0,33,25,0,22,0,0,0,0,0,0,0,3,1,1,1,0,731.712374,83.253813,0
43,106,3857280,2022-12-02,Cameroon - Brazil,Group Stage,11493,Gleison Bremer Silva Nascimento,781,Brazil,2722,Cameroon,0,5,Left Center Back,1,104.09405,104.09405,0,66,62,0,55,0,0,0,0,0,0,0,9,1,0,1,0,1495.255316,322.78562,0
43,106,3857280,2022-12-02,Cameroon - Brazil,Group Stage,13620,Éder Gabriel Militão,781,Brazil,2722,Cameroon,0,3,Right Center Back,1,104.09405,104.09405,0,75,69,1,58,1,1,0,0,0,0,0,8,1,0,2,0,1727.37443,365.521424,0.0755846
43,106,3857280,2022-12-02,Cameroon - Brazil,Group Stage,25104,Rodrygo Silva de Goes,781,Brazil,2722,Cameroon,0,19,Center Attacking Midfield,1,58.412583,104.09405,0,29,22,1,28,2,0,0,0,0,2,2,11,1,0,0,3,456.395035,256.982238,0.13167681
43,106,3857280,2022-12-02,Cameroon - Brazil,Group Stage,25363,Antony Matheus dos Santos,781,Brazil,2722,Cameroon,0,17,Right Wing,1,82.683683,104.09405,0,50,36,0,42,3,2,0,0,0,3,2,12,1,0,0,2,760.677304,259.351693,0.11016432
43,106,3857280,2022-12-02,Cameroon - Brazil,Group Stage,29976,Gabriel Teodoro Martinelli Silva,781,Brazil,2722,Cameroon,0,21,Left Wing,1,104.09405,104.09405,0,31,23,0,35,4,3,0,0,0,4,3,12,0,0,1,2,500.733253,424.951411,0.40582979
43,106,3857280,2022-12-02,Cameroon - Brazil,Group Stage,4372,Marcos Aoás Corrêa,781,Brazil,2722,Cameroon,0,6,Left Back,0,45.948133,104.09405,0,32,32,0,21,0,0,0,0,0,1,0,2,0,0,0,0,654.596787,121.882804,0
43,106,3857280,2022-12-02,Cameroon - Brazil,Group Stage,10595,Raphael Dias Belloli,781,Brazil,2722,Cameroon,0,17,Right Wing,0,21.410367,104.09405,0,9,7,0,9,0,0,0,0,0,1,1,4,0,0,0,0,184.732382,96.563062,0
43,106,3857280,2022-12-02,Cameroon - Brazil,Group Stage,25142,Bruno Guimarães Rodriguez Moura,781,Brazil,2722,Cameroon,0,9,Right Defensive Midfield,0,45.681667,104.09405,0,31,26,1,23,4,1,0,0,0,0,0,5,0,0,2,1,602.2093,173.526625,0.62662341
43,106,3857280,2022-12-02,Cameroon - Brazil,Group Stage,25154,Éverton Augusto de Barros Ribeiro,781,Brazil,2722,Cameroon,0,19,Center Attacking Midfield,0,45.681467,104.09405,0,17,15,0,16,0,0,0,0,0,0,0,5,0,0,0,0,280.576846,210.253865,0
43,106,3857280,2022-12-02,Cameroon - Brazil,Group Stage,25305,Pedro Guilherme Abreu dos Santos,781,Brazil,2722,Cameroon,0,23,Center Forward,0,36.555917,104.09405,0,8,5,0,9,2,0,0,0,0,0,0,4,1,0,0,1,99.921706,23.753944,0.26126468
43,106,3857280,2022-12-02,Cameroon - Brazil,Group Stage,3141,André-Frank Zambo Anguissa,2722,Cameroon,781,Brazil,1,11,Left Defensive Midfield,1,104.09405,104.09405,0,49,39,1,40,0,0,0,0,0,2,2,14,1,2,3,2,906.58409,226.440655,0
43,106,3857280,2022-12-02,Cameroon - Brazil,Group Stage,3499,Jean-Eric Maxim Choupo-Moting,2722,Cameroon,781,Brazil,1,24,Left Center Forward,1,104.09405,104.09405,0,23,13,0,16,0,0,0,0,0,1,0,12,1,0,0,0,357.557435,131.574799,0
43,106,3857280,2022-12-02,Cameroon - Brazil,Group Stage,4935,Bryan Mbeumo,2722,Cameroon,781,Brazil,1,12,Right Midfield,1,67.136533,104.09405,0,15,8,0,13,1,1,0,0,0,1,0,4,0,1,1,2,283.472379,55.368308,0.11827337
43,106,3857280,2022-12-02,Cameroon - Brazil,Group Stage,7551,Enzo Ebosse,2722,Cameroon,781,Brazil,1,5,Left Center Back,1,104.09405,104.09405,0,39,34,0,25,0,0,0,0,0,0,0,16,3,0,1,0,1107.171679,171.841267,0
43,106,3857280,2022-12-02,Cameroon - Brazil,Group Stage,11174,Vincent Paté Aboubakar,2722,Cameroon,781,Brazil,1,22,Right Center Forward,1,96.896,104.09405,0,15,7,0,13,3,1,1,0,0,1,0,8,0,0,2,2,270.600884,58.411572,0.16834418
43,106,3857280,2022-12-02,Cameroon - Brazil,Group Stage,12623,Pierre Kunde Malong,2722,Cameroon,781,Brazil,1,9,Right Defensive Midfield,1,71.40375,104.09405,0,25,22,0,18,1,0,0,0,0,0,0,12,3,2,3,1,601.97351,114.97859,0.00649391
43,106,3857280,2022-12-02,Cameroon - Brazil,Group Stage,13454,Nouhou Tolo,2722,Cameroon,781,Brazil,1,6,Left Back,1,104.09405,104.09405,0,22,16,0,8,0,0,0,0,0,0,0,15,5,1,1,0,449.926675,78.030054,0
43,106,3857280,2022-12-02,Cameroon - Brazil,Group Stage,15326,Devis Rogers Epassy Mboka,2722,Cameroon,781,Brazil,1,1,Goalkeeper,1,104.09405,104.09405,0,42,30,0,15,0,0,0,0,0,0,0,0,0,0,0,1,2032.130014,113.058788,0
43,106,3857280,2022-12-02,Cameroon - Brazil,Group Stage,16015,Nicolas Moumi Ngamaleu,2722,Cameroon,781,Brazil,1,16,Left Midfield,1,88.946217,104.09405,0,21,19,0,25,0,0,0,0,0,3,3,21,2,1,2,5,288.208217,134.305662,0
43,106,3857280,2022-12-02,Cameroon - Brazil,Group Stage,16346,Ngoran Suiru Fai Collins,2722,Cameroon,781,Brazil,1,2,Right Back,1,104.09405,104.09405,0,25,19,0,16,0,0,0,0,0,0,0,11,2,2,2,1,491.785917,56.986641,0
43,106,3857280,2022-12-02,Cameroon - Brazil,Group Stage,74588,Christopher Wooh,2722,Cameroon,781,Brazil,1,3,Right Center Back,1,104.09405,104.09405,0,33,27,0,24,1,0,0,0,0,0,0,12,1,1,2,0,937.733777,183.768566,0.05692788
43,106,3857280,2022-12-02,Cameroon - Brazil,Group Stage,3551,Karl Brillant Toko Ekambi,2722,Cameroon,781,Brazil,1,16,Left Midfield,0,36.957517,104.09405,0,10,8,0,9,0,0,0,0,0,2,1,7,1,1,0,1,254.571541,143.692846,0
43,106,3857280,2022-12-02,Cameroon - Brazil,Group Stage,10530,Jules Olivier Ntcham,2722,Cameroon,781,Brazil,1,9,Right Defensive Midfield,0,32.6903,104.09405,0,12,11,0,12,1,1,0,0,0,1,1,6,0,0,0,0,200.780003,175.105713,0.03332142
43,106,3857280,2022-12-02,Cameroon - Brazil,Group Stage,33813,Jerome Ngom Mbekeli,2722,Cameroon,781,Brazil,1,12,Right Midfield,0,15.147833,104.09405,0,2,1,0,4,0,0,0,0,1,1,0,2,0,0,0,0,57.996335,41.137415,0
43,106,3857293,2022-12-02,Ghana - Uruguay,Group Stage,5246,Luis Alberto Suárez Díaz,783,Uruguay,4885,Ghana,0,22,Right Center Forward,1,73.338433,108.285483,0,20,14,1,17,1,1,0,0,1,2,2,7,1,0,0,4,298.374386,65.279184,0.2733873
43,106,3857293,2022-12-02,Ghana - Uruguay,Group Stage,5258,Giorgian Daniel De Arrascaeta Benedetti,783,Uruguay,4885,Ghana,0,16,Left Midfield,1,87.6376,108.285483,0,26,14,0,22,2,2,2,0,0,1,0,23,5,0,0,0,540.614497,80.812635,0.87843627
43,106,3857293,2022-12-02,Ghana - Uruguay,Group Stage,5259,José María Giménez de Vargas,783,Uruguay,4885,Ghana,0,3,Right Center Back,1,108.285483,108.285483,0,37,33,0,21,1,0,0,0,0,1,1,4,0,2,0,1,861.894578,82.887262,0.03238874
43,106,3857293,2022-12-02,Ghana - Uruguay,Group Stage,5260,Rodrigo Bentancur Colmán,783,Uruguay,4885,Ghana,0,11,Left Defensive Midfield,1,33.751667,108.285483,0,19,17,0,13,0,0,0,0,0,1,1,9,3,1,3,0,310.526086,101.312091,0
43,106,3857293,2022-12-02,Ghana - Uruguay,Group Stage,5264,Guillermo Varela Olivera,783,Uruguay,4885,Ghana,0,2,Right Back,1,108.285483,108.285483,0,55,36,2,36,0,0,0,0,0,2,0,10,3,1,2,5,1243.559767,159.39801,0
43,106,3857293,2022-12-02,Ghana - Uruguay,Group Stage,6300,Sebastián Coates Nión,783,Uruguay,4885,Ghana,0,5,Left Center Back,1,108.285483,108.285483,0,47,40,0,26,1,0,0,0,0,0,0,3,0,0,1,0,1000.150978,140.222284,0.1032927
43,106,3857293,2022-12-02,Ghana - Uruguay,Group Stage,6773,Federico Santiago Valverde Dipetta,783,Uruguay,4885,Ghana,0,9,Right Defensive Midfield,1,108.285483,108.285483,0,76,63,0,47,3,1,0,0,0,0,0,14,3,2,3,2,1682.896933,333.840903,0.01868525
43,106,3857293,2022-12-02,Ghana - Uruguay,Group Stage,7104,Mathías Olivera Miramontes,783,Uruguay,4885,Ghana,0,6,Left Back,1,108.285483,108.285483,0,52,41,0,30,0,0,0,0,0,1,0,16,4,0,1,1,870.552459,149.504365,0
43,106,3857293,2022-12-02,Ghana - Uruguay,Group Stage,32478,Darwin Gabriel Núñez Ribeiro,783,Uruguay,4885,Ghana,0,24,Left Center Forward,1,87.804233,108.285483,0,15,12,0,17,1,0,0,0,0,2,1,15,3,1,0,0,320.749868,161.584644,0.15781382
43,106,3857293,2022-12-02,Ghana - Uruguay,Group Stage,36288,Facundo Pellistri Rebollo,783,Uruguay,4885,Ghana,0,12,Right Midfield,1,73.568417,108.285483,0,14,10,0,16,1,0,0,0,0,2,0,14,2,0,0,1,261.406835,55.638978,0.09949745
43,106,3857293,2022-12-02,Ghana - Uruguay,Group Stage,36710,Sergio Rochet Álvarez,783,Uruguay,4885,Ghana,0,1,Goalkeeper,1,108.285483,108.285483,0,27,19,0,16,0,0,0,0,0,0,0,1,0,0,1,0,1127.087666,104.49209,0
43,106,3857293,2022-12-02,Ghana - Uruguay,Group Stage,4319,Edinson Roberto Cavani Gómez,783,Uruguay,4885,Ghana,0,22,Right Center Forward,0,34.94705,108.285483,0,13,10,0,8,0,0,0,0,0,1,1,1,0,1,0,0,258.818353,54.260583,0
43,106,3857293,2022-12-02,Ghana - Uruguay,Group Stage,5255,Matías Vecino Falero,783,Uruguay,4885,Ghana,0,11,Left Defensive Midfield,0,74.533817,108.285483,0,46,38,0,34,0,0,0,0,0,0,0,12,3,2,0,0,785.161072,89.726314,0
43,106,3857293,2022-12-02,Ghana - Uruguay,Group Stage,6297,Maximiliano Gómez González,783,Uruguay,4885,Ghana,0,24,Left Center Forward,0,20.48125,108.285483,0,3,2,0,2,1,1,0,0,0,0,0,4,0,0,0,1,53.310859,13.45729,0.03013273
43,106,3857293,2022-12-02,Ghana - Uruguay,Group Stage,28729,Diego Nicolás De La Cruz Arcosa,783,Uruguay,4885,Ghana,0,12,Right Midfield,0,34.717067,108.285483,0,12,10,0,12,1,1,0,0,0,1,0,10,0,0,0,3,158.478538,50.823405,0.0429242
43,106,3857293,2022-12-02,Ghana - Uruguay,Group Stage,36666,Agustín Canobbio Graviz,783,Uruguay,4885,Ghana,0,12,Right Midfield,0,20.647883,108.285483,0,7,5,0,5,0,0,0,0,0,0,0,4,2,0,0,1,133.25111,37.776666,0
43,106,3857293,2022-12-02,Ghana - Uruguay,Group Stage,3347,André Ayew Pelé,4885,Ghana,783,Uruguay,1,19,Center Attacking Midfield,1,53.118417,108.285483,0,8,6,0,10,1,1,0,0,0,1,0,10,3,0,0,2,77.776736,17.696284,0.7835
43,106,3857293,2022-12-02,Ghana - Uruguay,Group Stage,3450,Jordan Ayew,4885,Ghana,783,Uruguay,1,21,Left Wing,1,53.118417,108.285483,0,9,6,0,7,1,1,0,0,0,1,0,11,0,0,2,1,139.464957,82.790301,0.07146578
43,106,3857293,2022-12-02,Ghana - Uruguay,Group Stage,3709,Daniel Amartey,4885,Ghana,783,Uruguay,1,3,Right Center Back,1,108.285483,108.285483,0,51,47,0,40,0,0,0,0,0,0,0,7,2,0,1,0,1127.673148,138.396165,0
43,106,3857293,2022-12-02,Ghana - Uruguay,Group Stage,6383,Thomas Teye Partey,4885,Ghana,783,Uruguay,1,9,Right Defensive Midfield,1,108.285483,108.285483,0,78,63,1,57,0,0,0,0,0,4,3,16,4,2,2,1,1631.999632,332.499931,0
43,106,3857293,2022-12-02,Ghana - Uruguay,Group Stage,6393,Iñaki Williams Arthuer,4885,Ghana,783,Uruguay,1,17,Right Wing,1,79.881433,108.285483,0,14,10,0,15,0,0,0,0,0,3,3,9,2,0,0,0,199.447238,98.853558,0
43,106,3857293,2022-12-02,Ghana - Uruguay,Group Stage,8108,Lawrence Ati-Zigi,4885,Ghana,783,Uruguay,1,1,Goalkeeper,1,108.285483,108.285483,0,26,19,1,8,0,0,0,0,0,0,0,0,0,0,0,0,974.541119,51.973475,0
43,106,3857293,2022-12-02,Ghana - Uruguay,Group Stage,12325,Abdul Rahman Baba,4885,Ghana,783,Uruguay,1,6,Left Back,1,108.285483,108.285483,0,61,43,0,34,0,0,0,0,0,4,1,14,3,0,4,0,1101.186143,156.585412,0
43,106,3857293,2022-12-02,Ghana - Uruguay,Group Stage,17033,Mohammed Kudus,4885,Ghana,783,Uruguay,1,23,Center Forward,1,105.265583,108.285483,0,34,27,0,44,4,1,0,0,0,5,4,14,2,0,2,2,618.110543,225.31007,0.2518432
43,106,3857293,2022-12-02,Ghana - Uruguay,Group Stage,30519,Mohamed Salisu,4885,Ghana,783,Uruguay,1,5,Left Center Back,1,108.285483,108.285483,0,59,42,0,36,0,0,0,0,0,0,0,8,1,1,2,0,1493.424601,265.925877,0
43,106,3857293,2022-12-02,Ghana - Uruguay,Group Stage,31029,Salis Abdul Samed,4885,Ghana,783,Uruguay,1,11,Left Defensive Midfield,1,80.053483,108.285483,0,51,46,1,48,0,0,0,0,0,4,4,13,1,3,3,2,973.061279,273.928483,0
43,106,3857293,2022-12-02,Ghana - Uruguay,Group Stage,45047,Alidu Seidu,4885,Ghana,783,Uruguay,1,2,Right Back,1,108.285483,108.285483,0,52,41,0,35,0,0,0,0,0,3,3,23,8,0,2,1,911.206082,252.808291,0
43,106,3857293,2022-12-02,Ghana - Uruguay,Group Stage,9286,Antoine Semenyo,4885,Ghana,783,Uruguay,1,23,Center Forward,0,28.40405,108.285483,0,3,1,0,3,1,0,0,0,0,0,0,7,0,0,2,0,87.03769,9.486892,0.12024433
43,106,3857293,2022-12-02,Ghana - Uruguay,Group Stage,28616,Daniel-Kofi Kyereh,4885,Ghana,783,Uruguay,1,11,Left Defensive Midfield,0,28.232,108.285483,0,18,14,0,15,0,0,0,0,0,1,1,4,1,0,0,0,377.534363,103.651858,0
43,106,3857293,2022-12-02,Ghana - Uruguay,Group Stage,35658,Kamaldeen Sulemana,4885,Ghana,783,Uruguay,1,21,Left Wing,0,55.167067,108.285483,0,16,9,0,22,1,1,0,0,0,4,3,3,0,0,1,2,268.56767,193.025341,0.08122779
43,106,3857293,2022-12-02,Ghana - Uruguay,Group Stage,44225,Osman Bukari,4885,Ghana,783,Uruguay,1,17,Right Wing,0,55.167067,108.285483,0,13,10,0,13,1,0,0,0,0,1,0,7,0,0,0,0,166.229722,84.440646,0.08441304
43,106,3857293,2022-12-02,Ghana - Uruguay,Group Stage,136306,Abdul Fatawu Issahaku,4885,Ghana,783,Uruguay,1,17,Right Wing,0,3.0199,108.285483,0,0,0,0,1,0,0,0,0,0,1,0,0,0,0,0,0,0,1.802776,0
43,106,3869117,2022-12-03,Netherlands - United States,Round of 16,2988,Memphis Depay,941,Netherlands,1839,United States,1,24,Left Center Forward,1,83.6732,97.833467,0,30,23,0,24,4,3,1,0,0,4,2,10,0,0,0,1,500.556297,252.765295,0.49380253
43,106,3869117,2022-12-03,Netherlands - United States,Round of 16,3306,Nathan Aké,941,Netherlands,1839,United States,1,5,Left Center Back,1,94.584083,97.833467,0,32,30,0,24,0,0,0,0,0,0,0,10,0,0,0,1,621.613513,110.800453,0
43,106,3869117,2022-12-03,Netherlands - United States,Round of 16,3311,Daley Blind,941,Netherlands,1839,United States,1,8,Left Wing Back,1,97.833467,97.833467,0,41,32,0,29,2,1,1,0,1,2,1,23,6,1,0,0,904.946684,92.933088,0.32360065
43,106,3869117,2022-12-03,Netherlands - United States,Round of 16,3669,Virgil van Dijk,941,Netherlands,1839,United States,1,4,Center Back,1,97.833467,97.833467,0,47,43,0,32,1,0,0,0,0,0,0,6,1,0,2,0,1262.192352,86.823565,0.08036702
43,106,3869117,2022-12-03,Netherlands - United States,Round of 16,4318,Davy Klaassen,941,Netherlands,1839,United States,1,19,Center Attacking Midfield,1,46.655167,97.833467,0,16,9,0,6,0,0,0,0,0,0,0,8,1,0,0,0,252.305377,22.247634,0
43,106,3869117,2022-12-03,Netherlands - United States,Round of 16,6994,Marten de Roon,941,Netherlands,1839,United States,1,9,Right Defensive Midfield,1,46.655167,97.833467,0,17,12,0,6,0,0,0,0,0,0,0,10,1,0,0,0,302.132459,12.55709,0
43,106,3869117,2022-12-03,Netherlands - United States,Round of 16,8118,Frenkie de Jong,941,Netherlands,1839,United States,1,11,Left Defensive Midfield,1,97.833467,97.833467,0,43,35,1,26,0,0,0,0,0,1,0,16,2,0,2,0,848.451213,99.221431,0
43,106,3869117,2022-12-03,Netherlands - United States,Round of 16,8125,Denzel Dumfries,941,Netherlands,1839,United States,1,7,Right Wing Back,1,97.833467,97.833467,0,48,27,1,33,1,1,1,0,2,1,0,14,1,2,1,0,982.408187,260.657929,0.23592436
43,106,3869117,2022-12-03,Netherlands - United States,Round of 16,8326,Andries Noppert,941,Netherlands,1839,United States,1,1,Goalkeeper,1,97.833467,97.833467,0,37,23,1,18,0,0,0,0,0,0,0,0,0,0,0,0,1436.12321,93.502603,0
43,106,3869117,2022-12-03,Netherlands - United States,Round of 16,20750,Cody Mathès Gakpo,941,Netherlands,1839,United States,1,22,Right Center Forward,1,94.58575,97.833467,0,29,22,0,30,1,0,0,0,0,5,3,9,2,1,1,0,512.943278,308.989642,0.05310646
43,106,3869117,2022-12-03,Netherlands - United States,Round of 16,21809,Jurriën David Norman Timber,941,Netherlands,1839,United States,1,3,Right Center Back,1,97.833467,97.833467,0,44,36,0,37,0,0,0,0,0,0,0,11,6,1,3,1,881.578592,168.679656,0
43,106,3869117,2022-12-03,Netherlands - United States,Round of 16,7829,Wout Weghorst,941,Netherlands,1839,United States,1,24,Left Center Forward,0,3.247717,97.833467,0,1,0,0,0,0,0,0,0,0,0,0,2,0,0,0,0,23.718557,0,0
43,106,3869117,2022-12-03,Netherlands - United States,Round of 16,7891,Teun Koopmeiners,941,Netherlands,1839,United States,1,9,Right Defensive Midfield,0,51.1783,97.833467,0,25,16,0,20,1,1,0,0,0,0,0,9,1,2,1,0,500.721687,118.773522,0.04472613
43,106,3869117,2022-12-03,Netherlands - United States,Round of 16,8069,Matthijs de Ligt,941,Netherlands,1839,United States,1,5,Left Center Back,0,3.249383,97.833467,0,0,0,0,0,0,0,0,0,0,0,0,0,0,0,0,0,0,0,0
43,106,3869117,2022-12-03,Netherlands - United States,Round of 16,8259,Steven Bergwijn,941,Netherlands,1839,United States,1,22,Right Center Forward,0,51.1783,97.833467,0,19,18,0,21,1,0,0,0,0,3,1,6,1,0,1,0,220.142458,130.415693,0.25042096
43,106,3869117,2022-12-03,Netherlands - United States,Round of 16,39167,Xavi Simons,941,Netherlands,1839,United States,1,24,Left Center Forward,0,14.160267,97.833467,0,10,6,0,9,0,0,0,0,0,0,0,4,1,0,0,1,117.242931,160.203263,0
43,106,3869117,2022-12-03,Netherlands - United States,Round of 16,3377,Timothy Weah,1839,United States,941,Netherlands,0,17,Right Wing,1,68.515183,97.833467,0,24,21,0,23,2,1,0,0,0,0,0,2,0,0,0,0,339.366124,163.137942,0.07171294
43,106,3869117,2022-12-03,Netherlands - United States,Round of 16,4614,Antonee Robinson,1839,United States,941,Netherlands,0,6,Left Back,1,92.8943,97.833467,0,78,57,2,61,0,0,0,0,0,3,2,11,3,2,0,0,1348.495152,289.161337,0
43,106,3869117,2022-12-03,Netherlands - United States,Round of 16,8246,Christian Pulisic,1839,United States,941,Netherlands,0,21,Left Wing,1,97.833467,97.833467,0,36,19,0,36,3,3,0,0,1,4,1,11,0,0,0,4,796.035972,280.907219,0.39127554
43,106,3869117,2022-12-03,Netherlands - United States,Round of 16,8526,Weston McKennie,1839,United States,941,Netherlands,0,15,Left Center Midfield,1,68.51545,97.833467,0,40,30,0,36,3,0,0,0,0,0,0,6,0,1,0,0,868.066777,282.222659,0.16066135
43,106,3869117,2022-12-03,Netherlands - United States,Round of 16,12352,Matthew Charles Turner,1839,United States,941,Netherlands,0,1,Goalkeeper,1,97.833467,97.833467,0,24,18,0,16,0,0,0,0,0,0,0,0,0,0,0,1,826.553635,62.686304,0
43,106,3869117,2022-12-03,Netherlands - United States,Round of 16,12524,Walker Zimmerman,1839,United States,941,Netherlands,0,3,Right Center Back,1,97.833467,97.833467,0,75,66,0,61,1,0,0,0,0,0,0,7,1,4,1,0,1669.102926,315.851498,0.05674074
43,106,3869117,2022-12-03,Netherlands - United States,Round of 16,12751,Tyler Adams,1839,United States,941,Netherlands,0,10,Center Defensive Midfield,1,97.833467,97.833467,0,86,79,1,65,0,0,0,0,0,0,0,15,2,3,0,1,1615.794876,328.187556,0
43,106,3869117,2022-12-03,Netherlands - United States,Round of 16,18242,Tim Ream,1839,United States,941,Netherlands,0,5,Left Center Back,1,97.833467,97.833467,0,84,72,0,66,1,1,0,0,0,0,0,8,2,2,0,1,1847.836036,592.648883,0.2582279
43,106,3869117,2022-12-03,Netherlands - United States,Round of 16,21881,Sergino Dest,1839,United States,941,Netherlands,0,2,Right Back,1,76.608967,97.833467,0,38,33,0,40,2,0,0,0,0,5,2,8,1,1,0,0,616.245675,417.161297,0.09027378
43,106,3869117,2022-12-03,Netherlands - United States,Round of 16,22433,Jesus Ferreira,1839,United States,941,Netherlands,0,23,Center Forward,1,46.655167,97.833467,0,20,17,0,15,0,0,0,0,0,0,0,7,0,0,0,1,240.308251,37.255164,0
43,106,3869117,2022-12-03,Netherlands - United States,Round of 16,38792,Yunus Dimoara Musah,1839,United States,941,Netherlands,0,13,Right Center Midfield,1,97.833467,97.833467,0,52,39,0,43,1,0,0,0,0,2,1,12,1,2,0,0,869.289872,344.155989,0.0544609
43,106,3869117,2022-12-03,Netherlands - United States,Round of 16,3658,DeAndre Yedlin,1839,United States,941,Netherlands,0,2,Right Back,0,21.2245,97.833467,0,12,8,0,6,0,0,0,0,0,0,0,5,1,0,2,0,176.288995,38.044589,0
43,106,3869117,2022-12-03,Netherlands - United States,Round of 16,22008,Haji Wright,1839,United States,941,Netherlands,0,23,Center Forward,0,29.318017,97.833467,0,8,8,0,6,3,1,1,0,0,0,0,4,1,0,0,0,82.855286,32.75341,0.48272233
43,106,3869117,2022-12-03,Netherlands - United States,Round of 16,23789,Jordan Morris,1839,United States,941,Netherlands,0,2,Right Back,0,4.939167,97.833467,0,1,0,0,0,0,0,0,0,0,0,0,0,0,0,0,0,9.900505,0,0
43,106,3869117,2022-12-03,Netherlands - United States,Round of 16,24243,Brenden Aaronson,1839,United States,941,Netherlands,0,17,Right Wing,0,29.318283,97.833467,0,9,8,0,14,0,0,0,0,0,2,0,3,1,0,2,2,102.74402,90.924706,0
43,106,3869117,2022-12-03,Netherlands - United States,Round of 16,34339,Giovanni Reyna,1839,United States,941,Netherlands,0,23,Center Forward,0,51.1783,97.833467,0,31,24,0,28,2,0,0,0,0,1,1,4,0,0,0,1,526.059842,201.508613,0.08602206
43,106,3869151,2022-12-03,Argentina - Australia,Round of 16,3090,Nicolás Hernán Otamendi,779,Argentina,792,Australia,1,5,Left Center Back,1,99.440983,99.440983,0,96,91,0,81,0,0,0,0,1,0,0,5,0,2,1,0,1811.041218,449.671877,0
43,106,3869151,2022-12-03,Argentina - Australia,Round of 16,5503,Lionel Andrés Messi Cuccittini,779,Argentina,792,Australia,1,23,Center Forward,1,99.440983,99.440983,0,61,53,0,65,6,2,1,0,0,7,4,11,1,0,0,2,897.459176,516.543985,0.34274097
43,106,3869151,2022-12-03,Argentina - Australia,Round of 16,6909,Damián Emiliano Martínez,779,Argentina,792,Australia,1,1,Goalkeeper,1,99.440983,99.440983,0,31,22,1,23,0,0,0,0,0,0,0,0,0,0,0,1,1197.217188,63.346801,0
43,106,3869151,2022-12-03,Argentina - Australia,Round of 16,7006,Alejandro Darío Gómez,779,Argentina,792,Australia,1,21,Left Wing,1,51.189517,99.440983,0,33,32,0,36,1,0,0,0,0,3,2,7,0,0,0,2,440.736685,219.17882,0.0111473
43,106,3869151,2022-12-03,Argentina - Australia,Round of 16,7797,Rodrigo Javier De Paul,779,Argentina,792,Australia,1,13,Right Center Midfield,1,99.440983,99.440983,0,91,76,0,82,0,0,0,0,0,1,0,17,2,3,0,1,1525.07733,400.797966,0
43,106,3869151,2022-12-03,Argentina - Australia,Round of 16,19597,Marcos Javier Acuña,779,Argentina,792,Australia,1,6,Left Back,1,73.3866,99.440983,0,60,52,0,52,0,0,0,0,0,1,0,11,3,0,3,3,1121.526607,227.923303,0
43,106,3869151,2022-12-03,Argentina - Australia,Round of 16,20572,Cristian Gabriel Romero,779,Argentina,792,Australia,1,3,Right Center Back,1,99.440983,99.440983,0,78,72,0,65,0,0,0,0,0,1,1,6,2,2,1,0,1472.732158,383.370693,0
43,106,3869151,2022-12-03,Argentina - Australia,Round of 16,27886,Alexis Mac Allister,779,Argentina,792,Australia,1,15,Left Center Midfield,1,81.3448,99.440983,0,46,40,0,47,0,0,0,0,0,1,1,14,1,2,0,3,668.151593,206.666665,0
43,106,3869151,2022-12-03,Argentina - Australia,Round of 16,29201,Nahuel Molina Lucero,779,Argentina,792,Australia,1,2,Right Back,1,81.322733,99.440983,0,61,55,0,47,0,0,0,0,0,2,0,10,1,4,0,0,1064.3486,222.522863,0
43,106,3869151,2022-12-03,Argentina - Australia,Round of 16,29560,Julián Álvarez,779,Argentina,792,Australia,1,17,Right Wing,1,73.071367,99.440983,0,17,15,0,21,1,1,1,0,0,1,0,19,2,0,2,0,189.706059,68.234382,0.28060678
43,106,3869151,2022-12-03,Argentina - Australia,Round of 16,38718,Enzo Fernandez,779,Argentina,792,Australia,1,10,Center Defensive Midfield,1,99.440983,99.440983,0,100,94,0,86,0,0,0,1,0,0,0,14,3,1,1,2,2029.695127,542.124912,0
43,106,3869151,2022-12-03,Argentina - Australia,Round of 16,5507,Nicolás Alejandro Tagliafico,779,Argentina,792,Australia,1,8,Left Wing Back,0,26.054383,99.440983,0,13,10,0,6,1,0,0,0,0,1,1,4,0,0,0,0,239.349356,38.947253,0.05181273
43,106,3869151,2022-12-03,Argentina - Australia,Round of 16,11456,Lautaro Javier Martínez,779,Argentina,792,Australia,1,24,Left Center Forward,0,26.369617,99.440983,0,10,7,0,12,4,2,0,0,0,5,1,2,0,0,1,1,110.034091,75.322065,0.74858563
43,106,3869151,2022-12-03,Argentina - Australia,Round of 16,27768,Lisandro Martínez,779,Argentina,792,Australia,1,12,Right Midfield,0,48.251467,99.440983,0,19,18,0,13,0,0,0,0,0,0,0,3,1,0,0,0,495.807313,46.098133,0
43,106,3869151,2022-12-03,Argentina - Australia,Round of 16,28263,Gonzalo Ariel Montiel,779,Argentina,792,Australia,1,15,Left Center Midfield,0,18.096183,99.440983,0,5,4,0,3,0,0,0,0,0,0,0,1,0,1,0,0,75.841972,19.097866,0
43,106,3869151,2022-12-03,Argentina - Australia,Round of 16,28268,Exequiel Alejandro Palacios,779,Argentina,792,Australia,1,7,Right Wing Back,0,18.11825,99.440983,0,7,5,0,7,1,0,0,0,0,0,0,3,0,1,0,1,91.784799,16.776642,0.04668589
43,106,3869151,2022-12-03,Argentina - Australia,Round of 16,3240,Mathew Ryan,792,Australia,779,Argentina,0,1,Goalkeeper,1,99.440983,99.440983,0,53,45,0,35,0,0,0,0,0,1,1,0,0,0,0,0,1678.422062,189.293304,0
43,106,3869151,2022-12-03,Argentina - Australia,Round of 16,3281,Aaron Mooy,792,Australia,779,Argentina,0,11,Left Defensive Midfield,1,99.440983,99.440983,0,59,52,0,39,0,0,0,0,0,1,0,16,4,1,2,0,1373.26596,237.922387,0
43,106,3869151,2022-12-03,Argentina - Australia,Round of 16,5479,Aziz Eraltay Behich,792,Australia,779,Argentina,0,6,Left Back,1,99.440983,99.440983,0,54,42,1,35,1,0,0,0,0,2,2,12,0,2,1,1,1033.251539,227.175821,0.07721693
43,106,3869151,2022-12-03,Argentina - Australia,Round of 16,5481,Mathew Leckie,792,Australia,779,Argentina,0,12,Right Midfield,1,73.863517,99.440983,0,16,10,0,9,0,0,0,0,0,1,0,22,0,1,2,1,228.018507,54.546457,0
43,106,3869151,2022-12-03,Argentina - Australia,Round of 16,5490,Jackson Irvine,792,Australia,779,Argentina,0,24,Left Center Forward,1,99.440983,99.440983,0,37,29,0,17,0,0,0,0,0,2,0,29,0,0,2,0,602.246618,25.110529,0
43,106,3869151,2022-12-03,Argentina - Australia,Round of 16,15957,Miloš Degenek,792,Australia,779,Argentina,0,2,Right Back,1,73.8858,99.440983,0,42,32,0,29,0,0,0,0,0,2,1,13,2,0,1,2,880.29578,149.755762,0
43,106,3869151,2022-12-03,Argentina - Australia,Round of 16,22293,Harry Souttar,792,Australia,779,Argentina,0,3,Right Center Back,1,99.440983,99.440983,0,58,53,0,43,1,0,0,0,0,0,0,12,2,2,1,0,1430.700674,174.556854,0.06809473
43,106,3869151,2022-12-03,Argentina - Australia,Round of 16,33477,Riley McGree,792,Australia,779,Argentina,0,16,Left Midfield,1,59.9295,99.440983,0,15,14,0,11,0,0,0,0,0,1,1,18,1,0,1,1,241.085136,52.139857,0
43,106,3869151,2022-12-03,Argentina - Australia,Round of 16,33488,Keanu Baccus,792,Australia,779,Argentina,0,9,Right Defensive Midfield,1,59.935867,99.440983,0,15,10,0,13,0,0,0,0,0,0,0,20,2,2,5,0,307.202684,66.467563,0
43,106,3869151,2022-12-03,Argentina - Australia,Round of 16,33492,Mitchell Thomas Duke,792,Australia,779,Argentina,0,22,Right Center Forward,1,73.863217,99.440983,0,14,6,0,7,0,0,0,0,0,1,0,28,0,0,2,0,284.557984,30.967441,0
43,106,3869151,2022-12-03,Argentina - Australia,Round of 16,33495,Kye Rowles,792,Australia,779,Argentina,0,5,Left Center Back,1,99.440983,99.440983,0,71,65,0,47,0,0,0,0,0,0,0,13,1,1,0,0,1473.40697,247.641881,0
43,106,3869151,2022-12-03,Argentina - Australia,Round of 16,8346,Craig Goodwin,792,Australia,779,Argentina,0,16,Left Midfield,0,39.511483,99.440983,0,15,6,1,9,1,0,0,0,0,0,0,4,1,0,0,1,318.739831,27.406934,0.01361644
43,106,3869151,2022-12-03,Argentina - Australia,Round of 16,8859,Ajdin Hrustic,792,Australia,779,Argentina,0,12,Right Midfield,0,39.505117,99.440983,0,9,7,0,12,1,0,0,0,0,2,1,13,0,0,0,1,260.776538,89.544407,0.03324741
43,106,3869151,2022-12-03,Argentina - Australia,Round of 16,9980,Jamie MacLaren,792,Australia,779,Argentina,0,22,Right Center Forward,0,25.577767,99.440983,0,3,0,0,1,0,0,0,0,0,0,0,3,0,0,0,0,59.729996,0.360555,0
43,106,3869151,2022-12-03,Argentina - Australia,Round of 16,28370,Fran Karačić,792,Australia,779,Argentina,0,2,Right Back,0,25.555183,99.440983,0,16,12,0,10,0,0,0,0,0,0,0,7,2,0,1,1,497.293023,50.330772,0
43,106,3869151,2022-12-03,Argentina - Australia,Round of 16,227697,Garang Kuol,792,Australia,779,Argentina,0,24,Left Center Forward,0,25.577467,99.440983,0,1,1,0,3,1,1,0,0,0,0,0,6,0,0,0,0,15.646086,17.477087,0.23394231
43,106,3869118,2022-12-04,England - Senegal,Round of 16,3205,Kyle Walker,768,England,787,Senegal,1,2,Right Back,1,97.378633,97.378633,0,76,68,1,63,0,0,0,0,0,2,1,9,0,4,2,0,1742.986737,263.418721,0
43,106,3869118,2022-12-04,England - Senegal,Round of 16,3244,John Stones,768,England,787,Senegal,1,3,Right Center Back,1,79.3505,97.378633,0,89,82,1,78,1,0,0,0,0,0,0,2,0,1,1,0,1906.022086,473.249045,0.08366814
43,106,3869118,2022-12-04,England - Senegal,Round of 16,3336,Harry Maguire,768,England,787,Senegal,1,5,Left Center Back,1,97.378633,97.378633,0,75,63,0,62,0,0,0,0,0,0,0,6,4,1,1,1,1915.854656,397.681548,0
43,106,3869118,2022-12-04,England - Senegal,Round of 16,3382,Luke Shaw,768,England,787,Senegal,1,6,Left Back,1,97.378633,97.378633,0,67,60,0,49,0,0,0,0,0,0,0,9,1,1,3,2,1123.424552,243.917891,0
43,106,3869118,2022-12-04,England - Senegal,Round of 16,3468,Jordan Pickford,768,England,787,Senegal,1,1,Goalkeeper,1,97.378633,97.378633,0,48,38,0,36,0,0,0,0,0,0,0,0,0,0,0,0,1934.163525,237.75004,0
43,106,3869118,2022-12-04,England - Senegal,Round of 16,3532,Jordan Brian Henderson,768,England,787,Senegal,1,13,Right Center Midfield,1,84.323833,97.378633,0,48,41,0,45,1,1,1,0,0,0,0,8,2,0,0,1,823.316803,188.762967,0.13174866
43,106,3869118,2022-12-04,England - Senegal,Round of 16,3943,Declan Rice,768,England,787,Senegal,1,10,Center Defensive Midfield,1,97.378633,97.378633,0,57,53,0,48,0,0,0,0,0,1,0,8,1,4,2,2,1130.381361,229.190048,0
43,106,3869118,2022-12-04,England - Senegal,Round of 16,4354,Philip Foden,768,England,787,Senegal,1,21,Left Wing,1,67.6267,97.378633,0,34,27,0,32,0,0,0,0,1,1,1,8,1,1,0,0,552.270539,137.190672,0
43,106,3869118,2022-12-04,England - Senegal,Round of 16,10955,Harry Kane,768,England,787,Senegal,1,23,Center Forward,1,97.378633,97.378633,0,25,17,0,35,3,2,1,0,0,3,2,5,0,0,1,3,553.044107,156.277866,0.40608686
43,106,3869118,2022-12-04,England - Senegal,Round of 16,22084,Bukayo Saka,768,England,787,Senegal,1,17,Right Wing,1,67.486183,97.378633,0,30,24,0,29,2,1,1,0,0,0,0,5,3,0,1,0,612.715429,142.825294,0.2525772
43,106,3869118,2022-12-04,England - Senegal,Round of 16,30714,Jude Bellingham,768,England,787,Senegal,1,15,Left Center Midfield,1,79.099217,97.378633,0,37,32,0,39,0,0,0,0,1,3,0,13,4,2,2,2,605.923966,229.478317,0
43,106,3869118,2022-12-04,England - Senegal,Round of 16,3318,Marcus Rashford,768,England,787,Senegal,1,17,Right Wing,0,29.89245,97.378633,0,11,7,0,9,1,0,0,0,0,0,0,3,0,0,0,0,182.146436,50.909753,0.1459426
43,106,3869118,2022-12-04,England - Senegal,Round of 16,4706,Kalvin Phillips,768,England,787,Senegal,1,13,Right Center Midfield,0,13.0548,97.378633,0,4,3,0,3,0,0,0,0,0,0,0,4,0,0,0,0,109.930989,2.942788,0
43,106,3869118,2022-12-04,England - Senegal,Round of 16,7843,Mason Mount,768,England,787,Senegal,1,15,Left Center Midfield,0,18.279417,97.378633,0,3,3,0,0,0,0,0,0,0,0,0,5,0,0,2,1,35.253298,0,0
43,106,3869118,2022-12-04,England - Senegal,Round of 16,9638,Jack Grealish,768,England,787,Senegal,1,21,Left Wing,0,29.751933,97.378633,0,9,7,1,12,0,0,0,0,0,0,0,8,2,1,0,1,138.390322,82.040738,0
43,106,3869118,2022-12-04,England - Senegal,Round of 16,10956,Eric Dier,768,England,787,Senegal,1,3,Right Center Back,0,18.028133,97.378633,0,13,11,0,10,0,0,0,0,0,0,0,2,1,0,1,0,335.298251,21.426454,0
43,106,3869118,2022-12-04,England - Senegal,Round of 16,2941,Ismaïla Sarr,787,Senegal,768,England,0,21,Left Wing,1,97.378633,97.378633,0,20,17,0,23,2,0,0,0,0,1,1,22,1,0,0,3,247.370202,212.328486,0.73671867
43,106,3869118,2022-12-04,England - Senegal,Round of 16,3404,Youssouf Sabaly,787,Senegal,768,England,0,2,Right Back,1,97.378633,97.378633,0,41,35,0,28,0,0,0,0,0,1,1,21,1,1,0,5,619.940862,180.269914,0
43,106,3869118,2022-12-04,England - Senegal,Round of 16,4506,Nampalys Mendy,787,Senegal,768,England,0,11,Left Defensive Midfield,1,97.378633,97.378633,0,52,50,0,33,0,0,0,0,0,0,0,10,1,1,1,0,1121.684116,189.586603,0
43,106,3869118,2022-12-04,England - Senegal,Round of 16,5675,Kalidou Koulibaly,787,Senegal,768,England,0,3,Right Center Back,1,97.378633,97.378633,0,51,32,0,35,0,0,0,0,0,1,1,9,5,2,1,1,1243.509398,266.379214,0
43,106,3869118,2022-12-04,England - Senegal,Round of 16,7379,Edouard Mendy,787,Senegal,768,England,0,1,Goalkeeper,1,97.378633,97.378633,0,26,22,1,10,0,0,0,0,0,0,0,0,0,0,0,0,944.276455,41.177074,0
43,106,3869118,2022-12-04,England - Senegal,Round of 16,8553,Abdou Diallo,787,Senegal,768,England,0,5,Left Center Back,1,97.378633,97.378633,0,53,43,0,37,0,0,0,0,0,0,0,7,0,0,2,0,1314.787269,320.842054,0
43,106,3869118,2022-12-04,England - Senegal,Round of 16,20611,Boulaye Dia,787,Senegal,768,England,0,23,Center Forward,1,74.294533,97.378633,0,9,7,0,9,2,1,0,0,0,1,1,9,0,0,0,0,67.29742,69.915989,0.08923741
43,106,3869118,2022-12-04,England - Senegal,Round of 16,20758,Krépin Diatta,787,Senegal,768,England,0,17,Right Wing,1,48.172583,97.378633,0,13,9,0,14,0,0,0,0,0,1,0,11,0,1,3,1,188.652725,96.69202,0
43,106,3869118,2022-12-04,England - Senegal,Round of 16,31751,Pathé Ismaël Ciss,787,Senegal,768,England,0,9,Right Defensive Midfield,1,48.167217,97.378633,0,23,18,0,16,0,0,0,0,0,0,0,7,1,0,1,0,435.422584,82.483423,0
43,106,3869118,2022-12-04,England - Senegal,Round of 16,32915,Ismail Jakobs,787,Senegal,768,England,0,6,Left Back,1,87.06755,97.378633,0,39,25,1,14,0,0,0,0,0,1,1,9,1,1,0,0,980.755547,78.515804,0
43,106,3869118,2022-12-04,England - Senegal,Round of 16,80484,Iliman Ndiaye,787,Senegal,768,England,0,19,Center Attacking Midfield,1,48.198,97.378633,0,9,8,0,10,0,0,0,0,0,0,0,10,0,1,0,1,125.969181,68.575911,0
43,106,3869118,2022-12-04,England - Senegal,Round of 16,3675,Fodé Ballo Touré,787,Senegal,768,England,0,6,Left Back,0,10.311083,97.378633,0,8,6,0,6,0,0,0,0,0,1,1,2,0,1,0,0,156.924116,27.799337,0
43,106,3869118,2022-12-04,England - Senegal,Round of 16,13314,Famara Diedhiou,787,Senegal,768,England,0,23,Center Forward,0,23.0841,97.378633,0,5,4,0,3,0,0,0,0,0,0,0,3,0,0,0,1,95.895834,24.193371,0
43,106,3869118,2022-12-04,England - Senegal,Round of 16,21026,Pape Gueye,787,Senegal,768,England,0,9,Right Defensive Midfield,0,49.211417,97.378633,0,20,17,0,16,1,0,0,0,0,1,0,7,1,0,3,1,459.417697,103.607781,0.02795601
43,106,3869118,2022-12-04,England - Senegal,Round of 16,50498,Pape Matar Sarr,787,Senegal,768,England,0,19,Center Attacking Midfield,0,49.20605,97.378633,0,32,27,0,20,4,0,0,0,0,1,0,3,2,1,0,1,638.197317,120.179148,0.08593206
43,106,3869118,2022-12-04,England - Senegal,Round of 16,88123,Cheikh Ahmadou Bamba Mbacke Dieng,787,Senegal,768,England,0,23,Center Forward,0,49.180633,97.378633,0,7,3,1,8,1,0,0,0,0,1,0,7,1,0,2,2,94.468666,17.673587,0.03296228
43,106,3869152,2022-12-04,France - Poland,Round of 16,3009,Kylian Mbappé Lottin,771,France,789,Poland,1,21,Left Wing,1,101.309067,101.309067,0,41,34,0,57,5,3,2,0,1,8,7,7,0,0,1,1,538.226189,385.079506,0.261743
43,106,3869152,2022-12-04,France - Poland,Round of 16,3026,Adrien Rabiot,771,France,789,Poland,1,11,Left Defensive Midfield,1,101.309067,101.309067,0,61,52,0,49,0,0,0,0,0,0,0,22,2,2,1,0,1002.689338,255.310035,0
43,106,3869152,2022-12-04,France - Poland,Round of 16,3099,Hugo Lloris,771,France,789,Poland,1,1,Goalkeeper,1,101.309067,101.309067,0,29,17,1,11,0,0,0,0,0,0,0,0,0,0,0,0,1303.939757,54.175999,0
43,106,3869152,2022-12-04,France - Poland,Round of 16,3604,Olivier Giroud,771,France,789,Poland,1,23,Center Forward,1,77.84255,101.309067,0,16,12,0,9,3,1,1,0,0,0,0,10,0,0,1,1,197.656628,45.196895,0.45666962
43,106,3869152,2022-12-04,France - Poland,Round of 16,4445,Jules Koundé,771,France,789,Poland,1,2,Right Back,1,93.63835,101.309067,0,68,64,0,46,1,1,0,0,0,1,1,5,2,0,0,1,1253.422835,135.917554,0.01624438
43,106,3869152,2022-12-04,France - Poland,Round of 16,5477,Ousmane Dembélé,771,France,789,Poland,1,17,Right Wing,1,77.715983,101.309067,0,43,35,0,40,2,1,0,0,1,0,0,14,0,0,1,1,706.510888,384.56443,0.11691124
43,106,3869152,2022-12-04,France - Poland,Round of 16,5485,Raphaël Varane,771,France,789,Poland,1,3,Right Center Back,1,101.309067,101.309067,0,42,37,0,30,1,0,0,0,0,1,1,2,0,3,1,0,929.077366,245.642693,0.1462742
43,106,3869152,2022-12-04,France - Poland,Round of 16,5487,Antoine Griezmann,771,France,789,Poland,1,19,Center Attacking Midfield,1,101.309067,101.309067,0,56,40,1,38,1,1,0,0,0,1,0,17,0,3,0,3,1163.448965,292.971121,0.00875243
43,106,3869152,2022-12-04,France - Poland,Round of 16,6704,Theo Bernard François Hernández,771,France,789,Poland,1,6,Left Back,1,101.309067,101.309067,0,72,67,0,51,2,0,0,0,0,1,1,7,1,1,1,0,1099.052594,173.871049,0.10259438
43,106,3869152,2022-12-04,France - Poland,Round of 16,8519,Dayotchanculle Upamecano,771,France,789,Poland,1,5,Left Center Back,1,101.309067,101.309067,0,59,52,0,46,0,0,0,0,0,0,0,8,3,3,3,0,1338.018926,186.107374,0
43,106,3869152,2022-12-04,France - Poland,Round of 16,10481,Aurélien Djani Tchouaméni,771,France,789,Poland,1,9,Right Defensive Midfield,1,67.713717,101.309067,0,72,65,0,65,1,1,0,0,0,1,0,9,0,3,1,1,1432.073454,208.286696,0.01718524
43,106,3869152,2022-12-04,France - Poland,Round of 16,2972,Marcus Thuram,771,France,789,Poland,1,21,Left Wing,0,23.466517,101.309067,0,8,7,0,9,0,0,0,0,1,0,0,0,0,0,0,2,90.960565,89.581388,0
43,106,3869152,2022-12-04,France - Poland,Round of 16,7439,Axel Disasi,771,France,789,Poland,1,2,Right Back,0,7.670717,101.309067,0,3,3,0,3,0,0,0,0,0,0,0,0,0,0,0,0,64.81911,3.761426,0
43,106,3869152,2022-12-04,France - Poland,Round of 16,8217,Kingsley Coman,771,France,789,Poland,1,17,Right Wing,0,23.593083,101.309067,0,10,8,1,8,0,0,0,0,0,0,0,8,0,0,0,0,146.963155,96.813299,0
43,106,3869152,2022-12-04,France - Poland,Round of 16,11990,Youssouf Fofana,771,France,789,Poland,1,9,Right Defensive Midfield,0,33.59535,101.309067,0,13,12,0,11,0,0,0,0,0,0,0,8,1,0,1,0,253.803655,59.152862,0
43,106,3869152,2022-12-04,France - Poland,Round of 16,3034,Kamil Glik,789,Poland,771,France,0,3,Right Center Back,1,101.309067,101.309067,0,40,38,0,32,1,0,0,0,0,0,0,3,1,0,1,1,862.833508,85.122449,0.04123941
43,106,3869152,2022-12-04,France - Poland,Round of 16,3637,Grzegorz Krychowiak,789,Poland,771,France,0,10,Center Defensive Midfield,1,72.509733,101.309067,0,46,38,0,36,0,0,0,0,0,1,1,7,2,2,2,1,743.506866,116.579134,0
43,106,3869152,2022-12-04,France - Poland,Round of 16,4664,Sebastian Szymański,789,Poland,771,France,0,15,Left Center Midfield,1,65.829117,101.309067,0,15,11,0,13,0,0,0,0,0,1,1,20,2,1,0,0,297.513505,62.427238,0
43,106,3869152,2022-12-04,France - Poland,Round of 16,4734,Matty Cash,789,Poland,771,France,0,2,Right Back,1,101.309067,101.309067,0,46,38,0,34,1,0,0,0,0,0,0,11,5,1,1,0,816.16263,183.231764,0.02350598
43,106,3869152,2022-12-04,France - Poland,Round of 16,5660,Piotr Zieliński,789,Poland,771,France,0,13,Right Center Midfield,1,101.309067,101.309067,0,69,60,0,57,2,1,0,0,0,1,1,15,3,0,0,0,1626.763886,488.917127,0.34892804
43,106,3869152,2022-12-04,France - Poland,Round of 16,5668,Robert Lewandowski,789,Poland,771,France,0,23,Center Forward,1,101.309067,101.309067,0,27,24,0,28,5,1,1,0,0,1,0,9,0,1,2,1,425.487642,170.286608,1.02497351
43,106,3869152,2022-12-04,France - Poland,Round of 16,5669,Wojciech Szczęsny,789,Poland,771,France,0,1,Goalkeeper,1,101.309067,101.309067,0,30,18,1,13,0,0,0,0,0,0,0,0,0,0,0,2,1269.686983,56.695351,0
43,106,3869152,2022-12-04,France - Poland,Round of 16,5673,Bartosz Bereszyński,789,Poland,771,France,0,6,Left Back,1,101.309067,101.309067,0,51,43,0,40,0,0,0,0,0,4,3,6,1,1,2,1,784.201293,205.870224,0
43,106,3869152,2022-12-04,France - Poland,Round of 16,7979,Przemysław Frankowski,789,Poland,771,France,0,16,Left Midfield,1,88.28045,101.309067,0,22,16,0,18,1,0,0,0,0,0,0,19,4,1,1,1,351.242794,97.172371,0.04364641
43,106,3869152,2022-12-04,France - Poland,Round of 16,31955,Jakub Kamiński,789,Poland,771,France,0,12,Right Midfield,1,72.33165,101.309067,0,19,12,0,19,2,0,0,0,0,2,2,7,0,0,0,1,274.090423,147.719918,0.11123377
43,106,3869152,2022-12-04,France - Poland,Round of 16,44166,Jakub Piotr Kiwior,789,Poland,771,France,0,5,Left Center Back,1,88.269533,101.309067,0,74,67,0,57,0,0,0,0,0,0,0,3,0,0,0,0,1992.822087,347.974912,0
43,106,3869152,2022-12-04,France - Poland,Round of 16,4626,Jan Bednarek,789,Poland,771,France,0,5,Left Center Back,0,13.039533,101.309067,0,6,6,0,5,0,0,0,0,0,0,0,0,0,0,0,0,126.22628,36.567954,0
43,106,3869152,2022-12-04,France - Poland,Round of 16,5665,Arkadiusz Milik,789,Poland,771,France,0,19,Center Attacking Midfield,0,35.47995,101.309067,0,11,7,0,8,0,0,0,0,0,0,0,5,0,0,0,0,184.518754,15.450208,0
43,106,3869152,2022-12-04,France - Poland,Round of 16,5667,Kamil Grosicki,789,Poland,771,France,0,21,Left Wing,0,13.028617,101.309067,0,6,4,0,6,0,0,0,0,0,1,1,2,0,0,0,0,90.677919,51.93146,0
43,106,3869152,2022-12-04,France - Poland,Round of 16,11737,Krystian Bielik,789,Poland,771,France,0,11,Left Defensive Midfield,0,28.799333,101.309067,0,21,20,0,17,0,0,0,0,0,0,0,4,1,1,0,1,515.26107,118.787037,0
43,106,3869152,2022-12-04,France - Poland,Round of 16,50502,Nicola Zalewski,789,Poland,771,France,0,17,Right Wing,0,28.977417,101.309067,0,5,4,0,7,0,0,0,0,0,0,0,9,1,0,1,1,86.040155,33.606536,0
43,106,3869219,2022-12-05,Japan - Croatia,Round of 16,3300,Maya Yoshida,778,Japan,785,Croatia,1,4,Center Back,1,129.627867,129.627867,1,48,40,1,32,0,0,0,0,0,1,1,6,1,5,2,2,1041.068154,160.563754,0
43,106,3869219,2022-12-05,Japan - Croatia,Round of 16,5690,Yuto Nagatomo,778,Japan,785,Croatia,1,8,Left Wing Back,1,65.932433,129.627867,1,34,23,0,26,0,0,0,0,0,1,1,7,2,1,2,0,747.031476,137.399903,0
43,106,3869219,2022-12-05,Japan - Croatia,Round of 16,8361,Ritsu Doan,778,Japan,785,Croatia,1,17,Right Wing,1,88.81225,129.627867,1,33,23,0,27,1,1,0,0,0,4,2,7,0,2,1,4,627.438543,176.743848,0.05611394
43,106,3869219,2022-12-05,Japan - Croatia,Round of 16,9411,Daichi Kamada,778,Japan,785,Croatia,1,21,Left Wing,1,76.558733,129.627867,1,36,32,0,30,2,0,0,0,0,4,4,10,2,1,0,0,672.013418,230.125206,0.12899764
43,106,3869219,2022-12-05,Japan - Croatia,Round of 16,23527,Junya Ito,778,Japan,785,Croatia,1,7,Right Wing Back,1,129.627867,129.627867,1,49,34,1,33,0,0,0,0,0,1,1,14,0,4,0,3,800.920665,325.570993,0
43,106,3869219,2022-12-05,Japan - Croatia,Round of 16,23721,Wataru Endo,778,Japan,785,Croatia,1,9,Right Defensive Midfield,1,129.627867,129.627867,1,65,57,0,52,3,1,0,0,0,0,0,18,1,2,1,4,1166.288857,211.769174,0.06659622
43,106,3869219,2022-12-05,Japan - Croatia,Round of 16,23730,Takehiro Tomiyasu,778,Japan,785,Croatia,1,3,Right Center Back,1,129.627867,129.627867,1,75,54,0,45,0,0,0,0,0,0,0,6,1,3,1,0,1607.797704,200.220843,0
43,106,3869219,2022-12-05,Japan - Croatia,Round of 16,25719,Shūichi Gonda,778,Japan,785,Croatia,1,1,Goalkeeper,1,129.627867,129.627867,1,36,16,1,12,0,0,0,0,0,0,0,0,0,0,0,0,1986.060785,67.501619,0
43,106,3869219,2022-12-05,Japan - Croatia,Round of 16,30628,Daizen Maeda,778,Japan,785,Croatia,1,23,Center Forward,1,66.144283,129.627867,1,6,3,0,4,1,1,1,0,0,0,0,19,2,0,0,1,107.847927,25.43181,0.45874894
43,106,3869219,2022-12-05,Japan - Croatia,Round of 16,37215,Shogo Taniguchi,778,Japan,785,Croatia,1,5,Left Center Back,1,129.627867,129.627867,1,56,50,0,40,2,0,0,0,0,0,0,1,0,1,0,0,1091.889983,155.73018,0.17448755
43,106,3869219,2022-12-05,Japan - Croatia,Round of 16,37221,Hidemasa Morita,778,Japan,785,Croatia,1,11,Left Defensive Midfield,1,113.625683,129.627867,1,57,43,2,42,2,0,0,0,0,0,0,17,0,0,2,1,1112.331034,216.788636,0.09322175
43,106,3869219,2022-12-05,Japan - Croatia,Round of 16,3530,Hiroki Sakai,778,Japan,785,Croatia,1,7,Right Wing Back,0,53.069133,129.627867,1,22,14,1,6,0,0,0,0,0,0,0,3,1,0,2,0,506.16347,41.470084,0
43,106,3869219,2022-12-05,Japan - Croatia,Round of 16,8776,Takumi Minamino,778,Japan,785,Croatia,1,21,Left Wing,0,40.815617,129.627867,1,14,10,1,10,1,0,0,0,0,0,0,3,0,0,0,0,306.9862,110.239611,0.03667642
43,106,3869219,2022-12-05,Japan - Croatia,Round of 16,8949,Takuma Asano,778,Japan,785,Croatia,1,23,Center Forward,0,63.483583,129.627867,1,11,8,0,12,0,0,0,0,0,1,0,8,0,1,1,0,171.694019,94.976038,0
43,106,3869219,2022-12-05,Japan - Croatia,Round of 16,37208,Ao Tanaka,778,Japan,785,Croatia,1,11,Left Defensive Midfield,0,16.002183,129.627867,1,9,7,0,6,0,0,0,0,0,0,0,3,0,1,1,0,178.202263,15.172731,0
43,106,3869219,2022-12-05,Japan - Croatia,Round of 16,37211,Kaoru Mitoma,778,Japan,785,Croatia,1,8,Left Wing Back,0,63.695433,129.627867,1,31,22,0,24,1,1,0,0,0,2,0,11,1,0,0,0,541.023448,347.936728,0.05413431
43,106,3869219,2022-12-05,Japan - Croatia,Round of 16,3471,Dejan Lovren,785,Croatia,778,Japan,0,3,Right Center Back,1,129.627867,129.627867,1,103,93,0,78,0,0,0,0,1,0,0,5,1,1,1,1,2351.644481,359.645857,0
43,106,3869219,2022-12-05,Japan - Croatia,Round of 16,5456,Mateo Kovačić,785,Croatia,778,Japan,0,15,Left Center Midfield,1,105.0836,129.627867,1,59,53,0,41,1,0,0,0,0,1,0,25,3,1,1,0,885.693547,226.359165,0.02993381
43,106,3869219,2022-12-05,Japan - Croatia,Round of 16,5460,Andrej Kramarić,785,Croatia,778,Japan,0,17,Right Wing,1,70.483633,129.627867,1,19,17,0,21,2,0,0,0,0,0,0,2,1,0,0,1,348.825225,124.494702,0.19622509
43,106,3869219,2022-12-05,Japan - Croatia,Round of 16,5463,Luka Modrić,785,Croatia,778,Japan,0,13,Right Center Midfield,1,105.014583,129.627867,1,77,64,0,60,1,1,0,0,0,1,0,19,1,1,2,1,1508.209759,423.738937,0.03105531
43,106,3869219,2022-12-05,Japan - Croatia,Round of 16,5469,Marcelo Brozović,785,Croatia,778,Japan,0,10,Center Defensive Midfield,1,129.627867,129.627867,1,131,116,0,100,0,0,0,0,0,0,0,13,0,1,1,0,2539.576652,619.292908,0
43,106,3869219,2022-12-05,Japan - Croatia,Round of 16,5474,Ivan Perišić,785,Croatia,778,Japan,0,21,Left Wing,1,113.625683,129.627867,1,36,22,1,23,5,2,1,0,0,1,1,16,1,1,2,0,654.788699,114.622853,0.20913145
43,106,3869219,2022-12-05,Japan - Croatia,Round of 16,7693,Bruno Petković,785,Croatia,778,Japan,0,23,Center Forward,1,63.978817,129.627867,1,17,8,0,13,0,0,0,0,0,0,0,9,2,0,0,2,242.712261,91.961132,0
43,106,3869219,2022-12-05,Japan - Croatia,Round of 16,11127,Borna Barišić,785,Croatia,778,Japan,0,6,Left Back,1,129.627867,129.627867,1,67,50,0,39,1,0,0,0,0,0,0,19,2,1,5,2,1366.935612,137.939386,0.01519672
43,106,3869219,2022-12-05,Japan - Croatia,Round of 16,16531,Dominik Livaković,785,Croatia,778,Japan,0,1,Goalkeeper,1,129.627867,129.627867,1,42,31,1,20,0,0,0,0,0,0,0,0,0,0,0,0,1404.268477,101.54155,0
43,106,3869219,2022-12-05,Japan - Croatia,Round of 16,29163,Josip Juranović,785,Croatia,778,Japan,0,2,Right Back,1,129.627867,129.627867,1,98,82,1,67,0,0,0,0,0,0,0,6,0,0,0,2,1928.088374,288.469646,0
43,106,3869219,2022-12-05,Japan - Croatia,Round of 16,33018,Joško Gvardiol,785,Croatia,778,Japan,0,5,Left Center Back,1,129.627867,129.627867,1,88,76,1,64,1,0,0,0,0,0,0,10,2,1,1,1,1989.092577,475.478364,0.06174692
43,106,3869219,2022-12-05,Japan - Croatia,Round of 16,3441,Nikola Vlašić,785,Croatia,778,Japan,0,15,Left Center Midfield,0,24.544267,129.627867,1,9,8,0,9,0,0,0,0,0,0,0,3,0,0,0,0,135.090171,34.21931,0
43,106,3869219,2022-12-05,Japan - Croatia,Round of 16,8654,Ante Budimir,785,Croatia,778,Japan,0,23,Center Forward,0,49.649433,129.627867,1,6,4,0,5,1,0,0,0,0,0,0,9,1,0,3,1,69.8511,9.415296,0.10111922
43,106,3869219,2022-12-05,Japan - Croatia,Round of 16,11603,Mario Pašalić,785,Croatia,778,Japan,0,17,Right Wing,0,59.144233,129.627867,1,17,10,1,12,2,0,0,0,0,0,0,9,1,2,0,1,240.29683,65.662588,0.08806521
43,106,3869219,2022-12-05,Japan - Croatia,Round of 16,16527,Mislav Oršić,785,Croatia,778,Japan,0,21,Left Wing,0,16.002183,129.627867,1,5,3,0,3,1,0,0,0,0,1,1,0,0,0,0,0,94.058043,16.852729,0.00967603
43,106,3869219,2022-12-05,Japan - Croatia,Round of 16,22041,Marko Livaja,785,Croatia,778,Japan,0,23,Center Forward,0,15.999617,129.627867,1,4,3,0,3,1,1,0,0,0,0,0,1,0,0,0,0,72.667744,3.920625,0.04723653
43,106,3869219,2022-12-05,Japan - Croatia,Round of 16,28914,Lovro Majer,785,Croatia,778,Japan,0,13,Right Center Midfield,0,24.613283,129.627867,1,18,17,0,17,1,0,0,0,0,1,1,4,0,1,0,1,272.517391,127.116136,0.06501122
43,106,3869253,2022-12-05,Brazil - South Korea,Round of 16,3063,Danilo Luiz da Silva,781,Brazil,791,South Korea,1,6,Left Back,1,76.7058,98.953233,0,74,67,1,59,0,0,0,0,0,0,0,5,2,0,1,0,1319.211112,140.882743,0
43,106,3869253,2022-12-05,Brazil - South Korea,Round of 16,3280,Richarlison de Andrade,781,Brazil,791,South Korea,1,23,Center Forward,1,98.953233,98.953233,0,21,17,0,25,2,2,1,0,0,5,2,19,1,1,3,2,287.973665,247.122948,0.8060856
43,106,3869253,2022-12-05,Brazil - South Korea,Round of 16,3295,Thiago Emiliano da Silva,781,Brazil,791,South Korea,1,5,Left Center Back,1,98.953233,98.953233,0,86,82,0,66,0,0,0,0,1,0,0,2,2,2,0,1,1851.986946,259.268027,0
43,106,3869253,2022-12-05,Brazil - South Korea,Round of 16,4320,Neymar da Silva Santos Junior,781,Brazil,791,South Korea,1,19,Center Attacking Midfield,1,85.25695,98.953233,0,46,37,0,44,3,1,1,0,0,5,2,3,0,0,0,3,700.736973,281.71307,1.13603331
43,106,3869253,2022-12-05,Brazil - South Korea,Round of 16,4372,Marcos Aoás Corrêa,781,Brazil,791,South Korea,1,3,Right Center Back,1,98.953233,98.953233,0,72,66,0,57,0,0,0,0,0,0,0,3,1,1,0,0,1514.859743,304.413384,0
43,106,3869253,2022-12-05,Brazil - South Korea,Round of 16,5539,Carlos Henrique Casimiro,781,Brazil,791,South Korea,1,11,Left Defensive Midfield,1,98.953233,98.953233,0,76,65,0,44,1,0,0,0,0,1,1,16,4,0,2,2,1560.51518,127.856395,0.0294294
43,106,3869253,2022-12-05,Brazil - South Korea,Round of 16,5547,Alisson Ramsés Becker,781,Brazil,791,South Korea,1,1,Goalkeeper,1,84.869683,98.953233,0,22,20,0,12,0,0,0,0,0,0,0,0,0,0,0,0,395.597779,25.363583,0
43,106,3869253,2022-12-05,Brazil - South Korea,Round of 16,10595,Raphael Dias Belloli,781,Brazil,791,South Korea,1,17,Right Wing,1,98.953233,98.953233,0,47,36,0,49,5,3,0,0,0,5,3,15,3,2,1,1,762.646341,328.306128,0.35929444
43,106,3869253,2022-12-05,Brazil - South Korea,Round of 16,13620,Éder Gabriel Militão,781,Brazil,791,South Korea,1,2,Right Back,1,67.535483,98.953233,0,48,47,0,34,0,0,0,0,0,0,0,12,4,0,0,0,986.367041,128.267215,0
43,106,3869253,2022-12-05,Brazil - South Korea,Round of 16,18395,Vinícius José Paixão de Oliveira Júnior,781,Brazil,791,South Korea,1,21,Left Wing,1,76.752467,98.953233,0,29,23,0,38,2,1,1,0,1,3,2,9,0,1,0,0,406.239181,363.744194,0.18697343
43,106,3869253,2022-12-05,Brazil - South Korea,Round of 16,22600,Lucas Tolentino Coelho de Lima,781,Brazil,791,South Korea,1,9,Right Defensive Midfield,1,98.953233,98.953233,0,58,53,1,36,2,2,1,0,0,0,0,12,2,1,0,1,950.945377,133.55389,0.34406107
43,106,3869253,2022-12-05,Brazil - South Korea,Round of 16,4324,Daniel Alves da Silva,781,Brazil,791,South Korea,1,2,Right Back,0,31.41775,98.953233,0,19,17,0,15,2,0,0,0,0,0,0,0,0,0,0,0,359.942637,53.968823,0.05515661
43,106,3869253,2022-12-05,Brazil - South Korea,Round of 16,11493,Gleison Bremer Silva Nascimento,781,Brazil,791,South Korea,1,6,Left Back,0,22.247433,98.953233,0,19,17,0,13,1,1,0,0,0,0,0,1,0,0,1,0,335.702437,55.30474,0.34439024
43,106,3869253,2022-12-05,Brazil - South Korea,Round of 16,25101,Weverton Pereira da Silva,781,Brazil,791,South Korea,1,1,Goalkeeper,0,14.08355,98.953233,0,5,4,0,0,0,0,0,0,0,0,0,0,0,0,0,0,318.798548,0,0
43,106,3869253,2022-12-05,Brazil - South Korea,Round of 16,25104,Rodrygo Silva de Goes,781,Brazil,791,South Korea,1,19,Center Attacking Midfield,0,13.696283,98.953233,0,7,5,0,7,0,0,0,0,0,0,0,4,0,0,0,0,65.130916,20.4801,0
43,106,3869253,2022-12-05,Brazil - South Korea,Round of 16,29976,Gabriel Teodoro Martinelli Silva,781,Brazil,791,South Korea,1,21,Left Wing,0,22.200767,98.953233,0,12,10,0,11,0,0,0,0,0,2,1,2,1,0,0,1,203.728068,73.721317,0
43,106,3869253,2022-12-05,Brazil - South Korea,Round of 16,3083,Heung-Min Son,791,South Korea,781,Brazil,0,24,Left Center Forward,1,98.953233,98.953233,0,34,22,0,26,1,1,0,0,0,2,1,15,0,1,1,2,649.870644,130.207726,0.1490943
43,106,3869253,2022-12-05,Brazil - South Korea,Round of 16,5604,Young-Gwon Kim,791,South Korea,781,Brazil,0,5,Left Center Back,1,98.953233,98.953233,0,62,55,1,51,0,0,0,0,0,0,0,8,2,3,0,2,1428.536075,292.490134,0
43,106,3869253,2022-12-05,Brazil - South Korea,Round of 16,5618,Woo-Young Jung,791,South Korea,781,Brazil,0,9,Right Defensive Midfield,1,49.9706,98.953233,0,36,32,0,25,0,0,0,0,0,0,0,9,0,2,2,0,886.47005,170.397138,0
43,106,3869253,2022-12-05,Brazil - South Korea,Round of 16,5620,Hee-Chan Hwang,791,South Korea,781,Brazil,0,16,Left Midfield,1,98.953233,98.953233,0,53,43,0,56,5,4,0,0,0,7,2,25,2,1,3,1,707.663785,396.467746,0.14598531
43,106,3869253,2022-12-05,Brazil - South Korea,Round of 16,5623,Jae-Sung Lee,791,South Korea,781,Brazil,0,12,Right Midfield,1,78.437767,98.953233,0,46,40,0,33,0,0,0,0,0,0,0,21,3,1,0,0,790.12843,359.913008,0
43,106,3869253,2022-12-05,Brazil - South Korea,Round of 16,23763,In-Beom Hwang,791,South Korea,781,Brazil,0,11,Left Defensive Midfield,1,69.406283,98.953233,0,49,40,0,43,1,0,0,0,0,1,1,17,1,0,1,0,951.513188,200.463566,0.02666657
43,106,3869253,2022-12-05,Brazil - South Korea,Round of 16,37641,Seung-Gyu Kim,791,South Korea,781,Brazil,0,1,Goalkeeper,1,98.953233,98.953233,0,28,22,0,12,0,0,0,0,0,0,0,0,0,0,0,0,756.864817,50.010294,0
43,106,3869253,2022-12-05,Brazil - South Korea,Round of 16,40538,Jin-Su Kim,791,South Korea,781,Brazil,0,6,Left Back,1,49.9706,98.953233,0,26,21,0,11,0,0,0,0,0,0,0,5,2,3,0,1,495.600061,44.093552,0
43,106,3869253,2022-12-05,Brazil - South Korea,Round of 16,40542,Gue-Sung Cho,791,South Korea,781,Brazil,0,22,Right Center Forward,1,84.4952,98.953233,0,12,10,0,12,0,0,0,0,0,1,0,18,0,1,2,2,174.188901,56.827266,0
43,106,3869253,2022-12-05,Brazil - South Korea,Round of 16,40672,Moon-Hwan Kim,791,South Korea,781,Brazil,0,2,Right Back,1,98.953233,98.953233,0,52,47,1,42,0,0,0,0,0,2,2,15,4,3,0,0,909.181668,206.028557,0
43,106,3869253,2022-12-05,Brazil - South Korea,Round of 16,43565,Min Jae Kim,791,South Korea,781,Brazil,0,3,Right Center Back,1,98.953233,98.953233,0,65,62,0,53,0,0,0,0,0,0,0,7,0,3,0,0,1356.645043,273.624695,0
43,106,3869253,2022-12-05,Brazil - South Korea,Round of 16,5986,Chul Hong,791,South Korea,781,Brazil,0,6,Left Back,0,48.982633,98.953233,0,20,17,0,18,0,0,0,0,0,0,0,7,0,1,0,0,465.053535,75.9304,0
43,106,3869253,2022-12-05,Brazil - South Korea,Round of 16,22740,Kang-In Lee,791,South Korea,781,Brazil,0,15,Left Center Midfield,0,20.515467,98.953233,0,8,7,0,7,0,0,0,0,0,0,0,8,1,0,0,0,131.747208,79.058491,0
43,106,3869253,2022-12-05,Brazil - South Korea,Round of 16,23264,Seung-Ho Paik,791,South Korea,781,Brazil,0,13,Right Center Midfield,0,29.54695,98.953233,0,24,19,0,16,1,1,1,0,0,0,0,7,2,1,1,0,333.785411,58.174621,0.0230811
43,106,3869253,2022-12-05,Brazil - South Korea,Round of 16,29966,Ui-Jo Hwang,791,South Korea,781,Brazil,0,23,Center Forward,0,14.458033,98.953233,0,0,0,0,0,0,0,0,0,0,0,0,2,0,0,0,0,0,0,0
43,106,3869253,2022-12-05,Brazil - South Korea,Round of 16,40558,Jun-Ho Son,791,South Korea,781,Brazil,0,10,Center Defensive Midfield,0,48.982633,98.953233,0,40,39,0,26,0,0,0,0,0,0,0,11,3,2,2,0,935.707013,95.274564,0
43,106,3869220,2022-12-06,Morocco - Spain,Round of 16,4353,Aymeric Laporte,772,Spain,788,Morocco,0,5,Left Center Back,1,130.956533,130.956533,1,180,172,0,148,1,0,0,0,0,0,0,4,0,2,1,0,3383.338218,984.573269,0.04145577
43,106,3869220,2022-12-06,Morocco - Spain,Round of 16,5203,Sergio Busquets i Burgos,772,Spain,788,Morocco,0,10,Center Defensive Midfield,1,130.956533,130.956533,1,76,67,0,40,1,0,0,0,0,1,1,8,2,0,0,0,1460.789806,219.060343,0.0709334
43,106,3869220,2022-12-06,Morocco - Spain,Round of 16,5211,Jordi Alba Ramos,772,Spain,788,Morocco,0,6,Left Back,1,103.708117,130.956533,1,114,99,0,91,0,0,0,0,0,2,2,12,1,2,2,1,2288.310848,303.159951,0
43,106,3869220,2022-12-06,Morocco - Spain,Round of 16,5719,Marco Asensio Willemsen,772,Spain,788,Morocco,0,23,Center Forward,1,63.58365,130.956533,1,14,11,0,13,1,0,0,0,0,0,0,14,0,0,0,1,191.81831,65.42686,0.02556477
43,106,3869220,2022-12-06,Morocco - Spain,Round of 16,6748,Ferrán Torres García,772,Spain,788,Morocco,0,17,Right Wing,1,76.086783,130.956533,1,24,19,0,34,0,0,0,0,0,4,2,14,1,0,0,1,463.483001,138.261319,0
43,106,3869220,2022-12-06,Morocco - Spain,Round of 16,6765,Rodrigo Hernández Cascante,772,Spain,788,Morocco,0,3,Right Center Back,1,130.956533,130.956533,1,220,204,0,177,1,0,0,0,0,0,0,5,2,2,2,1,4695.760502,1120.722067,0.00564765
43,106,3869220,2022-12-06,Morocco - Spain,Round of 16,6840,Marcos Llorente Moreno,772,Spain,788,Morocco,0,2,Right Back,1,130.956533,130.956533,1,104,94,0,79,1,0,0,0,0,0,0,16,1,1,1,1,2089.700407,270.753401,0.02455191
43,106,3869220,2022-12-06,Morocco - Spain,Round of 16,11748,Unai Simón Mendibil,772,Spain,788,Morocco,0,1,Goalkeeper,1,130.956533,130.956533,1,34,31,0,13,0,0,0,0,0,0,0,0,0,0,0,0,858.83341,45.870824,0
43,106,3869220,2022-12-06,Morocco - Spain,Round of 16,16532,Daniel Olmo Carvajal,772,Spain,788,Morocco,0,21,Left Wing,1,103.5522,130.956533,1,37,32,0,37,2,1,0,0,0,2,1,13,3,0,2,2,643.231617,167.111553,0.03911825
43,106,3869220,2022-12-06,Morocco - Spain,Round of 16,30486,Pedro González López,772,Spain,788,Morocco,0,15,Left Center Midfield,1,130.956533,130.956533,1,147,135,1,129,0,0,0,0,0,5,3,22,1,2,1,2,2965.005685,632.726778,0
43,106,3869220,2022-12-06,Morocco - Spain,Round of 16,133353,Pablo Martín Páez Gavira,772,Spain,788,Morocco,0,13,Right Center Midfield,1,63.567317,130.956533,1,23,18,0,20,0,0,0,0,0,0,0,14,1,0,4,5,431.915859,99.064914,0
43,106,3869220,2022-12-06,Morocco - Spain,Round of 16,3477,Álvaro Borja Morata Martín,772,Spain,788,Morocco,0,23,Center Forward,0,67.372883,130.956533,1,8,5,0,9,2,0,0,0,0,0,0,10,0,0,1,1,192.539047,110.504716,0.06643174
43,106,3869220,2022-12-06,Morocco - Spain,Round of 16,6583,Carlos Soler Barragán,772,Spain,788,Morocco,0,15,Left Center Midfield,0,67.389217,130.956533,1,40,35,0,29,1,0,0,0,0,1,1,8,0,0,0,0,768.433967,151.959074,0.0395052
43,106,3869220,2022-12-06,Morocco - Spain,Round of 16,6720,Pablo Sarabia García,772,Spain,788,Morocco,0,17,Right Wing,0,5.15765,130.956533,1,5,2,0,2,1,0,0,0,0,0,0,0,0,0,0,0,119.841409,6.308568,0.10407615
43,106,3869220,2022-12-06,Morocco - Spain,Round of 16,30756,Anssumane Fati,772,Spain,788,Morocco,0,21,Left Wing,0,27.404333,130.956533,1,8,7,0,9,0,0,0,0,0,1,0,2,1,0,0,1,96.362323,25.645806,0
43,106,3869220,2022-12-06,Morocco - Spain,Round of 16,39161,Alejandro Balde Martínez,772,Spain,788,Morocco,0,6,Left Back,0,27.248417,130.956533,1,15,14,0,12,1,0,0,0,0,0,0,6,1,0,0,0,239.1224,53.308866,0.07770602
43,106,3869220,2022-12-06,Morocco - Spain,Round of 16,68574,Nicholas Williams Arthuer,772,Spain,788,Morocco,0,17,Right Wing,0,49.7121,130.956533,1,19,15,0,25,0,0,0,0,0,5,2,4,0,0,0,2,332.856622,196.367708,0
43,106,3869220,2022-12-06,Morocco - Spain,Round of 16,3625,Sofiane Boufal,788,Morocco,772,Spain,1,21,Left Wing,1,66.88305,130.956533,1,16,8,0,26,0,0,0,0,0,8,6,13,2,0,1,3,463.525457,203.546971,0
43,106,3869220,2022-12-06,Morocco - Spain,Round of 16,5219,Romain Saïss,788,Morocco,772,Spain,1,5,Left Center Back,1,130.956533,130.956533,1,32,23,0,12,0,0,0,0,0,1,0,13,2,2,3,0,907.92474,95.476436,0
43,106,3869220,2022-12-06,Morocco - Spain,Round of 16,5234,Sofyan Amrabat,788,Morocco,772,Spain,1,10,Center Defensive Midfield,1,130.956533,130.956533,1,36,28,0,28,0,0,0,0,0,0,0,27,4,1,0,3,702.863963,188.862639,0
43,106,3869220,2022-12-06,Morocco - Spain,Round of 16,5237,Hakim Ziyech,788,Morocco,772,Spain,1,17,Right Wing,1,130.956533,130.956533,1,37,26,0,32,0,0,0,0,0,1,1,18,1,4,4,1,863.644257,180.152452,0
43,106,3869220,2022-12-06,Morocco - Spain,Round of 16,5245,Achraf Hakimi Mouh,788,Morocco,772,Spain,1,2,Right Back,1,130.956533,130.956533,1,54,38,2,31,1,0,0,0,0,1,0,14,4,2,3,2,1000.202499,196.0262,0.04195854
43,106,3869220,2022-12-06,Morocco - Spain,Round of 16,6301,Youssef En-Nesyri,788,Morocco,772,Spain,1,23,Center Forward,1,82.625317,130.956533,1,13,8,1,7,0,0,0,0,0,2,2,11,0,0,0,1,160.932233,30.965363,0
43,106,3869220,2022-12-06,Morocco - Spain,Round of 16,6785,Yassine Bounou,788,Morocco,772,Spain,1,1,Goalkeeper,1,130.956533,130.956533,1,39,19,0,14,0,0,0,0,0,0,0,0,0,0,0,0,2139.323155,102.33302,0
43,106,3869220,2022-12-06,Morocco - Spain,Round of 16,12149,Nayef Aguerd,788,Morocco,772,Spain,1,3,Right Center Back,1,85.012683,130.956533,1,24,19,0,12,1,0,0,0,0,0,0,4,2,0,1,0,719.268525,47.113112,0.25141555
43,106,3869220,2022-12-06,Morocco - Spain,Round of 16,15890,Noussair Mazraoui,788,Morocco,772,Spain,1,6,Left Back,1,83.853267,130.956533,1,26,20,1,16,1,1,0,0,0,0,0,9,4,1,1,0,530.504203,102.227764,0.02341633
43,106,3869220,2022-12-06,Morocco - Spain,Round of 16,23774,Selim Amallah,788,Morocco,772,Spain,1,15,Left Center Midfield,1,82.599,130.956533,1,9,8,0,9,0,0,0,0,0,2,0,11,0,2,1,1,106.957119,45.596744,0
43,106,3869220,2022-12-06,Morocco - Spain,Round of 16,46258,Azzedine Ounahi,788,Morocco,772,Spain,1,13,Right Center Midfield,1,127.404783,130.956533,1,44,34,1,33,0,0,0,0,0,1,1,17,4,4,2,2,538.185985,187.223866,0
43,106,3869220,2022-12-06,Morocco - Spain,Round of 16,3634,Abdelhamid Sabiri,788,Morocco,772,Spain,1,15,Left Center Midfield,0,48.331217,130.956533,1,7,4,0,4,1,0,0,0,0,0,0,4,1,0,0,0,132.273582,7.645475,0.00419544
43,106,3869220,2022-12-06,Morocco - Spain,Round of 16,7459,Jawad El Yamiq,788,Morocco,772,Spain,1,3,Right Center Back,0,45.94385,130.956533,1,3,1,0,3,0,0,0,0,0,0,0,1,0,0,0,1,96.443167,15.32565,0
43,106,3869220,2022-12-06,Morocco - Spain,Round of 16,31295,Yahia Attiyat allah,788,Morocco,772,Spain,1,6,Left Back,0,47.103267,130.956533,1,11,4,0,2,0,0,0,0,0,0,0,9,1,0,1,0,329.16472,9.903089,0
43,106,3869220,2022-12-06,Morocco - Spain,Round of 16,67700,Badr Banoun,788,Morocco,772,Spain,1,5,Left Center Back,0,3.55175,130.956533,1,0,0,0,0,0,0,0,0,0,0,0,0,0,0,0,0,0,0,0
43,106,3869220,2022-12-06,Morocco - Spain,Round of 16,149714,Abdessamad Ezzalzouli,788,Morocco,772,Spain,1,21,Left Wing,0,64.073483,130.956533,1,10,7,0,10,0,0,0,0,0,0,0,22,2,2,1,0,169.678334,32.151844,0
43,106,3869220,2022-12-06,Morocco - Spain,Round of 16,296254,Walid Cheddira,788,Morocco,772,Spain,1,23,Center Forward,0,48.357533,130.956533,1,4,3,0,3,2,1,0,0,0,0,0,4,0,0,1,0,25.487213,42.00705,0.24938874
43,106,3869254,2022-12-06,Portugal - Switzerland,Round of 16,3500,Granit Xhaka,773,Switzerland,780,Portugal,0,10,Center Defensive Midfield,1,98.1218,98.1218,0,73,62,2,56,1,0,0,0,0,1,1,13,2,1,0,1,1483.327242,241.325999,0.0836758
43,106,3869254,2022-12-06,Portugal - Switzerland,Round of 16,3533,Xherdan Shaqiri,773,Switzerland,780,Portugal,0,24,Left Center Forward,1,98.1218,98.1218,0,39,28,0,41,2,1,0,0,0,2,0,7,0,0,1,4,711.303738,169.2434,0.0317607
43,106,3869254,2022-12-06,Portugal - Switzerland,Round of 16,3913,Edimilson Fernandes,773,Switzerland,780,Portugal,0,7,Right Wing Back,1,98.1218,98.1218,0,53,42,0,38,0,0,0,0,0,1,1,7,0,0,0,0,943.461164,164.803554,0
43,106,3869254,2022-12-06,Portugal - Switzerland,Round of 16,5537,Fabian Lukas Schär,773,Switzerland,780,Portugal,0,4,Center Back,1,48.978517,98.1218,0,36,29,0,28,1,0,0,0,0,0,0,2,1,1,1,0,872.244751,130.830057,0.02441384
43,106,3869254,2022-12-06,Portugal - Switzerland,Round of 16,5544,Ricardo Iván Rodríguez Araya,773,Switzerland,780,Portugal,0,5,Left Center Back,1,98.1218,98.1218,0,64,51,0,49,0,0,0,0,0,0,0,9,1,1,0,0,1318.728143,203.318835,0
43,106,3869254,2022-12-06,Portugal - Switzerland,Round of 16,5545,Breel-Donald Embolo,773,Switzerland,780,Portugal,0,22,Right Center Forward,1,92.591383,98.1218,0,19,14,0,20,2,0,0,0,0,1,1,12,1,0,1,4,373.649914,132.627521,0.09426643
43,106,3869254,2022-12-06,Portugal - Switzerland,Round of 16,5549,Manuel Obafemi Akanji,773,Switzerland,780,Portugal,0,3,Right Center Back,1,98.1218,98.1218,0,63,58,0,50,1,1,1,0,0,1,1,7,0,1,2,0,1440.33635,308.186246,0.6688656
43,106,3869254,2022-12-06,Portugal - Switzerland,Round of 16,5550,Yann Sommer,773,Switzerland,780,Portugal,0,1,Goalkeeper,1,98.1218,98.1218,0,34,31,0,27,0,0,0,0,0,0,0,1,0,0,0,0,936.132335,80.781137,0
43,106,3869254,2022-12-06,Portugal - Switzerland,Round of 16,6983,Remo Freuler,773,Switzerland,780,Portugal,0,15,Left Center Midfield,1,57.57875,98.1218,0,23,18,0,19,1,1,0,0,0,0,0,7,1,0,3,0,372.358643,91.837877,0.2948616
43,106,3869254,2022-12-06,Portugal - Switzerland,Round of 16,16026,Djibril Sow,773,Switzerland,780,Portugal,0,13,Right Center Midfield,1,57.885733,98.1218,0,16,15,0,13,0,0,0,0,0,0,0,11,1,0,1,2,282.44963,92.798837,0
43,106,3869254,2022-12-06,Portugal - Switzerland,Round of 16,30401,Ruben Vargas,773,Switzerland,780,Portugal,0,8,Left Wing Back,1,69.7112,98.1218,0,35,27,0,31,0,0,0,0,0,0,0,3,0,1,0,1,462.470028,257.732553,0
43,106,3869254,2022-12-06,Portugal - Switzerland,Round of 16,5538,Denis Lemi Zakaria Lako Lado,773,Switzerland,780,Portugal,0,15,Left Center Midfield,0,40.54305,98.1218,0,13,11,0,13,1,0,0,0,0,1,1,5,0,0,1,1,233.711495,50.820674,0.04188712
43,106,3869254,2022-12-06,Portugal - Switzerland,Round of 16,5543,Haris Seferović,773,Switzerland,780,Portugal,0,13,Right Center Midfield,0,40.236067,98.1218,0,6,4,0,5,0,0,0,0,0,0,0,3,0,0,0,0,112.780494,51.091323,0
43,106,3869254,2022-12-06,Portugal - Switzerland,Round of 16,29006,Noah Okafor,773,Switzerland,780,Portugal,0,16,Left Midfield,0,28.4106,98.1218,0,10,8,0,11,1,0,0,0,0,0,0,11,0,0,1,0,219.748108,98.795251,0.03209608
43,106,3869254,2022-12-06,Portugal - Switzerland,Round of 16,29012,Eray Ervin Cömert,773,Switzerland,780,Portugal,0,4,Center Back,0,49.143283,98.1218,0,38,35,0,34,0,0,0,0,0,0,0,7,0,4,4,1,796.188627,284.486496,0
43,106,3869254,2022-12-06,Portugal - Switzerland,Round of 16,41655,Ardon Jashari,773,Switzerland,780,Portugal,0,24,Left Center Forward,0,5.530417,98.1218,0,6,5,0,4,0,0,0,0,0,1,0,1,0,0,0,0,97.259523,12.452346,0
43,106,3869254,2022-12-06,Portugal - Switzerland,Round of 16,3193,Bernardo Mota Veiga de Carvalho e Silva,780,Portugal,773,Switzerland,1,13,Right Center Midfield,1,84.639217,98.1218,0,46,40,0,37,0,0,0,0,0,0,0,18,0,1,0,1,693.80666,320.624946,0
43,106,3869254,2022-12-06,Portugal - Switzerland,Round of 16,5204,Bruno Miguel Borges Fernandes,780,Portugal,773,Switzerland,1,17,Right Wing,1,90.6468,98.1218,0,41,32,0,29,0,0,0,0,1,0,0,27,2,0,1,2,849.904349,123.548407,0
43,106,3869254,2022-12-06,Portugal - Switzerland,Round of 16,5206,Rúben Santos Gato Alves Dias,780,Portugal,773,Switzerland,1,5,Left Center Back,1,98.1218,98.1218,0,45,38,0,35,1,0,0,0,0,0,0,7,1,2,2,1,1042.392486,193.560243,0.03750256
43,106,3869254,2022-12-06,Portugal - Switzerland,Round of 16,5209,Raphaël Adelino José Guerreiro,780,Portugal,773,Switzerland,1,6,Left Back,1,98.1218,98.1218,0,49,46,0,24,2,1,1,0,1,0,0,14,1,1,2,1,731.456596,131.787021,0.38031327
43,106,3869254,2022-12-06,Portugal - Switzerland,Round of 16,5214,William Silva de Carvalho,780,Portugal,773,Switzerland,1,10,Center Defensive Midfield,1,98.1218,98.1218,0,59,54,0,51,0,0,0,0,0,0,0,22,1,1,3,0,1064.535216,172.129863,0
43,106,3869254,2022-12-06,Portugal - Switzerland,Round of 16,11184,Otávio Edmilson da Silva Monteiro,780,Portugal,773,Switzerland,1,15,Left Center Midfield,1,77.061433,98.1218,0,37,32,0,30,1,1,0,0,0,2,0,16,1,0,3,5,612.041658,162.684366,0.03251508
43,106,3869254,2022-12-06,Portugal - Switzerland,Round of 16,12041,João Félix Sequeira,780,Portugal,773,Switzerland,1,21,Left Wing,1,76.802117,98.1218,0,33,28,0,31,1,0,0,0,2,3,2,7,1,1,0,1,550.154918,282.558115,0.04393267
43,106,3869254,2022-12-06,Portugal - Switzerland,Round of 16,16028,José Diogo Dalot Teixeira,780,Portugal,773,Switzerland,1,2,Right Back,1,98.1218,98.1218,0,36,30,1,19,0,0,0,0,0,1,1,16,4,2,0,0,701.650342,94.495065,0
43,106,3869254,2022-12-06,Portugal - Switzerland,Round of 16,20016,Kléper Laveran Lima Ferreira,780,Portugal,773,Switzerland,1,3,Right Center Back,1,98.1218,98.1218,0,53,40,0,45,2,1,1,0,0,0,0,6,0,1,2,2,1389.450254,247.763787,0.1857982
43,106,3869254,2022-12-06,Portugal - Switzerland,Round of 16,32975,Diogo Meireles Costa,780,Portugal,773,Switzerland,1,1,Goalkeeper,1,98.1218,98.1218,0,33,19,0,19,0,0,0,0,0,0,0,0,0,0,0,0,1540.659428,49.483402,0
43,106,3869254,2022-12-06,Portugal - Switzerland,Round of 16,38803,Gonçalo Matias Ramos,780,Portugal,773,Switzerland,1,23,Center Forward,1,76.562883,98.1218,0,10,7,0,17,6,5,3,0,1,1,0,18,1,0,0,2,139.276538,47.169894,1.56514949
43,106,3869254,2022-12-06,Portugal - Switzerland,Round of 16,5207,Cristiano Ronaldo dos Santos Aveiro,780,Portugal,773,Switzerland,1,21,Left Wing,0,21.319683,98.1218,0,5,4,0,3,1,0,0,0,0,0,0,6,0,0,0,0,67.538756,7.062387,0.02879097
43,106,3869254,2022-12-06,Portugal - Switzerland,Round of 16,9927,Rúben Diogo Da Silva Neves,780,Portugal,773,Switzerland,1,10,Center Defensive Midfield,0,13.482583,98.1218,0,13,13,0,11,0,0,0,0,0,0,0,0,0,1,0,0,289.698199,20.310968,0
43,106,3869254,2022-12-06,Portugal - Switzerland,Round of 16,10868,Ricardo Jorge Luz Horta,780,Portugal,773,Switzerland,1,21,Left Wing,0,21.558917,98.1218,0,13,9,0,9,0,0,0,0,0,0,0,8,0,0,1,0,179.974253,41.7694,0
43,106,3869254,2022-12-06,Portugal - Switzerland,Round of 16,18360,Rafael Alexandre Conceição Leão,780,Portugal,773,Switzerland,1,17,Right Wing,0,7.475,98.1218,0,3,2,0,3,1,1,1,0,0,0,0,1,0,0,0,0,109.347211,42.642445,0.01025777
43,106,3869254,2022-12-06,Portugal - Switzerland,Round of 16,34639,Vitor Machado Ferreira,780,Portugal,773,Switzerland,1,15,Left Center Midfield,0,21.060367,98.1218,0,12,10,0,10,0,0,0,0,0,0,0,6,1,0,0,0,188.803796,45.716237,0
43,106,3869321,2022-12-09,Netherlands - Argentina,Quarter-finals,3090,Nicolás Hernán Otamendi,779,Argentina,941,Netherlands,0,4,Center Back,1,139.85065,139.85065,1,87,80,0,65,0,0,0,0,0,0,0,11,2,1,3,2,1770.2837,422.619201,0
43,106,3869321,2022-12-09,Netherlands - Argentina,Quarter-finals,5503,Lionel Andrés Messi Cuccittini,779,Argentina,941,Netherlands,0,22,Right Center Forward,1,139.85065,139.85065,1,48,40,0,55,6,2,1,0,1,7,6,19,0,0,3,10,828.868438,369.922196,1.00871904
43,106,3869321,2022-12-09,Netherlands - Argentina,Quarter-finals,6909,Damián Emiliano Martínez,779,Argentina,941,Netherlands,0,1,Goalkeeper,1,139.85065,139.85065,1,35,19,0,15,0,0,0,0,0,0,0,0,0,0,0,0,1708.425133,44.824013,0
43,106,3869321,2022-12-09,Netherlands - Argentina,Quarter-finals,7797,Rodrigo Javier De Paul,779,Argentina,941,Netherlands,0,13,Right Center Midfield,1,71.849217,139.85065,1,53,41,0,47,2,1,0,0,0,2,1,15,1,1,2,2,1032.887035,289.172614,0.07353329
43,106,3869321,2022-12-09,Netherlands - Argentina,Quarter-finals,19597,Marcos Javier Acuña,779,Argentina,941,Netherlands,0,8,Left Wing Back,1,83.216767,139.85065,1,26,18,0,21,0,0,0,0,0,1,1,11,4,1,1,4,543.318946,181.828046,0
43,106,3869321,2022-12-09,Netherlands - Argentina,Quarter-finals,20572,Cristian Gabriel Romero,779,Argentina,941,Netherlands,0,3,Right Center Back,1,83.537583,139.85065,1,48,44,0,39,0,0,0,0,0,0,0,11,2,1,2,1,881.412381,232.497561,0
43,106,3869321,2022-12-09,Netherlands - Argentina,Quarter-finals,27768,Lisandro Martínez,779,Argentina,941,Netherlands,0,5,Left Center Back,1,129.808983,139.85065,1,38,29,0,25,0,0,0,0,0,0,0,10,2,2,0,1,924.331926,163.285678,0
43,106,3869321,2022-12-09,Netherlands - Argentina,Quarter-finals,27886,Alexis Mac Allister,779,Argentina,941,Netherlands,0,15,Left Center Midfield,1,139.85065,139.85065,1,47,43,0,42,0,0,0,0,0,1,1,23,2,0,0,7,901.818887,357.192574,0
43,106,3869321,2022-12-09,Netherlands - Argentina,Quarter-finals,29201,Nahuel Molina Lucero,779,Argentina,941,Netherlands,0,7,Right Wing Back,1,123.790783,139.85065,1,44,36,0,33,1,1,1,0,0,0,0,15,2,2,0,0,566.675292,231.658776,0.43442267
43,106,3869321,2022-12-09,Netherlands - Argentina,Quarter-finals,29560,Julián Álvarez,779,Argentina,941,Netherlands,0,24,Left Center Forward,1,86.989383,139.85065,1,17,12,0,15,0,0,0,0,0,2,0,23,2,0,2,0,223.993441,74.05415,0
43,106,3869321,2022-12-09,Netherlands - Argentina,Quarter-finals,38718,Enzo Fernandez,779,Argentina,941,Netherlands,0,10,Center Defensive Midfield,1,139.85065,139.85065,1,70,60,0,60,2,0,0,0,0,2,1,26,1,1,2,2,1274.045839,326.324594,0.07102602
43,106,3869321,2022-12-09,Netherlands - Argentina,Quarter-finals,2995,Ángel Fabián Di María Hernández,779,Argentina,941,Netherlands,0,17,Right Wing,0,10.041667,139.85065,1,14,9,0,9,0,0,0,0,0,1,1,0,0,0,0,0,304.881815,39.41964,0
43,106,3869321,2022-12-09,Netherlands - Argentina,Quarter-finals,5507,Nicolás Alejandro Tagliafico,779,Argentina,941,Netherlands,0,8,Left Wing Back,0,56.633883,139.85065,1,11,10,0,9,0,0,0,0,0,0,0,7,1,0,1,0,209.218368,10.641452,0
43,106,3869321,2022-12-09,Netherlands - Argentina,Quarter-finals,7161,Germán Alejandro Pezzella,779,Argentina,941,Netherlands,0,3,Right Center Back,0,56.313067,139.85065,1,30,28,0,21,1,0,0,0,0,0,0,2,0,0,2,2,650.494688,60.160067,0.04452438
43,106,3869321,2022-12-09,Netherlands - Argentina,Quarter-finals,11456,Lautaro Javier Martínez,779,Argentina,941,Netherlands,0,24,Left Center Forward,0,52.861267,139.85065,1,12,8,0,13,2,1,0,0,0,2,1,3,0,1,1,3,180.997979,65.219084,0.30697173
43,106,3869321,2022-12-09,Netherlands - Argentina,Quarter-finals,16308,Leandro Daniel Paredes,779,Argentina,941,Netherlands,0,13,Right Center Midfield,0,68.001433,139.85065,1,49,44,0,36,0,0,0,0,0,0,0,12,3,0,3,3,990.129264,219.257881,0
43,106,3869321,2022-12-09,Netherlands - Argentina,Quarter-finals,28263,Gonzalo Ariel Montiel,779,Argentina,941,Netherlands,0,7,Right Wing Back,0,16.059867,139.85065,1,11,10,0,9,0,0,0,0,0,0,0,2,0,0,0,0,175.284916,51.122525,0
43,106,3869321,2022-12-09,Netherlands - Argentina,Quarter-finals,2988,Memphis Depay,941,Netherlands,779,Argentina,1,24,Left Center Forward,1,84.027983,139.85065,1,40,27,0,31,0,0,0,0,0,4,0,19,0,1,2,2,730.452314,114.301367,0
43,106,3869321,2022-12-09,Netherlands - Argentina,Quarter-finals,3306,Nathan Aké,941,Netherlands,779,Argentina,1,5,Left Center Back,1,139.85065,139.85065,1,75,62,2,55,0,0,0,0,0,0,0,12,1,7,2,3,1618.215247,309.303826,0
43,106,3869321,2022-12-09,Netherlands - Argentina,Quarter-finals,3311,Daley Blind,941,Netherlands,779,Argentina,1,8,Left Wing Back,1,70.08175,139.85065,1,29,24,0,18,0,0,0,0,0,0,0,21,2,2,0,0,502.321497,37.505609,0
43,106,3869321,2022-12-09,Netherlands - Argentina,Quarter-finals,3669,Virgil van Dijk,941,Netherlands,779,Argentina,1,4,Center Back,1,139.85065,139.85065,1,94,85,1,76,0,0,0,0,0,1,1,7,1,2,2,0,2222.08828,526.261738,0
43,106,3869321,2022-12-09,Netherlands - Argentina,Quarter-finals,6994,Marten de Roon,941,Netherlands,779,Argentina,1,9,Right Defensive Midfield,1,51.06205,139.85065,1,26,24,0,19,0,0,0,0,0,0,0,10,1,0,2,0,403.833796,62.473133,0
43,106,3869321,2022-12-09,Netherlands - Argentina,Quarter-finals,8118,Frenkie de Jong,941,Netherlands,779,Argentina,1,11,Left Defensive Midfield,1,139.85065,139.85065,1,87,81,1,69,0,0,0,0,0,2,2,30,0,1,2,5,1653.745683,504.334335,0
43,106,3869321,2022-12-09,Netherlands - Argentina,Quarter-finals,8125,Denzel Dumfries,941,Netherlands,779,Argentina,1,7,Right Wing Back,1,139.85065,139.85065,1,41,29,3,28,1,0,0,0,0,2,0,18,2,1,7,2,951.190849,78.532215,0.04739484
43,106,3869321,2022-12-09,Netherlands - Argentina,Quarter-finals,8259,Steven Bergwijn,941,Netherlands,779,Argentina,1,22,Right Center Forward,1,51.06205,139.85065,1,17,16,0,15,1,0,0,0,0,0,0,5,0,0,0,1,286.32427,53.996185,0.089517
43,106,3869321,2022-12-09,Netherlands - Argentina,Quarter-finals,8326,Andries Noppert,941,Netherlands,779,Argentina,1,1,Goalkeeper,1,139.85065,139.85065,1,54,46,1,30,0,0,0,0,0,0,0,0,0,0,0,0,2015.695017,77.073056,0
43,106,3869321,2022-12-09,Netherlands - Argentina,Quarter-finals,20750,Cody Mathès Gakpo,941,Netherlands,779,Argentina,1,19,Center Attacking Midfield,1,131.4869,139.85065,1,38,21,2,34,0,0,0,0,0,7,2,22,2,5,6,4,847.208497,158.172574,0
43,106,3869321,2022-12-09,Netherlands - Argentina,Quarter-finals,21809,Jurriën David Norman Timber,941,Netherlands,779,Argentina,1,3,Right Center Back,1,139.85065,139.85065,1,93,87,1,80,0,0,0,0,0,3,2,18,2,4,5,0,1933.127998,437.504718,0
43,106,3869321,2022-12-09,Netherlands - Argentina,Quarter-finals,7745,Steven Berghuis,941,Netherlands,779,Argentina,1,19,Center Attacking Midfield,0,88.7886,139.85065,1,35,24,0,33,2,0,0,0,1,2,1,8,0,0,3,1,884.991485,217.909005,0.11270865
43,106,3869321,2022-12-09,Netherlands - Argentina,Quarter-finals,7829,Wout Weghorst,941,Netherlands,779,Argentina,1,22,Right Center Forward,0,55.822667,139.85065,1,11,6,0,4,2,2,2,0,0,0,0,21,1,0,3,1,215.310592,21.820008,0.26701
43,106,3869321,2022-12-09,Netherlands - Argentina,Quarter-finals,7891,Teun Koopmeiners,941,Netherlands,779,Argentina,1,9,Right Defensive Midfield,0,88.7886,139.85065,1,37,32,1,28,0,0,0,0,1,0,0,13,0,0,1,0,834.339627,130.078718,0
43,106,3869321,2022-12-09,Netherlands - Argentina,Quarter-finals,20033,Luuk de Jong,941,Netherlands,779,Argentina,1,23,Center Forward,0,69.7689,139.85065,1,11,8,0,8,1,0,0,0,0,0,0,9,2,0,2,1,178.46346,35.258235,0.05290734
43,106,3869321,2022-12-09,Netherlands - Argentina,Quarter-finals,21547,Noa Lang,941,Netherlands,779,Argentina,1,16,Left Midfield,0,8.36375,139.85065,1,3,0,0,2,0,0,0,0,0,0,0,3,0,1,0,0,48.031947,12.317729,0
43,106,3869420,2022-12-09,Croatia - Brazil,Quarter-finals,3063,Danilo Luiz da Silva,781,Brazil,785,Croatia,0,6,Left Back,1,130.13365,130.13365,1,109,93,0,75,1,0,0,0,0,0,0,8,3,1,2,1,2074.566966,291.065505,0.01549074
43,106,3869420,2022-12-09,Croatia - Brazil,Quarter-finals,3280,Richarlison de Andrade,781,Brazil,785,Croatia,0,23,Center Forward,1,84.4399,130.13365,1,12,7,0,11,1,0,0,0,0,1,0,19,1,0,2,1,137.244041,62.750281,0.06720073
43,106,3869420,2022-12-09,Croatia - Brazil,Quarter-finals,3295,Thiago Emiliano da Silva,781,Brazil,785,Croatia,0,5,Left Center Back,1,130.13365,130.13365,1,96,92,0,69,0,0,0,0,0,1,0,8,2,0,0,1,1995.116137,335.787185,0
43,106,3869420,2022-12-09,Croatia - Brazil,Quarter-finals,4320,Neymar da Silva Santos Junior,781,Brazil,785,Croatia,0,19,Center Attacking Midfield,1,130.13365,130.13365,1,64,50,0,69,5,5,1,0,0,11,5,10,0,0,3,4,1115.368496,521.558858,0.79758208
43,106,3869420,2022-12-09,Croatia - Brazil,Quarter-finals,4372,Marcos Aoás Corrêa,781,Brazil,785,Croatia,0,3,Right Center Back,1,130.13365,130.13365,1,95,93,0,77,0,0,0,0,0,1,0,9,0,1,1,2,1842.339757,567.657403,0
43,106,3869420,2022-12-09,Croatia - Brazil,Quarter-finals,5539,Carlos Henrique Casimiro,781,Brazil,785,Croatia,0,11,Left Defensive Midfield,1,130.13365,130.13365,1,69,55,1,48,3,1,0,0,0,1,1,19,4,1,3,2,1337.711261,155.184525,0.15810826
43,106,3869420,2022-12-09,Croatia - Brazil,Quarter-finals,5547,Alisson Ramsés Becker,781,Brazil,785,Croatia,0,1,Goalkeeper,1,130.13365,130.13365,1,31,29,1,15,0,0,0,0,0,0,0,0,0,0,0,0,724.377857,47.953628,0
43,106,3869420,2022-12-09,Croatia - Brazil,Quarter-finals,10595,Raphael Dias Belloli,781,Brazil,785,Croatia,0,12,Right Midfield,1,56.318533,130.13365,1,24,19,1,25,0,0,0,0,0,1,1,10,0,0,0,3,516.603027,123.292441,0
43,106,3869420,2022-12-09,Croatia - Brazil,Quarter-finals,13620,Éder Gabriel Militão,781,Brazil,785,Croatia,0,2,Right Back,1,113.099033,130.13365,1,87,79,0,65,3,0,0,0,0,0,0,19,3,1,2,2,1623.205084,272.025484,0.15461065
43,106,3869420,2022-12-09,Croatia - Brazil,Quarter-finals,18395,Vinícius José Paixão de Oliveira Júnior,781,Brazil,785,Croatia,0,16,Left Midfield,1,64.829033,130.13365,1,13,8,0,20,2,1,0,0,0,3,2,8,1,0,0,1,188.028152,130.067935,0.07816816
43,106,3869420,2022-12-09,Croatia - Brazil,Quarter-finals,22600,Lucas Tolentino Coelho de Lima,781,Brazil,785,Croatia,0,9,Right Defensive Midfield,1,113.078467,130.13365,1,64,56,0,46,2,2,0,0,1,2,1,23,2,1,3,1,1162.766819,99.775392,0.36027221
43,106,3869420,2022-12-09,Croatia - Brazil,Quarter-finals,6945,Alex Sandro Lobo Silva,781,Brazil,785,Croatia,0,6,Left Back,0,17.034617,130.13365,1,5,4,0,2,0,0,0,0,0,0,0,3,1,0,1,0,70.056306,0,0
43,106,3869420,2022-12-09,Croatia - Brazil,Quarter-finals,9904,Frederico Rodrigues Santos,781,Brazil,785,Croatia,0,9,Right Defensive Midfield,0,17.055183,130.13365,1,2,2,0,3,0,0,0,0,0,0,0,3,1,0,1,0,25.801653,5.143298,0
43,106,3869420,2022-12-09,Croatia - Brazil,Quarter-finals,25104,Rodrygo Silva de Goes,781,Brazil,785,Croatia,0,16,Left Midfield,0,65.304617,130.13365,1,36,29,0,32,0,0,0,0,0,2,0,13,1,1,3,3,608.853953,251.433509,0
43,106,3869420,2022-12-09,Croatia - Brazil,Quarter-finals,25305,Pedro Guilherme Abreu dos Santos,781,Brazil,785,Croatia,0,23,Center Forward,0,45.69375,130.13365,1,7,7,0,7,2,1,0,0,0,1,0,5,1,1,2,0,82.368855,34.483844,0.17089859
43,106,3869420,2022-12-09,Croatia - Brazil,Quarter-finals,25363,Antony Matheus dos Santos,781,Brazil,785,Croatia,0,12,Right Midfield,0,73.815117,130.13365,1,33,29,0,36,1,1,0,0,0,7,1,7,1,1,2,2,551.500433,351.765453,0.01399913
43,106,3869420,2022-12-09,Croatia - Brazil,Quarter-finals,3471,Dejan Lovren,785,Croatia,781,Brazil,1,3,Right Center Back,1,130.13365,130.13365,1,89,82,1,64,0,0,0,0,0,0,0,4,1,3,0,2,2084.840694,414.666069,0
43,106,3869420,2022-12-09,Croatia - Brazil,Quarter-finals,5456,Mateo Kovačić,785,Croatia,781,Brazil,1,15,Left Center Midfield,1,113.078133,130.13365,1,75,67,0,71,0,0,0,0,0,1,1,34,6,2,2,2,1333.055969,455.333639,0
43,106,3869420,2022-12-09,Croatia - Brazil,Quarter-finals,5460,Andrej Kramarić,785,Croatia,781,Brazil,1,23,Center Forward,1,73.036733,130.13365,1,25,21,0,29,2,0,0,0,0,1,0,8,1,0,1,1,317.249786,73.121503,0.05739618
43,106,3869420,2022-12-09,Croatia - Brazil,Quarter-finals,5463,Luka Modrić,785,Croatia,781,Brazil,1,13,Right Center Midfield,1,130.13365,130.13365,1,117,102,0,113,0,0,0,0,0,1,1,16,3,2,3,6,2307.350582,716.348666,0
43,106,3869420,2022-12-09,Croatia - Brazil,Quarter-finals,5469,Marcelo Brozović,785,Croatia,781,Brazil,1,10,Center Defensive Midfield,1,121.1911,130.13365,1,109,98,1,96,1,0,0,0,0,2,2,10,4,4,4,5,1717.431698,445.949688,0.12467693
43,106,3869420,2022-12-09,Croatia - Brazil,Quarter-finals,5474,Ivan Perišić,785,Croatia,781,Brazil,1,21,Left Wing,1,130.13365,130.13365,1,34,18,0,24,3,0,0,0,0,0,0,18,3,1,3,0,598.128422,126.724907,0.31223069
43,106,3869420,2022-12-09,Croatia - Brazil,Quarter-finals,11603,Mario Pašalić,785,Croatia,781,Brazil,1,17,Right Wing,1,72.9729,130.13365,1,31,28,0,32,0,0,0,0,0,2,1,11,3,0,1,0,492.943272,171.21426,0
43,106,3869420,2022-12-09,Croatia - Brazil,Quarter-finals,12625,Borna Sosa,785,Croatia,781,Brazil,1,6,Left Back,1,117.5037,130.13365,1,40,30,0,34,0,0,0,0,0,0,0,10,4,0,2,1,730.527581,138.633902,0
43,106,3869420,2022-12-09,Croatia - Brazil,Quarter-finals,16531,Dominik Livaković,785,Croatia,781,Brazil,1,1,Goalkeeper,1,130.13365,130.13365,1,41,34,1,20,0,0,0,0,0,0,0,1,0,0,0,0,1275.674413,71.876704,0
43,106,3869420,2022-12-09,Croatia - Brazil,Quarter-finals,29163,Josip Juranović,785,Croatia,781,Brazil,1,2,Right Back,1,130.13365,130.13365,1,79,69,3,68,0,0,0,0,0,1,1,11,4,1,0,2,1439.194779,335.406032,0
43,106,3869420,2022-12-09,Croatia - Brazil,Quarter-finals,33018,Joško Gvardiol,785,Croatia,781,Brazil,1,5,Left Center Back,1,130.13365,130.13365,1,63,60,0,56,0,0,0,0,0,1,1,14,2,1,1,1,1350.712588,331.159216,0
43,106,3869420,2022-12-09,Croatia - Brazil,Quarter-finals,3441,Nikola Vlašić,785,Croatia,781,Brazil,1,17,Right Wing,0,57.16075,130.13365,1,10,8,0,16,1,0,0,0,0,2,2,8,0,0,4,1,144.636348,122.370667,0.02688493
43,106,3869420,2022-12-09,Croatia - Brazil,Quarter-finals,7693,Bruno Petković,785,Croatia,781,Brazil,1,23,Center Forward,0,57.096917,130.13365,1,6,6,0,14,1,1,1,0,0,2,2,4,1,0,1,0,101.622228,107.078307,0.09977819
43,106,3869420,2022-12-09,Croatia - Brazil,Quarter-finals,8654,Ante Budimir,785,Croatia,781,Brazil,1,24,Left Center Forward,0,12.62995,130.13365,1,0,0,0,0,0,0,0,0,0,0,0,1,0,0,1,1,0,0,0
43,106,3869420,2022-12-09,Croatia - Brazil,Quarter-finals,16527,Mislav Oršić,785,Croatia,781,Brazil,1,16,Left Midfield,0,8.94255,130.13365,1,1,1,0,2,0,0,0,0,1,0,0,0,0,0,0,0,14.773287,19.783524,0
43,106,3869420,2022-12-09,Croatia - Brazil,Quarter-finals,28914,Lovro Majer,785,Croatia,781,Brazil,1,15,Left Center Midfield,0,17.055517,130.13365,1,17,15,0,18,1,0,0,0,0,0,0,1,1,0,0,1,251.111312,98.624128,0.01192189
43,106,3869354,2022-12-10,England - France,Quarter-finals,3205,Kyle Walker,768,England,771,France,1,2,Right Back,1,105.383033,105.383033,0,46,41,1,31,0,0,0,0,0,1,1,6,1,2,0,2,979.338721,202.945988,0
43,106,3869354,2022-12-10,England - France,Quarter-finals,3244,John Stones,768,England,771,France,1,3,Right Center Back,1,101.95115,105.383033,0,70,70,0,55,0,0,0,0,0,1,1,5,1,0,0,1,1400.568833,551.479476,0
43,106,3869354,2022-12-10,England - France,Quarter-finals,3336,Harry Maguire,768,England,771,France,1,5,Left Center Back,1,105.383033,105.383033,0,95,79,0,72,2,0,0,0,0,0,0,3,1,1,1,1,2228.113232,604.344344,0.12058651
43,106,3869354,2022-12-10,England - France,Quarter-finals,3382,Luke Shaw,768,England,771,France,1,6,Left Back,1,105.383033,105.383033,0,74,55,1,52,2,1,0,0,0,0,0,5,1,0,0,0,1350.371774,175.811449,0.06284567
43,106,3869354,2022-12-10,England - France,Quarter-finals,3468,Jordan Pickford,768,England,771,France,1,1,Goalkeeper,1,105.383033,105.383033,0,24,20,1,10,0,0,0,0,0,0,0,0,0,0,0,0,933.886595,61.71273,0
43,106,3869354,2022-12-10,England - France,Quarter-finals,3532,Jordan Brian Henderson,768,England,771,France,1,13,Right Center Midfield,1,83.689833,105.383033,0,45,41,0,36,1,0,0,0,0,0,0,13,0,0,3,0,837.981844,137.702136,0.01720233
43,106,3869354,2022-12-10,England - France,Quarter-finals,3943,Declan Rice,768,England,771,France,1,10,Center Defensive Midfield,1,105.383033,105.383033,0,65,60,0,54,0,0,0,0,0,1,0,7,3,4,0,0,1361.462524,366.110098,0
43,106,3869354,2022-12-10,England - France,Quarter-finals,4354,Philip Foden,768,England,771,France,1,21,Left Wing,1,89.356983,105.383033,0,27,22,0,22,1,0,0,0,0,2,1,9,0,1,0,3,543.246513,124.358117,0.02269152
43,106,3869354,2022-12-10,England - France,Quarter-finals,10955,Harry Kane,768,England,771,France,1,23,Center Forward,1,105.383033,105.383033,0,22,14,1,16,5,4,1,0,0,0,0,10,0,0,0,1,369.847029,102.16164,1.69065098
43,106,3869354,2022-12-10,England - France,Quarter-finals,22084,Bukayo Saka,768,England,771,France,1,17,Right Wing,1,83.747717,105.383033,0,25,18,0,29,1,1,0,0,0,1,0,21,2,1,3,4,349.016135,240.295451,0.07073746
43,106,3869354,2022-12-10,England - France,Quarter-finals,30714,Jude Bellingham,768,England,771,France,1,15,Left Center Midfield,1,105.383033,105.383033,0,48,36,1,38,2,1,0,0,0,1,0,25,5,0,2,1,912.967403,266.900709,0.26447247
43,106,3869354,2022-12-10,England - France,Quarter-finals,3233,Raheem Sterling,768,England,771,France,1,17,Right Wing,0,21.635317,105.383033,0,8,4,0,9,0,0,0,0,0,0,0,4,2,0,0,0,163.007651,76.239727,0
43,106,3869354,2022-12-10,England - France,Quarter-finals,3318,Marcus Rashford,768,England,771,France,1,21,Left Wing,0,16.02605,105.383033,0,3,3,0,2,1,0,0,0,0,0,0,0,0,0,0,0,33.033914,13.779829,0.07922588
43,106,3869354,2022-12-10,England - France,Quarter-finals,7843,Mason Mount,768,England,771,France,1,13,Right Center Midfield,0,21.6932,105.383033,0,2,2,0,1,1,0,0,0,0,0,0,4,0,0,1,2,67.411221,12.140016,0.02413865
43,106,3869354,2022-12-10,England - France,Quarter-finals,9638,Jack Grealish,768,England,771,France,1,15,Left Center Midfield,0,3.431883,105.383033,0,0,0,0,0,0,0,0,0,0,0,0,0,0,0,0,0,0,0,0
43,106,3869354,2022-12-10,England - France,Quarter-finals,3009,Kylian Mbappé Lottin,771,France,768,England,0,21,Left Wing,1,105.383033,105.383033,0,29,26,0,35,1,0,0,0,0,6,4,6,0,1,0,2,460.575665,354.615648,0.06798863
43,106,3869354,2022-12-10,England - France,Quarter-finals,3026,Adrien Rabiot,771,France,768,England,0,11,Left Defensive Midfield,1,105.383033,105.383033,0,46,35,2,33,1,1,0,0,0,1,1,12,1,2,3,1,825.215413,233.142679,0.06667264
43,106,3869354,2022-12-10,England - France,Quarter-finals,3099,Hugo Lloris,771,France,768,England,0,1,Goalkeeper,1,105.383033,105.383033,0,26,13,0,11,0,0,0,0,0,0,0,0,0,0,0,0,1438.019409,26.214904,0
43,106,3869354,2022-12-10,England - France,Quarter-finals,3604,Olivier Giroud,771,France,768,England,0,23,Center Forward,1,105.383033,105.383033,0,12,6,0,3,4,3,1,0,0,0,0,11,0,0,1,0,188.407991,26.305489,0.64601059
43,106,3869354,2022-12-10,England - France,Quarter-finals,4445,Jules Koundé,771,France,768,England,0,2,Right Back,1,105.383033,105.383033,0,49,39,0,22,0,0,0,0,0,0,0,6,0,0,0,1,874.18453,89.034095,0
43,106,3869354,2022-12-10,England - France,Quarter-finals,5477,Ousmane Dembélé,771,France,768,England,0,17,Right Wing,1,83.501817,105.383033,0,39,30,0,31,1,0,0,0,0,1,0,21,2,1,3,0,744.570042,210.046061,0.03082006
43,106,3869354,2022-12-10,England - France,Quarter-finals,5485,Raphaël Varane,771,France,768,England,0,3,Right Center Back,1,105.383033,105.383033,0,37,31,0,30,0,0,0,0,0,0,0,3,0,0,0,0,952.99989,266.089361,0
43,106,3869354,2022-12-10,England - France,Quarter-finals,5487,Antoine Griezmann,771,France,768,England,0,19,Center Attacking Midfield,1,105.383033,105.383033,0,46,39,0,32,0,0,0,0,2,2,1,25,2,0,3,1,1007.952784,261.958052,0
43,106,3869354,2022-12-10,England - France,Quarter-finals,6704,Theo Bernard François Hernández,771,France,768,England,0,6,Left Back,1,105.383033,105.383033,0,39,34,0,31,0,0,0,0,0,0,0,12,3,0,2,2,823.307641,185.850656,0
43,106,3869354,2022-12-10,England - France,Quarter-finals,8519,Dayotchanculle Upamecano,771,France,768,England,0,5,Left Center Back,1,105.383033,105.383033,0,46,36,0,35,0,0,0,0,0,0,0,12,0,3,0,1,1303.144925,255.348111,0
43,106,3869354,2022-12-10,England - France,Quarter-finals,10481,Aurélien Djani Tchouaméni,771,France,768,England,0,9,Right Defensive Midfield,1,105.383033,105.383033,0,43,39,0,35,1,1,1,0,0,0,0,7,0,0,2,2,816.986436,201.119041,0.02787011
43,106,3869354,2022-12-10,England - France,Quarter-finals,8217,Kingsley Coman,771,France,768,England,0,17,Right Wing,0,21.881217,105.383033,0,0,0,0,1,0,0,0,0,0,0,0,3,0,0,1,0,0,6.80147,0
43,106,3869486,2022-12-10,Morocco - Portugal,Quarter-finals,3193,Bernardo Mota Veiga de Carvalho e Silva,780,Portugal,788,Morocco,0,13,Right Center Midfield,1,100.681267,100.681267,0,100,88,1,85,1,0,0,0,0,1,0,11,1,0,0,1,2101.159384,561.648125,0.10927713
43,106,3869486,2022-12-10,Morocco - Portugal,Quarter-finals,5204,Bruno Miguel Borges Fernandes,780,Portugal,788,Morocco,0,17,Right Wing,1,100.681267,100.681267,0,74,57,0,56,2,0,0,0,0,2,2,11,1,0,1,1,2031.0802,252.740601,0.06403192
43,106,3869486,2022-12-10,Morocco - Portugal,Quarter-finals,5206,Rúben Santos Gato Alves Dias,780,Portugal,788,Morocco,0,5,Left Center Back,1,100.681267,100.681267,0,94,88,0,79,0,0,0,0,0,0,0,2,2,1,1,0,1924.35269,367.760963,0
43,106,3869486,2022-12-10,Morocco - Portugal,Quarter-finals,5209,Raphaël Adelino José Guerreiro,780,Portugal,788,Morocco,0,6,Left Back,1,53.356617,100.681267,0,32,24,1,23,1,0,0,0,0,0,0,3,1,0,0,0,775.878041,78.501005,0.01921555
43,106,3869486,2022-12-10,Morocco - Portugal,Quarter-finals,9927,Rúben Diogo Da Silva Neves,780,Portugal,788,Morocco,0,10,Center Defensive Midfield,1,53.42665,100.681267,0,66,60,0,58,0,0,0,0,0,0,0,7,0,0,2,0,1407.589118,247.100044,0
43,106,3869486,2022-12-10,Morocco - Portugal,Quarter-finals,11184,Otávio Edmilson da Silva Monteiro,780,Portugal,788,Morocco,0,15,Left Center Midfield,1,71.136267,100.681267,0,53,40,0,42,0,0,0,0,0,0,0,12,3,0,0,5,980.769225,175.692639,0
43,106,3869486,2022-12-10,Morocco - Portugal,Quarter-finals,12041,João Félix Sequeira,780,Portugal,788,Morocco,0,21,Left Wing,1,100.681267,100.681267,0,21,14,0,25,5,2,0,0,0,3,1,4,0,0,1,2,375.141262,136.75284,0.23939416
43,106,3869486,2022-12-10,Morocco - Portugal,Quarter-finals,16028,José Diogo Dalot Teixeira,780,Portugal,788,Morocco,0,2,Right Back,1,81.319117,100.681267,0,40,32,0,31,0,0,0,0,0,0,0,3,1,1,0,1,878.296436,120.50334,0
43,106,3869486,2022-12-10,Morocco - Portugal,Quarter-finals,20016,Kléper Laveran Lima Ferreira,780,Portugal,788,Morocco,0,3,Right Center Back,1,100.681267,100.681267,0,104,94,0,87,1,0,0,0,0,0,0,2,2,1,1,2,1965.520845,397.668984,0.14926605
43,106,3869486,2022-12-10,Morocco - Portugal,Quarter-finals,32975,Diogo Meireles Costa,780,Portugal,788,Morocco,0,1,Goalkeeper,1,100.681267,100.681267,0,25,22,0,8,0,0,0,0,0,0,0,0,0,0,0,0,629.911095,6.493825,0
43,106,3869486,2022-12-10,Morocco - Portugal,Quarter-finals,38803,Gonçalo Matias Ramos,780,Portugal,788,Morocco,0,23,Center Forward,1,70.993417,100.681267,0,8,6,0,9,1,0,0,0,0,1,0,9,0,0,1,1,90.475468,4.332986,0.10594022
43,106,3869486,2022-12-10,Morocco - Portugal,Quarter-finals,5207,Cristiano Ronaldo dos Santos Aveiro,780,Portugal,788,Morocco,0,23,Center Forward,0,47.254617,100.681267,0,7,4,0,10,1,1,0,0,0,0,0,3,0,0,0,1,107.343229,47.942098,0.05699573
43,106,3869486,2022-12-10,Morocco - Portugal,Quarter-finals,7005,João Pedro Cavaco Cancelo,780,Portugal,788,Morocco,0,6,Left Back,0,47.32465,100.681267,0,47,37,0,38,0,0,0,0,0,1,0,3,3,0,0,0,957.570945,251.938462,0
43,106,3869486,2022-12-10,Morocco - Portugal,Quarter-finals,10868,Ricardo Jorge Luz Horta,780,Portugal,788,Morocco,0,17,Right Wing,0,19.36215,100.681267,0,12,9,0,9,0,0,0,0,0,0,0,4,0,1,1,0,165.063436,23.963158,0
43,106,3869486,2022-12-10,Morocco - Portugal,Quarter-finals,18360,Rafael Alexandre Conceição Leão,780,Portugal,788,Morocco,0,21,Left Wing,0,29.68785,100.681267,0,13,8,0,18,0,0,0,0,0,4,3,3,0,0,0,1,295.015204,167.541614,0
43,106,3869486,2022-12-10,Morocco - Portugal,Quarter-finals,34639,Vitor Machado Ferreira,780,Portugal,788,Morocco,0,9,Right Defensive Midfield,0,29.545,100.681267,0,35,33,0,33,0,0,0,0,0,0,0,2,0,0,1,2,718.937939,203.150465,0
43,106,3869486,2022-12-10,Morocco - Portugal,Quarter-finals,3625,Sofiane Boufal,788,Morocco,780,Portugal,1,16,Left Midfield,1,83.5154,100.681267,0,18,17,0,21,1,1,0,0,0,3,2,11,0,0,1,1,381.743197,250.928295,0.03503226
43,106,3869486,2022-12-10,Morocco - Portugal,Quarter-finals,5219,Romain Saïss,788,Morocco,780,Portugal,1,5,Left Center Back,1,59.6043,100.681267,0,15,12,0,8,0,0,0,0,0,0,0,1,0,1,0,0,359.809985,9.178073,0
43,106,3869486,2022-12-10,Morocco - Portugal,Quarter-finals,5234,Sofyan Amrabat,788,Morocco,780,Portugal,1,10,Center Defensive Midfield,1,100.681267,100.681267,0,20,13,0,16,0,0,0,0,0,0,0,13,3,2,2,0,526.965954,113.713485,0
43,106,3869486,2022-12-10,Morocco - Portugal,Quarter-finals,5237,Hakim Ziyech,788,Morocco,780,Portugal,1,12,Right Midfield,1,83.228317,100.681267,0,27,17,0,22,1,0,0,0,0,4,0,22,1,2,0,0,574.653575,124.583131,0.0082067
43,106,3869486,2022-12-10,Morocco - Portugal,Quarter-finals,5245,Achraf Hakimi Mouh,788,Morocco,780,Portugal,1,2,Right Back,1,100.681267,100.681267,0,34,28,0,28,0,0,0,0,0,3,1,21,2,1,3,1,768.96861,183.926272,0
43,106,3869486,2022-12-10,Morocco - Portugal,Quarter-finals,6301,Youssef En-Nesyri,788,Morocco,780,Portugal,1,23,Center Forward,1,66.649083,100.681267,0,9,5,0,11,3,1,1,0,0,1,1,15,1,0,0,1,137.877728,24.969055,0.36206218
43,106,3869486,2022-12-10,Morocco - Portugal,Quarter-finals,6785,Yassine Bounou,788,Morocco,780,Portugal,1,1,Goalkeeper,1,100.681267,100.681267,0,32,24,1,12,0,0,0,0,0,0,0,0,0,0,0,1,1585.880136,57.151968,0
43,106,3869486,2022-12-10,Morocco - Portugal,Quarter-finals,7459,Jawad El Yamiq,788,Morocco,780,Portugal,1,3,Right Center Back,1,100.681267,100.681267,0,24,18,0,14,0,0,0,0,0,0,0,5,1,4,0,0,534.878962,60.700057,0
43,106,3869486,2022-12-10,Morocco - Portugal,Quarter-finals,23774,Selim Amallah,788,Morocco,780,Portugal,1,15,Left Center Midfield,1,66.4073,100.681267,0,9,8,0,10,1,0,0,0,0,2,1,21,1,2,3,1,162.428473,28.733295,0.06053267
43,106,3869486,2022-12-10,Morocco - Portugal,Quarter-finals,31295,Yahia Attiyat allah,788,Morocco,780,Portugal,1,6,Left Back,1,100.681267,100.681267,0,25,16,0,14,1,0,0,0,1,0,0,10,2,0,2,0,537.849816,106.02612,0.08221745
43,106,3869486,2022-12-10,Morocco - Portugal,Quarter-finals,46258,Azzedine Ounahi,788,Morocco,780,Portugal,1,13,Right Center Midfield,1,100.681267,100.681267,0,23,20,0,29,1,0,0,0,0,2,2,13,0,3,0,4,388.814313,332.568345,0.03288038
43,106,3869486,2022-12-10,Morocco - Portugal,Quarter-finals,21736,Zakaria Aboukhlal,788,Morocco,780,Portugal,1,17,Right Wing,0,17.45295,100.681267,0,1,0,0,1,1,1,0,0,0,0,0,5,0,0,0,0,17.828068,28.205673,0.39109123
43,106,3869486,2022-12-10,Morocco - Portugal,Quarter-finals,67700,Badr Banoun,788,Morocco,780,Portugal,1,4,Center Back,0,34.032183,100.681267,0,0,0,0,0,0,0,0,0,0,0,0,2,0,0,1,0,0,0,0
43,106,3869486,2022-12-10,Morocco - Portugal,Quarter-finals,102668,Yahya Jabrane,788,Morocco,780,Portugal,1,9,Right Defensive Midfield,0,17.165867,100.681267,0,1,0,0,1,0,0,0,0,0,0,0,3,0,0,0,0,6.324555,9.75141,0
43,106,3869486,2022-12-10,Morocco - Portugal,Quarter-finals,139016,Achraf Dari,788,Morocco,780,Portugal,1,3,Right Center Back,0,41.076967,100.681267,0,7,4,0,1,0,0,0,0,0,0,0,4,0,0,1,0,246.598192,1.3,0
43,106,3869486,2022-12-10,Morocco - Portugal,Quarter-finals,296254,Walid Cheddira,788,Morocco,780,Portugal,1,23,Center Forward,0,28.394317,100.681267,0,4,2,0,6,0,0,0,0,0,1,0,17,1,0,5,0,82.819931,43.74531,0
43,106,3869519,2022-12-13,Argentina - Croatia,Semi-finals,3090,Nicolás Hernán Otamendi,779,Argentina,785,Croatia,1,5,Left Center Back,1,99.2409,99.2409,0,41,39,0,28,0,0,0,0,0,0,0,11,3,2,2,0,597.43186,172.038445,0
43,106,3869519,2022-12-13,Argentina - Croatia,Semi-finals,5503,Lionel Andrés Messi Cuccittini,779,Argentina,785,Croatia,1,22,Right Center Forward,1,99.2409,99.2409,0,41,34,0,50,2,2,1,0,1,7,7,18,0,0,2,2,711.733336,383.346472,0.88931502
43,106,3869519,2022-12-13,Argentina - Croatia,Semi-finals,5507,Nicolás Alejandro Tagliafico,779,Argentina,785,Croatia,1,6,Left Back,1,99.2409,99.2409,0,30,24,0,17,0,0,0,0,0,0,0,12,1,0,3,1,536.97234,42.084201,0
43,106,3869519,2022-12-13,Argentina - Croatia,Semi-finals,6909,Damián Emiliano Martínez,779,Argentina,785,Croatia,1,1,Goalkeeper,1,99.2409,99.2409,0,24,13,0,8,0,0,0,0,0,0,0,0,0,0,0,0,1412.862308,50.640478,0
43,106,3869519,2022-12-13,Argentina - Croatia,Semi-finals,7797,Rodrigo Javier De Paul,779,Argentina,785,Croatia,1,12,Right Midfield,1,77.853883,99.2409,0,42,34,0,30,1,0,0,0,0,0,0,25,1,0,2,1,775.51782,138.213761,0.02766716
43,106,3869519,2022-12-13,Argentina - Croatia,Semi-finals,16308,Leandro Daniel Paredes,779,Argentina,785,Croatia,1,9,Right Defensive Midfield,1,65.68715,99.2409,0,39,36,0,29,1,1,0,0,0,0,0,17,4,1,1,0,745.59792,102.641317,0.01437096
43,106,3869519,2022-12-13,Argentina - Croatia,Semi-finals,20572,Cristian Gabriel Romero,779,Argentina,785,Croatia,1,3,Right Center Back,1,99.2409,99.2409,0,34,29,0,25,0,0,0,0,0,0,0,11,1,1,3,0,719.970189,178.387507,0
43,106,3869519,2022-12-13,Argentina - Croatia,Semi-finals,27886,Alexis Mac Allister,779,Argentina,785,Croatia,1,16,Left Midfield,1,89.8205,99.2409,0,34,30,0,35,2,1,0,0,0,1,0,12,1,1,0,2,608.491318,163.282487,0.20981348
43,106,3869519,2022-12-13,Argentina - Croatia,Semi-finals,29201,Nahuel Molina Lucero,779,Argentina,785,Croatia,1,2,Right Back,1,90.15585,99.2409,0,40,28,0,23,0,0,0,0,0,0,0,13,3,2,0,0,680.836097,111.346717,0
43,106,3869519,2022-12-13,Argentina - Croatia,Semi-finals,29560,Julián Álvarez,779,Argentina,785,Croatia,1,24,Left Center Forward,1,77.9994,99.2409,0,18,14,0,14,2,2,2,0,0,0,0,27,0,0,3,1,291.446775,159.774747,0.69538802
43,106,3869519,2022-12-13,Argentina - Croatia,Semi-finals,38718,Enzo Fernandez,779,Argentina,785,Croatia,1,11,Left Defensive Midfield,1,99.2409,99.2409,0,47,41,0,37,1,1,0,0,0,2,0,23,4,0,1,0,715.007289,254.366978,0.02780864
43,106,3869519,2022-12-13,Argentina - Croatia,Semi-finals,5743,Paulo Bruno Exequiel Dybala,779,Argentina,785,Croatia,1,24,Left Center Forward,0,21.2415,99.2409,0,10,8,0,6,0,0,0,0,0,1,0,8,3,0,1,0,140.023825,33.377425,0
43,106,3869519,2022-12-13,Argentina - Croatia,Semi-finals,6377,Ángel Martín Correa,779,Argentina,785,Croatia,1,15,Left Center Midfield,0,9.4204,99.2409,0,4,4,0,4,0,0,0,0,0,0,0,2,1,0,0,1,53.511236,9.163745,0
43,106,3869519,2022-12-13,Argentina - Croatia,Semi-finals,21081,Juan Marcos Foyth,779,Argentina,785,Croatia,1,7,Right Wing Back,0,9.08505,99.2409,0,4,3,0,4,0,0,0,0,0,1,1,2,0,0,0,0,58.9573,37.635677,0
43,106,3869519,2022-12-13,Argentina - Croatia,Semi-finals,27768,Lisandro Martínez,779,Argentina,785,Croatia,1,5,Left Center Back,0,33.55375,99.2409,0,9,8,0,10,0,0,0,0,0,0,0,1,1,0,0,1,188.013596,29.526777,0
43,106,3869519,2022-12-13,Argentina - Croatia,Semi-finals,28268,Exequiel Alejandro Palacios,779,Argentina,785,Croatia,1,13,Right Center Midfield,0,21.387017,99.2409,0,15,13,0,11,0,0,0,0,0,0,0,10,1,1,2,1,212.925046,44.648099,0
43,106,3869519,2022-12-13,Argentina - Croatia,Semi-finals,3471,Dejan Lovren,785,Croatia,779,Argentina,0,3,Right Center Back,1,99.2409,99.2409,0,74,67,0,64,3,0,0,0,0,0,0,5,1,0,0,2,1689.598711,346.459721,0.13120109
43,106,3869519,2022-12-13,Argentina - Croatia,Semi-finals,5456,Mateo Kovačić,785,Croatia,779,Argentina,0,15,Left Center Midfield,1,99.2409,99.2409,0,89,84,0,93,0,0,0,0,0,5,3,17,3,1,0,7,1536.574058,516.059533,0
43,106,3869519,2022-12-13,Argentina - Croatia,Semi-finals,5460,Andrej Kramarić,785,Croatia,779,Argentina,0,23,Center Forward,1,76,99.2409,0,36,34,0,33,0,0,0,0,0,2,1,4,0,0,0,1,474.547135,160.324995,0
43,106,3869519,2022-12-13,Argentina - Croatia,Semi-finals,5463,Luka Modrić,785,Croatia,779,Argentina,0,13,Right Center Midfield,1,84.884883,99.2409,0,77,66,0,69,1,0,0,0,0,3,3,12,2,2,1,3,1267.94929,340.731937,0.02616253
43,106,3869519,2022-12-13,Argentina - Croatia,Semi-finals,5469,Marcelo Brozović,785,Croatia,779,Argentina,0,10,Center Defensive Midfield,1,53.923517,99.2409,0,50,47,0,50,0,0,0,0,0,1,1,7,1,1,2,0,1017.136698,278.566827,0
43,106,3869519,2022-12-13,Argentina - Croatia,Semi-finals,5474,Ivan Perišić,785,Croatia,779,Argentina,0,21,Left Wing,1,99.2409,99.2409,0,58,41,1,39,3,1,0,0,0,1,1,7,2,3,0,0,1119.559008,241.259794,0.04752841
43,106,3869519,2022-12-13,Argentina - Croatia,Semi-finals,11603,Mario Pašalić,785,Croatia,779,Argentina,0,17,Right Wing,1,49.205433,99.2409,0,12,9,0,13,1,0,0,0,0,1,0,4,1,1,1,0,196.664534,36.47862,0.07864248
43,106,3869519,2022-12-13,Argentina - Croatia,Semi-finals,12625,Borna Sosa,785,Croatia,779,Argentina,0,6,Left Back,1,49.205433,99.2409,0,34,26,0,32,0,0,0,0,0,1,1,4,0,0,0,0,595.088661,131.09732,0
43,106,3869519,2022-12-13,Argentina - Croatia,Semi-finals,16531,Dominik Livaković,785,Croatia,779,Argentina,0,1,Goalkeeper,1,99.2409,99.2409,0,32,27,0,23,0,0,0,0,0,0,0,1,0,0,1,0,704.151564,66.377043,0
43,106,3869519,2022-12-13,Argentina - Croatia,Semi-finals,29163,Josip Juranović,785,Croatia,779,Argentina,0,2,Right Back,1,99.2409,99.2409,0,64,51,0,48,0,0,0,0,0,1,0,5,4,0,1,0,982.866964,146.632146,0
43,106,3869519,2022-12-13,Argentina - Croatia,Semi-finals,33018,Joško Gvardiol,785,Croatia,779,Argentina,0,5,Left Center Back,1,99.2409,99.2409,0,65,61,0,56,0,0,0,0,0,0,0,18,5,2,0,1,1264.720538,310.436211,0
43,106,3869519,2022-12-13,Argentina - Croatia,Semi-finals,3441,Nikola Vlašić,785,Croatia,779,Argentina,0,17,Right Wing,0,50.035467,99.2409,0,13,11,0,20,1,0,0,0,0,1,0,8,2,0,1,4,139.626526,93.766744,0.04912969
43,106,3869519,2022-12-13,Argentina - Croatia,Semi-finals,7693,Bruno Petković,785,Croatia,779,Argentina,0,23,Center Forward,0,45.317383,99.2409,0,10,8,0,15,0,0,0,0,0,1,1,1,0,0,0,2,130.966994,48.759235,0
43,106,3869519,2022-12-13,Argentina - Croatia,Semi-finals,16527,Mislav Oršić,785,Croatia,779,Argentina,0,21,Left Wing,0,50.035467,99.2409,0,15,12,0,17,2,0,0,0,0,1,1,3,0,0,1,0,171.993595,132.167485,0.03261927
43,106,3869519,2022-12-13,Argentina - Croatia,Semi-finals,22041,Marko Livaja,785,Croatia,779,Argentina,0,19,Center Attacking Midfield,0,23.2409,99.2409,0,5,4,0,7,0,0,0,0,0,3,1,0,0,1,1,0,103.942631,34.831389,0
43,106,3869519,2022-12-13,Argentina - Croatia,Semi-finals,28914,Lovro Majer,785,Croatia,779,Argentina,0,9,Right Defensive Midfield,0,14.356017,99.2409,0,14,11,0,15,1,1,0,0,0,2,0,2,0,1,1,0,312.465963,136.704012,0.04477018
43,106,3869552,2022-12-14,France - Morocco,Semi-finals,3009,Kylian Mbappé Lottin,771,France,788,Morocco,1,21,Left Wing,1,99.29935,99.29935,0,17,12,0,29,3,0,0,0,0,7,4,8,0,0,5,0,237.342033,390.392848,0.27924132
43,106,3869552,2022-12-14,France - Morocco,Semi-finals,3099,Hugo Lloris,771,France,788,Morocco,1,1,Goalkeeper,1,99.29935,99.29935,0,27,19,0,12,0,0,0,0,0,0,0,0,0,0,0,0,1421.849445,68.171601,0
43,106,3869552,2022-12-14,France - Morocco,Semi-finals,3604,Olivier Giroud,771,France,788,Morocco,1,23,Center Forward,1,68.087917,99.29935,0,17,8,0,9,3,0,0,0,0,0,0,15,1,1,0,1,236.491445,76.643448,0.42252707
43,106,3869552,2022-12-14,France - Morocco,Semi-finals,4445,Jules Koundé,771,France,788,Morocco,1,2,Right Back,1,99.29935,99.29935,0,48,43,0,33,1,0,0,0,0,0,0,13,2,1,2,0,883.504344,162.10734,0.01766911
43,106,3869552,2022-12-14,France - Morocco,Semi-finals,5477,Ousmane Dembélé,771,France,788,Morocco,1,17,Right Wing,1,81.455467,99.29935,0,19,14,0,21,0,0,0,0,0,3,2,25,4,1,2,1,345.663175,190.312338,0
43,106,3869552,2022-12-14,France - Morocco,Semi-finals,5485,Raphaël Varane,771,France,788,Morocco,1,3,Right Center Back,1,99.29935,99.29935,0,56,52,0,46,1,0,0,0,0,0,0,1,1,1,0,0,1348.829739,319.967349,0.07554505
43,106,3869552,2022-12-14,France - Morocco,Semi-finals,5487,Antoine Griezmann,771,France,788,Morocco,1,19,Center Attacking Midfield,1,99.29935,99.29935,0,30,23,0,30,0,0,0,0,0,2,1,36,1,2,0,5,614.375756,201.074136,0
43,106,3869552,2022-12-14,France - Morocco,Semi-finals,6704,Theo Bernard François Hernández,771,France,788,Morocco,1,6,Left Back,1,99.29935,99.29935,0,34,25,1,25,1,1,1,0,0,0,0,22,5,4,0,3,814.486285,148.908412,0.0979349
43,106,3869552,2022-12-14,France - Morocco,Semi-finals,10481,Aurélien Djani Tchouaméni,771,France,788,Morocco,1,9,Right Defensive Midfield,1,99.29935,99.29935,0,45,41,0,35,1,0,0,0,0,0,0,15,1,3,0,1,793.649406,245.985066,0.04033699
43,106,3869552,2022-12-14,France - Morocco,Semi-finals,11135,Ibrahima Konaté,771,France,788,Morocco,1,5,Left Center Back,1,99.29935,99.29935,0,48,44,0,43,0,0,0,0,0,0,0,7,3,5,2,0,1299.156899,333.395962,0
43,106,3869552,2022-12-14,France - Morocco,Semi-finals,11990,Youssouf Fofana,771,France,788,Morocco,1,11,Left Defensive Midfield,1,99.29935,99.29935,0,32,27,0,19,2,0,0,0,0,1,1,34,3,2,2,0,619.261098,174.324677,0.10140678
43,106,3869552,2022-12-14,France - Morocco,Semi-finals,2972,Marcus Thuram,771,France,788,Morocco,1,21,Left Wing,0,31.211433,99.29935,0,10,6,0,12,1,0,0,0,0,2,1,7,2,0,1,2,121.682943,114.013871,0.1156586
43,106,3869552,2022-12-14,France - Morocco,Semi-finals,22097,Randal Kolo Muani,771,France,788,Morocco,1,17,Right Wing,0,17.843883,99.29935,0,4,2,0,1,1,1,1,0,0,0,0,7,0,0,0,0,68.577033,4.393177,0.8521293
43,106,3869552,2022-12-14,France - Morocco,Semi-finals,3625,Sofiane Boufal,788,Morocco,771,France,0,21,Left Wing,1,69.428067,99.29935,0,20,14,0,19,1,0,0,0,0,0,0,13,2,0,2,3,349.209067,212.941083,0.03530084
43,106,3869552,2022-12-14,France - Morocco,Semi-finals,5219,Romain Saïss,788,Morocco,771,France,0,4,Center Back,1,20.6107,99.29935,0,17,16,0,14,0,0,0,0,0,0,0,2,0,0,0,0,435.71617,68.588779,0
43,106,3869552,2022-12-14,France - Morocco,Semi-finals,5234,Sofyan Amrabat,788,Morocco,771,France,0,9,Right Defensive Midfield,1,99.29935,99.29935,0,81,69,0,60,1,0,0,0,0,0,0,14,2,1,3,1,1850.007928,509.484234,0.02069132
43,106,3869552,2022-12-14,France - Morocco,Semi-finals,5237,Hakim Ziyech,788,Morocco,771,France,0,17,Right Wing,1,99.29935,99.29935,0,66,50,0,58,1,0,0,0,0,4,0,11,0,1,0,3,1418.794846,340.741857,0.06111174
43,106,3869552,2022-12-14,France - Morocco,Semi-finals,5245,Achraf Hakimi Mouh,788,Morocco,771,France,0,7,Right Wing Back,1,99.29935,99.29935,0,72,63,0,60,1,0,0,0,0,0,0,19,4,1,1,3,1047.086667,346.686887,0.02059728
43,106,3869552,2022-12-14,France - Morocco,Semi-finals,6301,Youssef En-Nesyri,788,Morocco,771,France,0,23,Center Forward,1,69.048967,99.29935,0,3,3,0,1,0,0,0,0,0,1,0,10,0,0,0,0,34.563341,0,0
43,106,3869552,2022-12-14,France - Morocco,Semi-finals,6785,Yassine Bounou,788,Morocco,771,France,0,1,Goalkeeper,1,99.29935,99.29935,0,31,30,0,17,0,0,0,0,0,0,0,0,0,0,0,0,785.993199,110.774635,0
43,106,3869552,2022-12-14,France - Morocco,Semi-finals,7459,Jawad El Yamiq,788,Morocco,771,France,0,5,Left Center Back,1,99.29935,99.29935,0,95,90,0,73,1,1,0,0,0,0,0,3,1,0,0,1,1786.503733,336.522736,0.06408756
43,106,3869552,2022-12-14,France - Morocco,Semi-finals,15890,Noussair Mazraoui,788,Morocco,771,France,0,8,Left Wing Back,1,48.3312,99.29935,0,22,20,0,15,0,0,0,0,0,1,0,3,2,0,0,0,415.012234,62.010193,0
43,106,3869552,2022-12-14,France - Morocco,Semi-finals,46258,Azzedine Ounahi,788,Morocco,771,France,0,11,Left Defensive Midfield,1,99.29935,99.29935,0,80,68,0,72,4,1,0,0,0,4,3,9,1,0,0,2,1482.399957,534.755216,0.18851586
43,106,3869552,2022-12-14,France - Morocco,Semi-finals,139016,Achraf Dari,788,Morocco,771,France,0,3,Right Center Back,1,99.29935,99.29935,0,69,63,0,53,0,0,0,0,0,0,0,10,1,1,2,0,1513.508475,204.486342,0
43,106,3869552,2022-12-14,France - Morocco,Semi-finals,21736,Zakaria Aboukhlal,788,Morocco,771,France,0,21,Left Wing,0,29.871283,99.29935,0,3,2,0,5,1,0,0,0,0,1,0,3,0,0,0,0,40.008779,17.005777,0.02493918
43,106,3869552,2022-12-14,France - Morocco,Semi-finals,23774,Selim Amallah,788,Morocco,771,France,0,13,Right Center Midfield,0,60.243867,99.29935,0,20,16,0,21,0,0,0,0,0,2,2,11,4,0,3,0,324.452626,108.548982,0
43,106,3869552,2022-12-14,France - Morocco,Semi-finals,31295,Yahia Attiyat allah,788,Morocco,771,France,0,6,Left Back,0,50.96815,99.29935,0,26,19,1,19,1,0,0,0,0,0,0,5,1,0,3,0,503.904955,103.947415,0.24936919
43,106,3869552,2022-12-14,France - Morocco,Semi-finals,59493,Abderrazak Hamdallah,788,Morocco,771,France,0,23,Center Forward,0,30.250383,99.29935,0,6,2,0,8,1,0,0,0,0,1,1,3,0,0,0,1,77.288647,63.542369,0.50624365
43,106,3869552,2022-12-14,France - Morocco,Semi-finals,149714,Abdessamad Ezzalzouli,788,Morocco,771,France,0,16,Left Midfield,0,18.444783,99.29935,0,4,4,0,4,1,0,0,0,0,1,1,2,0,0,0,0,61.035646,87.235503,0.05950738
43,106,3869684,2022-12-17,Croatia - Morocco,3rd Place Final,5456,Mateo Kovačić,785,Croatia,788,Morocco,1,11,Left Defensive Midfield,1,98.11175,98.11175,0,69,63,0,62,1,0,0,0,0,4,3,19,4,0,0,3,1552.797324,291.321792,0.23560598
43,106,3869684,2022-12-17,Croatia - Morocco,3rd Place Final,5460,Andrej Kramarić,785,Croatia,788,Morocco,1,19,Center Attacking Midfield,1,63.02095,98.11175,0,16,12,0,13,1,1,0,0,0,0,0,3,0,0,0,1,217.945742,77.46274,0.13429043
43,106,3869684,2022-12-17,Croatia - Morocco,3rd Place Final,5463,Luka Modrić,785,Croatia,788,Morocco,1,9,Right Defensive Midfield,1,98.11175,98.11175,0,74,64,0,50,1,1,0,0,0,1,0,13,1,3,0,2,1502.212343,276.082146,0.07012748
43,106,3869684,2022-12-17,Croatia - Morocco,3rd Place Final,5474,Ivan Perišić,785,Croatia,788,Morocco,1,6,Left Back,1,98.11175,98.11175,0,50,41,0,31,0,0,0,0,1,1,1,8,3,2,0,0,943.308952,128.793031,0
43,106,3869684,2022-12-17,Croatia - Morocco,3rd Place Final,16527,Mislav Oršić,785,Croatia,788,Morocco,1,21,Left Wing,1,96.824917,98.11175,0,30,22,0,27,5,1,1,0,0,1,0,24,2,0,3,0,477.920966,178.831215,0.18818512
43,106,3869684,2022-12-17,Croatia - Morocco,3rd Place Final,16531,Dominik Livaković,785,Croatia,788,Morocco,1,1,Goalkeeper,1,98.11175,98.11175,0,33,29,2,15,0,0,0,0,0,0,0,0,0,0,0,0,1272.235422,72.270312,0
43,106,3869684,2022-12-17,Croatia - Morocco,3rd Place Final,22041,Marko Livaja,785,Croatia,788,Morocco,1,23,Center Forward,1,68.9183,98.11175,0,13,8,2,11,1,0,0,0,1,1,0,9,0,0,1,1,218.410456,49.353913,0.02019975
43,106,3869684,2022-12-17,Croatia - Morocco,3rd Place Final,28914,Lovro Majer,785,Croatia,788,Morocco,1,17,Right Wing,1,68.878467,98.11175,0,32,25,0,29,0,0,0,0,0,0,0,5,0,0,3,1,568.522199,183.904825,0
43,106,3869684,2022-12-17,Croatia - Morocco,3rd Place Final,33018,Joško Gvardiol,785,Croatia,788,Morocco,1,5,Left Center Back,1,98.11175,98.11175,0,67,61,1,57,1,1,1,0,0,0,0,6,0,2,3,0,1528.751894,309.30574,0.1243582
43,106,3869684,2022-12-17,Croatia - Morocco,3rd Place Final,37148,Josip Šutalo,785,Croatia,788,Morocco,1,3,Right Center Back,1,98.11175,98.11175,0,66,62,0,56,0,0,0,0,0,0,0,1,0,0,0,0,1452.60919,202.458487,0
43,106,3869684,2022-12-17,Croatia - Morocco,3rd Place Final,49337,Josip Stanišić,785,Croatia,788,Morocco,1,2,Right Back,1,98.11175,98.11175,0,49,36,0,33,1,0,0,0,0,0,0,8,3,1,1,3,944.840797,161.656684,0.04052476
43,106,3869684,2022-12-17,Croatia - Morocco,3rd Place Final,3441,Nikola Vlašić,785,Croatia,788,Morocco,1,17,Right Wing,0,35.0908,98.11175,0,8,5,0,6,1,0,0,0,0,1,1,5,1,0,0,0,175.503087,62.779686,0.03597725
43,106,3869684,2022-12-17,Croatia - Morocco,3rd Place Final,7693,Bruno Petković,785,Croatia,788,Morocco,1,23,Center Forward,0,29.19345,98.11175,0,13,4,1,11,0,0,0,0,0,0,0,6,1,0,2,4,242.326601,45.760531,0
43,106,3869684,2022-12-17,Croatia - Morocco,3rd Place Final,11603,Mario Pašalić,785,Croatia,788,Morocco,1,19,Center Attacking Midfield,0,29.233283,98.11175,0,8,7,0,9,0,0,0,0,0,1,0,6,1,0,1,0,162.893374,46.811611,0
43,106,3869684,2022-12-17,Croatia - Morocco,3rd Place Final,32602,Kristijan Jakić,785,Croatia,788,Morocco,1,21,Left Wing,0,1.286833,98.11175,0,0,0,0,0,0,0,0,0,0,0,0,0,0,0,0,0,0,0,0
43,106,3869684,2022-12-17,Croatia - Morocco,3rd Place Final,3625,Sofiane Boufal,788,Morocco,785,Croatia,0,21,Left Wing,1,65.236183,98.11175,0,23,18,0,21,1,0,0,0,0,2,1,13,2,0,1,0,391.108234,181.569925,0.08611878
43,106,3869684,2022-12-17,Croatia - Morocco,3rd Place Final,3634,Abdelhamid Sabiri,788,Morocco,785,Croatia,0,15,Left Center Midfield,1,46.9512,98.11175,0,10,9,0,11,0,0,0,0,0,1,0,9,1,0,1,2,170.698754,101.387968,0
43,106,3869684,2022-12-17,Croatia - Morocco,3rd Place Final,5234,Sofyan Amrabat,788,Morocco,785,Croatia,0,10,Center Defensive Midfield,1,98.11175,98.11175,0,52,45,0,40,0,0,0,0,0,0,0,13,1,1,2,0,1171.416911,317.350954,0
43,106,3869684,2022-12-17,Croatia - Morocco,3rd Place Final,5237,Hakim Ziyech,788,Morocco,785,Croatia,0,17,Right Wing,1,98.11175,98.11175,0,66,50,0,60,2,0,0,0,0,6,4,15,1,4,1,1,1421.952297,359.913997,0.03638546
43,106,3869684,2022-12-17,Croatia - Morocco,3rd Place Final,5245,Achraf Hakimi Mouh,788,Morocco,785,Croatia,0,2,Right Back,1,98.11175,98.11175,0,73,63,0,53,0,0,0,0,0,0,0,17,2,2,2,1,1186.438346,243.281027,0
43,106,3869684,2022-12-17,Croatia - Morocco,3rd Place Final,6301,Youssef En-Nesyri,788,Morocco,785,Croatia,0,23,Center Forward,1,98.11175,98.11175,0,12,9,0,8,5,1,0,0,0,0,0,12,0,0,2,0,180.467865,35.716321,0.45111438
43,106,3869684,2022-12-17,Croatia - Morocco,3rd Place Final,6785,Yassine Bounou,788,Morocco,785,Croatia,0,1,Goalkeeper,1,98.11175,98.11175,0,45,38,1,24,0,0,0,0,0,0,0,1,0,0,0,0,1291.658009,121.854756,0
43,106,3869684,2022-12-17,Croatia - Morocco,3rd Place Final,7459,Jawad El Yamiq,788,Morocco,785,Croatia,0,3,Right Center Back,1,68.751217,98.11175,0,35,31,0,32,0,0,0,0,0,0,0,4,0,1,1,2,690.858362,123.97505,0
43,106,3869684,2022-12-17,Croatia - Morocco,3rd Place Final,31295,Yahia Attiyat allah,788,Morocco,785,Croatia,0,6,Left Back,1,98.11175,98.11175,0,51,40,0,42,0,0,0,0,0,0,0,16,0,1,2,2,1009.394281,204.61266,0
43,106,3869684,2022-12-17,Croatia - Morocco,3rd Place Final,139016,Achraf Dari,788,Morocco,785,Croatia,0,5,Left Center Back,1,65.3588,98.11175,0,31,29,0,25,1,1,1,0,0,0,0,3,0,2,0,1,797.347701,98.442788,0.4178385
43,106,3869684,2022-12-17,Croatia - Morocco,3rd Place Final,156734,Bilal El Khannous,788,Morocco,785,Croatia,0,13,Right Center Midfield,1,56.991133,98.11175,0,24,20,0,20,0,0,0,0,0,0,0,13,0,0,0,1,405.654674,60.029777,0
43,106,3869684,2022-12-17,Croatia - Morocco,3rd Place Final,21214,Ilias Chair,788,Morocco,785,Croatia,0,17,Right Wing,0,51.16055,98.11175,0,15,13,0,15,0,0,0,0,0,1,0,8,1,1,0,0,280.503552,98.53017,0
43,106,3869684,2022-12-17,Croatia - Morocco,3rd Place Final,23774,Selim Amallah,788,Morocco,785,Croatia,0,15,Left Center Midfield,0,29.360533,98.11175,0,16,11,0,17,0,0,0,0,0,1,1,8,2,3,2,2,357.488377,98.894146,0
43,106,3869684,2022-12-17,Croatia - Morocco,3rd Place Final,46258,Azzedine Ounahi,788,Morocco,785,Croatia,0,15,Left Center Midfield,0,41.120617,98.11175,0,26,24,0,25,0,0,0,0,0,1,1,5,0,0,0,2,437.88222,174.111004,0
43,106,3869684,2022-12-17,Croatia - Morocco,3rd Place Final,67700,Badr Banoun,788,Morocco,785,Croatia,0,5,Left Center Back,0,32.75295,98.11175,0,21,21,0,19,0,0,0,0,0,0,0,4,0,1,1,0,485.148923,113.203343,0
43,106,3869684,2022-12-17,Croatia - Morocco,3rd Place Final,131037,Anass Zaroury,788,Morocco,785,Croatia,0,21,Left Wing,0,32.875567,98.11175,0,12,10,0,8,0,0,0,0,0,1,0,3,0,0,0,0,192.300511,44.691849,0
43,106,3869685,2022-12-18,Argentina - France,Final,3009,Kylian Mbappé Lottin,771,France,779,Argentina,0,21,Left Wing,1,141.410167,141.410167,1,27,19,0,37,6,3,3,0,0,11,6,9,0,0,1,0,494.248971,294.358679,1.78255367
43,106,3869685,2022-12-18,Argentina - France,Final,3026,Adrien Rabiot,771,France,779,Argentina,0,11,Left Defensive Midfield,1,111.380683,141.410167,1,51,43,0,33,1,1,0,0,0,0,0,20,0,3,3,4,783.978699,197.919692,0.09333491
43,106,3869685,2022-12-18,Argentina - France,Final,3099,Hugo Lloris,771,France,779,Argentina,0,1,Goalkeeper,1,141.410167,141.410167,1,41,23,0,10,0,0,0,0,0,0,0,0,0,0,0,1,2162.343714,50.594073,0
43,106,3869685,2022-12-18,Argentina - France,Final,3604,Olivier Giroud,771,France,779,Argentina,0,23,Center Forward,1,41.024933,141.410167,1,9,5,0,2,0,0,0,0,0,0,0,7,1,0,1,1,94.318369,2.060108,0
43,106,3869685,2022-12-18,Argentina - France,Final,4445,Jules Koundé,771,France,779,Argentina,0,2,Right Back,1,137.882733,141.410167,1,67,52,1,45,0,0,0,0,0,2,1,20,4,1,2,1,1210.026594,259.4575,0
43,106,3869685,2022-12-18,Argentina - France,Final,5477,Ousmane Dembélé,771,France,779,Argentina,0,17,Right Wing,1,40.54285,141.410167,1,13,9,0,9,0,0,0,0,0,1,0,7,0,0,1,0,198.283564,52.179129,0
43,106,3869685,2022-12-18,Argentina - France,Final,5485,Raphaël Varane,771,France,779,Argentina,0,3,Right Center Back,1,129.753967,141.410167,1,61,55,0,50,0,0,0,0,0,0,0,5,0,2,0,1,1420.588479,498.009636,0
43,106,3869685,2022-12-18,Argentina - France,Final,5487,Antoine Griezmann,771,France,779,Argentina,0,19,Center Attacking Midfield,1,78.07145,141.410167,1,30,21,1,17,0,0,0,0,0,1,0,13,4,2,0,1,632.95784,50.784528,0
43,106,3869685,2022-12-18,Argentina - France,Final,6704,Theo Bernard François Hernández,771,France,779,Argentina,0,6,Left Back,1,78.041667,141.410167,1,49,38,1,33,0,0,0,0,0,2,2,6,3,0,2,3,893.564914,140.053984,0
43,106,3869685,2022-12-18,Argentina - France,Final,8519,Dayotchanculle Upamecano,771,France,779,Argentina,0,5,Left Center Back,1,141.410167,141.410167,1,64,51,1,53,0,0,0,0,0,0,0,11,2,1,1,0,1733.678284,355.076379,0
43,106,3869685,2022-12-18,Argentina - France,Final,10481,Aurélien Djani Tchouaméni,771,France,779,Argentina,0,9,Right Defensive Midfield,1,141.410167,141.410167,1,69,56,0,49,0,0,0,0,0,2,2,14,1,5,2,2,1371.181676,315.786484,0
43,106,3869685,2022-12-18,Argentina - France,Final,2972,Marcus Thuram,771,France,779,Argentina,0,21,Left Wing,0,100.385233,141.410167,1,22,15,0,23,0,0,0,0,1,4,2,20,1,0,2,1,388.233677,134.628209,0
43,106,3869685,2022-12-18,Argentina - France,Final,7439,Axel Disasi,771,France,779,Argentina,0,2,Right Back,0,3.527433,141.410167,1,0,0,0,0,0,0,0,0,0,0,0,0,0,0,0,0,0,0,0
43,106,3869685,2022-12-18,Argentina - France,Final,8217,Kingsley Coman,771,France,779,Argentina,0,19,Center Attacking Midfield,0,63.338717,141.410167,1,15,5,0,17,0,0,0,0,0,4,4,17,3,0,0,3,391.912195,125.367935,0
43,106,3869685,2022-12-18,Argentina - France,Final,11135,Ibrahima Konaté,771,France,779,Argentina,0,3,Right Center Back,0,11.6562,141.410167,1,2,1,0,2,0,0,0,0,0,0,0,1,0,1,0,0,44.775584,12.584194,0
43,106,3869685,2022-12-18,Argentina - France,Final,11990,Youssouf Fofana,771,France,779,Argentina,0,11,Left Defensive Midfield,0,30.029483,141.410167,1,11,9,0,9,1,0,0,0,0,0,0,5,1,0,0,1,229.17626,76.773082,0.02303165
43,106,3869685,2022-12-18,Argentina - France,Final,22097,Randal Kolo Muani,771,France,779,Argentina,0,17,Right Wing,0,100.867317,141.410167,1,15,11,0,20,2,1,0,0,0,4,1,29,6,0,3,4,175.055856,154.932917,0.37369772
43,106,3869685,2022-12-18,Argentina - France,Final,24778,Eduardo Camavinga,771,France,779,Argentina,0,6,Left Back,0,63.3685,141.410167,1,24,21,0,18,0,0,0,0,0,2,1,10,5,0,1,3,435.419498,63.62878,0
43,106,3869685,2022-12-18,Argentina - France,Final,2995,Ángel Fabián Di María Hernández,779,Argentina,771,France,1,21,Left Wing,1,71.44165,141.410167,1,29,25,0,34,2,1,1,0,0,8,5,5,0,2,0,3,664.317184,226.956878,0.41020969
43,106,3869685,2022-12-18,Argentina - France,Final,3090,Nicolás Hernán Otamendi,779,Argentina,771,France,1,5,Left Center Back,1,141.410167,141.410167,1,75,69,0,56,0,0,0,0,0,0,0,4,0,1,2,0,1513.078527,219.642265,0
43,106,3869685,2022-12-18,Argentina - France,Final,5503,Lionel Andrés Messi Cuccittini,779,Argentina,771,France,1,17,Right Wing,1,141.410167,141.410167,1,60,49,0,53,5,4,2,0,0,3,0,17,2,0,2,2,1317.097062,471.802918,1.45527974
43,106,3869685,2022-12-18,Argentina - France,Final,5507,Nicolás Alejandro Tagliafico,779,Argentina,771,France,1,6,Left Back,1,138.055,141.410167,1,56,44,0,32,0,0,0,0,0,0,0,19,7,2,3,2,895.99507,76.925446,0
43,106,3869685,2022-12-18,Argentina - France,Final,6909,Damián Emiliano Martínez,779,Argentina,771,France,1,1,Goalkeeper,1,141.410167,141.410167,1,33,18,3,13,0,0,0,0,0,0,0,0,0,0,0,0,1432.668974,57.076339,0
43,106,3869685,2022-12-18,Argentina - France,Final,7797,Rodrigo Javier De Paul,779,Argentina,771,France,1,13,Right Center Midfield,1,117.832667,141.410167,1,68,57,0,58,2,1,0,0,0,4,1,11,1,2,2,6,1294.0745,229.737464,0.10302961
43,106,3869685,2022-12-18,Argentina - France,Final,20572,Cristian Gabriel Romero,779,Argentina,771,France,1,3,Right Center Back,1,141.410167,141.410167,1,71,60,1,46,0,0,0,0,0,0,0,13,1,2,3,1,1693.676148,212.45537,0
43,106,3869685,2022-12-18,Argentina - France,Final,27886,Alexis Mac Allister,779,Argentina,771,France,1,15,Left Center Midfield,1,132.65505,141.410167,1,52,45,0,49,3,1,0,0,1,2,2,7,2,0,0,3,801.531814,250.822655,0.05437934
43,106,3869685,2022-12-18,Argentina - France,Final,29201,Nahuel Molina Lucero,779,Argentina,771,France,1,2,Right Back,1,106.208167,141.410167,1,56,39,0,26,0,0,0,0,0,0,0,12,1,1,0,0,958.651138,96.864761,0
43,106,3869685,2022-12-18,Argentina - France,Final,29560,Julián Álvarez,779,Argentina,771,France,1,23,Center Forward,1,118.029433,141.410167,1,32,26,0,17,1,1,0,0,0,0,0,27,0,2,8,0,455.158632,131.602145,0.05953379
43,106,3869685,2022-12-18,Argentina - France,Final,38718,Enzo Fernandez,779,Argentina,771,France,1,10,Center Defensive Midfield,1,141.410167,141.410167,1,94,79,2,73,2,1,0,0,0,1,1,30,9,1,4,0,1780.395254,297.362626,0.07174936
43,106,3869685,2022-12-18,Argentina - France,Final,5743,Paulo Bruno Exequiel Dybala,779,Argentina,771,France,1,15,Left Center Midfield,0,3.355167,141.410167,1,3,1,0,3,0,0,0,0,0,0,0,0,0,0,0,0,38.17627,9.200227,0
43,106,3869685,2022-12-18,Argentina - France,Final,7161,Germán Alejandro Pezzella,779,Argentina,771,France,1,4,Center Back,0,8.755117,141.410167,1,1,1,0,1,0,0,0,0,0,0,0,0,0,0,0,0,18.220043,0.5,0
43,106,3869685,2022-12-18,Argentina - France,Final,11456,Lautaro Javier Martínez,779,Argentina,771,France,1,23,Center Forward,0,23.380733,141.410167,1,7,5,0,7,4,1,0,0,0,0,0,2,0,0,0,0,62.932389,27.414423,0.58352003
43,106,3869685,2022-12-18,Argentina - France,Final,16308,Leandro Daniel Paredes,779,Argentina,771,France,1,10,Center Defensive Midfield,0,23.5775,141.410167,1,15,15,0,10,0,0,0,0,0,0,0,5,1,0,1,0,281.049523,66.599847,0
43,106,3869685,2022-12-18,Argentina - France,Final,19597,Marcos Javier Acuña,779,Argentina,771,France,1,21,Left Wing,0,69.968517,141.410167,1,28,19,0,24,0,0,0,0,0,2,0,10,1,0,2,0,559.046995,139.699373,0
43,106,3869685,2022-12-18,Argentina - France,Final,28263,Gonzalo Ariel Montiel,779,Argentina,771,France,1,2,Right Back,0,35.202,141.410167,1,13,8,0,11,1,0,0,0,0,1,0,5,1,0,2,1,210.149771,49.802535,0.02060436
